framework,version,algorithm,run,time_s,repetition,dataset_size,data_type
c,standard,2mm,1,0.000020,1,MINI,DOUBLE
c,standard,2mm,2,0.000019,1,MINI,DOUBLE
c,standard,2mm,3,0.000019,1,MINI,DOUBLE
c,standard,2mm,4,0.000030,1,MINI,DOUBLE
c,standard,2mm,5,0.000019,1,MINI,DOUBLE
c,standard,3mm,1,0.000032,1,MINI,DOUBLE
c,standard,3mm,2,0.000031,1,MINI,DOUBLE
c,standard,3mm,3,0.000044,1,MINI,DOUBLE
c,standard,3mm,4,0.000032,1,MINI,DOUBLE
c,standard,3mm,5,0.000032,1,MINI,DOUBLE
c,standard,adi,1,0.000128,1,MINI,DOUBLE
c,standard,adi,2,0.000128,1,MINI,DOUBLE
c,standard,adi,3,0.000128,1,MINI,DOUBLE
c,standard,adi,4,0.000127,1,MINI,DOUBLE
c,standard,adi,5,0.000128,1,MINI,DOUBLE
c,standard,atax,1,0.000003,1,MINI,DOUBLE
c,standard,atax,2,0.000003,1,MINI,DOUBLE
c,standard,atax,3,0.000003,1,MINI,DOUBLE
c,standard,atax,4,0.000003,1,MINI,DOUBLE
c,standard,atax,5,0.000004,1,MINI,DOUBLE
c,standard,bicg,1,0.000006,1,MINI,DOUBLE
c,standard,bicg,2,0.000006,1,MINI,DOUBLE
c,standard,bicg,3,0.000007,1,MINI,DOUBLE
c,standard,bicg,4,0.000006,1,MINI,DOUBLE
c,standard,bicg,5,0.000007,1,MINI,DOUBLE
c,standard,cholesky,1,0.000015,1,MINI,DOUBLE
c,standard,cholesky,2,0.000015,1,MINI,DOUBLE
c,standard,cholesky,3,0.000015,1,MINI,DOUBLE
c,standard,cholesky,4,0.000016,1,MINI,DOUBLE
c,standard,cholesky,5,0.000015,1,MINI,DOUBLE
c,standard,correlation,1,0.000025,1,MINI,DOUBLE
c,standard,correlation,2,0.000024,1,MINI,DOUBLE
c,standard,correlation,3,0.000024,1,MINI,DOUBLE
c,standard,correlation,4,0.000024,1,MINI,DOUBLE
c,standard,correlation,5,0.000023,1,MINI,DOUBLE
c,standard,covariance,1,0.000036,1,MINI,DOUBLE
c,standard,covariance,2,0.000034,1,MINI,DOUBLE
c,standard,covariance,3,0.000034,1,MINI,DOUBLE
c,standard,covariance,4,0.000036,1,MINI,DOUBLE
c,standard,covariance,5,0.000034,1,MINI,DOUBLE
c,standard,deriche,1,0.000139,1,MINI,DOUBLE
c,standard,deriche,2,0.000137,1,MINI,DOUBLE
c,standard,deriche,3,0.000137,1,MINI,DOUBLE
c,standard,deriche,4,0.000138,1,MINI,DOUBLE
c,standard,deriche,5,0.000138,1,MINI,DOUBLE
c,standard,doitgen,1,0.000012,1,MINI,DOUBLE
c,standard,doitgen,2,0.000012,1,MINI,DOUBLE
c,standard,doitgen,3,0.000012,1,MINI,DOUBLE
c,standard,doitgen,4,0.000011,1,MINI,DOUBLE
c,standard,doitgen,5,0.000012,1,MINI,DOUBLE
c,standard,durbin,1,0.000004,1,MINI,DOUBLE
c,standard,durbin,2,0.000004,1,MINI,DOUBLE
c,standard,durbin,3,0.000004,1,MINI,DOUBLE
c,standard,durbin,4,0.000003,1,MINI,DOUBLE
c,standard,durbin,5,0.000004,1,MINI,DOUBLE
c,standard,fdtd-2d,1,0.000018,1,MINI,DOUBLE
c,standard,fdtd-2d,2,0.000037,1,MINI,DOUBLE
c,standard,fdtd-2d,3,0.000028,1,MINI,DOUBLE
c,standard,fdtd-2d,4,0.000028,1,MINI,DOUBLE
c,standard,fdtd-2d,5,0.000018,1,MINI,DOUBLE
c,standard,floyd-warshall,1,0.000245,1,MINI,DOUBLE
c,standard,floyd-warshall,2,0.000253,1,MINI,DOUBLE
c,standard,floyd-warshall,3,0.000245,1,MINI,DOUBLE
c,standard,floyd-warshall,4,0.000258,1,MINI,DOUBLE
c,standard,floyd-warshall,5,0.000245,1,MINI,DOUBLE
c,standard,gemm,1,0.000005,1,MINI,DOUBLE
c,standard,gemm,2,0.000005,1,MINI,DOUBLE
c,standard,gemm,3,0.000005,1,MINI,DOUBLE
c,standard,gemm,4,0.000005,1,MINI,DOUBLE
c,standard,gemm,5,0.000005,1,MINI,DOUBLE
c,standard,gemver,1,0.000006,1,MINI,DOUBLE
c,standard,gemver,2,0.000006,1,MINI,DOUBLE
c,standard,gemver,3,0.000006,1,MINI,DOUBLE
c,standard,gemver,4,0.000007,1,MINI,DOUBLE
c,standard,gemver,5,0.000006,1,MINI,DOUBLE
c,standard,gesummv,1,0.000004,1,MINI,DOUBLE
c,standard,gesummv,2,0.000004,1,MINI,DOUBLE
c,standard,gesummv,3,0.000004,1,MINI,DOUBLE
c,standard,gesummv,4,0.000004,1,MINI,DOUBLE
c,standard,gesummv,5,0.000004,1,MINI,DOUBLE
c,standard,gramschmidt,1,0.000024,1,MINI,DOUBLE
c,standard,gramschmidt,2,0.000021,1,MINI,DOUBLE
c,standard,gramschmidt,3,0.000021,1,MINI,DOUBLE
c,standard,gramschmidt,4,0.000021,1,MINI,DOUBLE
c,standard,gramschmidt,5,0.000022,1,MINI,DOUBLE
c,standard,heat-3d,1,0.000035,1,MINI,DOUBLE
c,standard,heat-3d,2,0.000036,1,MINI,DOUBLE
c,standard,heat-3d,3,0.000036,1,MINI,DOUBLE
c,standard,heat-3d,4,0.000035,1,MINI,DOUBLE
c,standard,heat-3d,5,0.000037,1,MINI,DOUBLE
c,standard,jacobi-1d,1,0.000002,1,MINI,DOUBLE
c,standard,jacobi-1d,2,0.000001,1,MINI,DOUBLE
c,standard,jacobi-1d,3,0.000001,1,MINI,DOUBLE
c,standard,jacobi-1d,4,0.000001,1,MINI,DOUBLE
c,standard,jacobi-1d,5,0.000000,1,MINI,DOUBLE
c,standard,jacobi-2d,1,0.000034,1,MINI,DOUBLE
c,standard,jacobi-2d,2,0.000035,1,MINI,DOUBLE
c,standard,jacobi-2d,3,0.000035,1,MINI,DOUBLE
c,standard,jacobi-2d,4,0.000034,1,MINI,DOUBLE
c,standard,jacobi-2d,5,0.000035,1,MINI,DOUBLE
c,standard,lu,1,0.000030,1,MINI,DOUBLE
c,standard,lu,2,0.000030,1,MINI,DOUBLE
c,standard,lu,3,0.000030,1,MINI,DOUBLE
c,standard,lu,4,0.000030,1,MINI,DOUBLE
c,standard,lu,5,0.000031,1,MINI,DOUBLE
c,standard,ludcmp,1,0.000029,1,MINI,DOUBLE
c,standard,ludcmp,2,0.000030,1,MINI,DOUBLE
c,standard,ludcmp,3,0.000029,1,MINI,DOUBLE
c,standard,ludcmp,4,0.000029,1,MINI,DOUBLE
c,standard,ludcmp,5,0.000029,1,MINI,DOUBLE
c,standard,mvt,1,0.000005,1,MINI,DOUBLE
c,standard,mvt,2,0.000005,1,MINI,DOUBLE
c,standard,mvt,3,0.000005,1,MINI,DOUBLE
c,standard,mvt,4,0.000004,1,MINI,DOUBLE
c,standard,mvt,5,0.000005,1,MINI,DOUBLE
c,standard,nussinov,1,0.000114,1,MINI,DOUBLE
c,standard,nussinov,2,0.000115,1,MINI,DOUBLE
c,standard,nussinov,3,0.000114,1,MINI,DOUBLE
c,standard,nussinov,4,0.000114,1,MINI,DOUBLE
c,standard,nussinov,5,0.000114,1,MINI,DOUBLE
c,standard,seidel-2d,1,0.000347,1,MINI,DOUBLE
c,standard,seidel-2d,2,0.000346,1,MINI,DOUBLE
c,standard,seidel-2d,3,0.000360,1,MINI,DOUBLE
c,standard,seidel-2d,4,0.000357,1,MINI,DOUBLE
c,standard,seidel-2d,5,0.000356,1,MINI,DOUBLE
c,standard,symm,1,0.000025,1,MINI,DOUBLE
c,standard,symm,2,0.000014,1,MINI,DOUBLE
c,standard,symm,3,0.000014,1,MINI,DOUBLE
c,standard,symm,4,0.000014,1,MINI,DOUBLE
c,standard,symm,5,0.000014,1,MINI,DOUBLE
c,standard,syr2k,1,0.000015,1,MINI,DOUBLE
c,standard,syr2k,2,0.000015,1,MINI,DOUBLE
c,standard,syr2k,3,0.000015,1,MINI,DOUBLE
c,standard,syr2k,4,0.000014,1,MINI,DOUBLE
c,standard,syr2k,5,0.000015,1,MINI,DOUBLE
c,standard,syrk,1,0.000008,1,MINI,DOUBLE
c,standard,syrk,2,0.000008,1,MINI,DOUBLE
c,standard,syrk,3,0.000007,1,MINI,DOUBLE
c,standard,syrk,4,0.000007,1,MINI,DOUBLE
c,standard,syrk,5,0.000008,1,MINI,DOUBLE
c,standard,trisolv,1,0.000002,1,MINI,DOUBLE
c,standard,trisolv,2,0.000001,1,MINI,DOUBLE
c,standard,trisolv,3,0.000002,1,MINI,DOUBLE
c,standard,trisolv,4,0.000002,1,MINI,DOUBLE
c,standard,trisolv,5,0.000001,1,MINI,DOUBLE
c,standard,trmm,1,0.000008,1,MINI,DOUBLE
c,standard,trmm,2,0.000009,1,MINI,DOUBLE
c,standard,trmm,3,0.000008,1,MINI,DOUBLE
c,standard,trmm,4,0.000007,1,MINI,DOUBLE
c,standard,trmm,5,0.000008,1,MINI,DOUBLE
polly,standard,2mm,1,0.000996,1,MINI,DOUBLE
polly,standard,2mm,2,0.000665,1,MINI,DOUBLE
polly,standard,2mm,3,0.000753,1,MINI,DOUBLE
polly,standard,2mm,4,0.000861,1,MINI,DOUBLE
polly,standard,2mm,5,0.000859,1,MINI,DOUBLE
polly,standard,3mm,1,0.001694,1,MINI,DOUBLE
polly,standard,3mm,2,0.002063,1,MINI,DOUBLE
polly,standard,3mm,3,0.001426,1,MINI,DOUBLE
polly,standard,3mm,4,0.002011,1,MINI,DOUBLE
polly,standard,3mm,5,0.001737,1,MINI,DOUBLE
polly,standard,adi,1,0.000101,1,MINI,DOUBLE
polly,standard,adi,2,0.000100,1,MINI,DOUBLE
polly,standard,adi,3,0.000100,1,MINI,DOUBLE
polly,standard,adi,4,0.000100,1,MINI,DOUBLE
polly,standard,adi,5,0.000100,1,MINI,DOUBLE
polly,standard,atax,1,0.000006,1,MINI,DOUBLE
polly,standard,atax,2,0.000005,1,MINI,DOUBLE
polly,standard,atax,3,0.000004,1,MINI,DOUBLE
polly,standard,atax,4,0.000005,1,MINI,DOUBLE
polly,standard,atax,5,0.000004,1,MINI,DOUBLE
polly,standard,bicg,1,0.000777,1,MINI,DOUBLE
polly,standard,bicg,2,0.000307,1,MINI,DOUBLE
polly,standard,bicg,3,0.000478,1,MINI,DOUBLE
polly,standard,bicg,4,0.000534,1,MINI,DOUBLE
polly,standard,bicg,5,0.000552,1,MINI,DOUBLE
polly,standard,cholesky,1,0.000018,1,MINI,DOUBLE
polly,standard,cholesky,2,0.000016,1,MINI,DOUBLE
polly,standard,cholesky,3,0.000017,1,MINI,DOUBLE
polly,standard,cholesky,4,0.000016,1,MINI,DOUBLE
polly,standard,cholesky,5,0.000017,1,MINI,DOUBLE
polly,standard,correlation,1,0.000566,1,MINI,DOUBLE
polly,standard,correlation,2,0.000586,1,MINI,DOUBLE
polly,standard,correlation,3,0.000365,1,MINI,DOUBLE
polly,standard,correlation,4,0.000577,1,MINI,DOUBLE
polly,standard,correlation,5,0.000797,1,MINI,DOUBLE
polly,standard,covariance,1,0.000019,1,MINI,DOUBLE
polly,standard,covariance,2,0.000018,1,MINI,DOUBLE
polly,standard,covariance,3,0.000032,1,MINI,DOUBLE
polly,standard,covariance,4,0.000018,1,MINI,DOUBLE
polly,standard,covariance,5,0.000018,1,MINI,DOUBLE
polly,standard,deriche,1,0.000622,1,MINI,DOUBLE
polly,standard,deriche,2,0.000678,1,MINI,DOUBLE
polly,standard,deriche,3,0.000650,1,MINI,DOUBLE
polly,standard,deriche,4,0.001065,1,MINI,DOUBLE
polly,standard,deriche,5,0.000733,1,MINI,DOUBLE
polly,standard,doitgen,1,0.020659,1,MINI,DOUBLE
polly,standard,doitgen,2,0.009603,1,MINI,DOUBLE
polly,standard,doitgen,3,0.019299,1,MINI,DOUBLE
polly,standard,doitgen,4,0.022016,1,MINI,DOUBLE
polly,standard,doitgen,5,0.032586,1,MINI,DOUBLE
polly,standard,durbin,1,0.000004,1,MINI,DOUBLE
polly,standard,durbin,2,0.000004,1,MINI,DOUBLE
polly,standard,durbin,3,0.000005,1,MINI,DOUBLE
polly,standard,durbin,4,0.000005,1,MINI,DOUBLE
polly,standard,durbin,5,0.000005,1,MINI,DOUBLE
polly,standard,fdtd-2d,1,0.000105,1,MINI,DOUBLE
polly,standard,fdtd-2d,2,0.000103,1,MINI,DOUBLE
polly,standard,fdtd-2d,3,0.000112,1,MINI,DOUBLE
polly,standard,fdtd-2d,4,0.000101,1,MINI,DOUBLE
polly,standard,fdtd-2d,5,0.000112,1,MINI,DOUBLE
polly,standard,floyd-warshall,1,0.000212,1,MINI,DOUBLE
polly,standard,floyd-warshall,2,0.000221,1,MINI,DOUBLE
polly,standard,floyd-warshall,3,0.000212,1,MINI,DOUBLE
polly,standard,floyd-warshall,4,0.000212,1,MINI,DOUBLE
polly,standard,floyd-warshall,5,0.000213,1,MINI,DOUBLE
polly,standard,gemm,1,0.000003,1,MINI,DOUBLE
polly,standard,gemm,2,0.000003,1,MINI,DOUBLE
polly,standard,gemm,3,0.000003,1,MINI,DOUBLE
polly,standard,gemm,4,0.000004,1,MINI,DOUBLE
polly,standard,gemm,5,0.000003,1,MINI,DOUBLE
polly,standard,gemver,1,0.000007,1,MINI,DOUBLE
polly,standard,gemver,2,0.000006,1,MINI,DOUBLE
polly,standard,gemver,3,0.000007,1,MINI,DOUBLE
polly,standard,gemver,4,0.000006,1,MINI,DOUBLE
polly,standard,gemver,5,0.000007,1,MINI,DOUBLE
polly,standard,gesummv,1,0.000520,1,MINI,DOUBLE
polly,standard,gesummv,2,0.000371,1,MINI,DOUBLE
polly,standard,gesummv,3,0.000559,1,MINI,DOUBLE
polly,standard,gesummv,4,0.000506,1,MINI,DOUBLE
polly,standard,gesummv,5,0.000671,1,MINI,DOUBLE
polly,standard,heat-3d,1,0.000318,1,MINI,DOUBLE
polly,standard,heat-3d,2,0.000319,1,MINI,DOUBLE
polly,standard,heat-3d,3,0.000318,1,MINI,DOUBLE
polly,standard,heat-3d,4,0.000318,1,MINI,DOUBLE
polly,standard,heat-3d,5,0.000318,1,MINI,DOUBLE
polly,standard,jacobi-1d,1,0.000002,1,MINI,DOUBLE
polly,standard,jacobi-1d,2,0.000002,1,MINI,DOUBLE
polly,standard,jacobi-1d,3,0.000002,1,MINI,DOUBLE
polly,standard,jacobi-1d,4,0.000002,1,MINI,DOUBLE
polly,standard,jacobi-1d,5,0.000002,1,MINI,DOUBLE
polly,standard,jacobi-2d,1,0.000114,1,MINI,DOUBLE
polly,standard,jacobi-2d,2,0.000114,1,MINI,DOUBLE
polly,standard,jacobi-2d,3,0.000112,1,MINI,DOUBLE
polly,standard,jacobi-2d,4,0.000113,1,MINI,DOUBLE
polly,standard,jacobi-2d,5,0.000112,1,MINI,DOUBLE
polly,standard,lu,1,0.019746,1,MINI,DOUBLE
polly,standard,lu,2,0.020743,1,MINI,DOUBLE
polly,standard,lu,3,0.020106,1,MINI,DOUBLE
polly,standard,lu,4,0.027575,1,MINI,DOUBLE
polly,standard,lu,5,0.024716,1,MINI,DOUBLE
polly,standard,ludcmp,1,0.009520,1,MINI,DOUBLE
polly,standard,ludcmp,2,0.011421,1,MINI,DOUBLE
polly,standard,ludcmp,3,0.011660,1,MINI,DOUBLE
polly,standard,ludcmp,4,0.009955,1,MINI,DOUBLE
polly,standard,ludcmp,5,0.010631,1,MINI,DOUBLE
polly,standard,mvt,1,0.000007,1,MINI,DOUBLE
polly,standard,mvt,2,0.000006,1,MINI,DOUBLE
polly,standard,mvt,3,0.000005,1,MINI,DOUBLE
polly,standard,mvt,4,0.000006,1,MINI,DOUBLE
polly,standard,mvt,5,0.000005,1,MINI,DOUBLE
polly,standard,nussinov,1,0.000067,1,MINI,DOUBLE
polly,standard,nussinov,2,0.000067,1,MINI,DOUBLE
polly,standard,nussinov,3,0.000068,1,MINI,DOUBLE
polly,standard,nussinov,4,0.000067,1,MINI,DOUBLE
polly,standard,nussinov,5,0.000067,1,MINI,DOUBLE
polly,standard,seidel-2d,1,0.000355,1,MINI,DOUBLE
polly,standard,seidel-2d,2,0.000356,1,MINI,DOUBLE
polly,standard,seidel-2d,3,0.000364,1,MINI,DOUBLE
polly,standard,seidel-2d,4,0.000356,1,MINI,DOUBLE
polly,standard,seidel-2d,5,0.000355,1,MINI,DOUBLE
polly,standard,symm,1,0.000341,1,MINI,DOUBLE
polly,standard,symm,2,0.000403,1,MINI,DOUBLE
polly,standard,symm,3,0.000356,1,MINI,DOUBLE
polly,standard,symm,4,0.000379,1,MINI,DOUBLE
polly,standard,symm,5,0.000251,1,MINI,DOUBLE
polly,standard,syr2k,1,0.000699,1,MINI,DOUBLE
polly,standard,syr2k,2,0.000801,1,MINI,DOUBLE
polly,standard,syr2k,3,0.000607,1,MINI,DOUBLE
polly,standard,syr2k,4,0.000614,1,MINI,DOUBLE
polly,standard,syr2k,5,0.000702,1,MINI,DOUBLE
polly,standard,syrk,1,0.007223,1,MINI,DOUBLE
polly,standard,syrk,2,0.005593,1,MINI,DOUBLE
polly,standard,syrk,3,0.005495,1,MINI,DOUBLE
polly,standard,syrk,4,0.007341,1,MINI,DOUBLE
polly,standard,syrk,5,0.006839,1,MINI,DOUBLE
polly,standard,trisolv,1,0.000004,1,MINI,DOUBLE
polly,standard,trisolv,2,0.000003,1,MINI,DOUBLE
polly,standard,trisolv,3,0.000003,1,MINI,DOUBLE
polly,standard,trisolv,4,0.000003,1,MINI,DOUBLE
polly,standard,trisolv,5,0.000003,1,MINI,DOUBLE
polly,standard,trmm,1,0.000009,1,MINI,DOUBLE
polly,standard,trmm,2,0.000008,1,MINI,DOUBLE
polly,standard,trmm,3,0.000009,1,MINI,DOUBLE
polly,standard,trmm,4,0.000009,1,MINI,DOUBLE
polly,standard,trmm,5,0.000008,1,MINI,DOUBLE
noarr,standard,2mm,1,0.000025,1,MINI,DOUBLE
noarr,standard,2mm,2,0.000024,1,MINI,DOUBLE
noarr,standard,2mm,3,0.000024,1,MINI,DOUBLE
noarr,standard,2mm,4,0.000026,1,MINI,DOUBLE
noarr,standard,2mm,5,0.000015,1,MINI,DOUBLE
noarr,standard,3mm,1,0.000092,1,MINI,DOUBLE
noarr,standard,3mm,2,0.000092,1,MINI,DOUBLE
noarr,standard,3mm,3,0.000092,1,MINI,DOUBLE
noarr,standard,3mm,4,0.000091,1,MINI,DOUBLE
noarr,standard,3mm,5,0.000071,1,MINI,DOUBLE
noarr,standard,adi,1,0.000118,1,MINI,DOUBLE
noarr,standard,adi,2,0.000118,1,MINI,DOUBLE
noarr,standard,adi,3,0.000120,1,MINI,DOUBLE
noarr,standard,adi,4,0.000119,1,MINI,DOUBLE
noarr,standard,adi,5,0.000123,1,MINI,DOUBLE
noarr,standard,atax,1,0.000002,1,MINI,DOUBLE
noarr,standard,atax,2,0.000002,1,MINI,DOUBLE
noarr,standard,atax,3,0.000002,1,MINI,DOUBLE
noarr,standard,atax,4,0.000002,1,MINI,DOUBLE
noarr,standard,atax,5,0.000002,1,MINI,DOUBLE
noarr,standard,bicg,1,0.000005,1,MINI,DOUBLE
noarr,standard,bicg,2,0.000005,1,MINI,DOUBLE
noarr,standard,bicg,3,0.000005,1,MINI,DOUBLE
noarr,standard,bicg,4,0.000005,1,MINI,DOUBLE
noarr,standard,bicg,5,0.000005,1,MINI,DOUBLE
noarr,standard,correlation,1,0.000024,1,MINI,DOUBLE
noarr,standard,correlation,2,0.000024,1,MINI,DOUBLE
noarr,standard,correlation,3,0.000013,1,MINI,DOUBLE
noarr,standard,correlation,4,0.000024,1,MINI,DOUBLE
noarr,standard,correlation,5,0.000032,1,MINI,DOUBLE
noarr,standard,covariance,1,0.000023,1,MINI,DOUBLE
noarr,standard,covariance,2,0.000012,1,MINI,DOUBLE
noarr,standard,covariance,3,0.000023,1,MINI,DOUBLE
noarr,standard,covariance,4,0.000023,1,MINI,DOUBLE
noarr,standard,covariance,5,0.000023,1,MINI,DOUBLE
noarr,standard,deriche,1,0.000059,1,MINI,DOUBLE
noarr,standard,deriche,2,0.000058,1,MINI,DOUBLE
noarr,standard,deriche,3,0.000058,1,MINI,DOUBLE
noarr,standard,deriche,4,0.000058,1,MINI,DOUBLE
noarr,standard,deriche,5,0.000058,1,MINI,DOUBLE
noarr,standard,doitgen,1,0.000009,1,MINI,DOUBLE
noarr,standard,doitgen,2,0.000009,1,MINI,DOUBLE
noarr,standard,doitgen,3,0.000009,1,MINI,DOUBLE
noarr,standard,doitgen,4,0.000009,1,MINI,DOUBLE
noarr,standard,doitgen,5,0.000009,1,MINI,DOUBLE
noarr,standard,durbin,1,0.000006,1,MINI,DOUBLE
noarr,standard,durbin,2,0.000005,1,MINI,DOUBLE
noarr,standard,durbin,3,0.000005,1,MINI,DOUBLE
noarr,standard,durbin,4,0.000005,1,MINI,DOUBLE
noarr,standard,durbin,5,0.000005,1,MINI,DOUBLE
noarr,standard,fdtd-2d,1,0.000027,1,MINI,DOUBLE
noarr,standard,fdtd-2d,2,0.000028,1,MINI,DOUBLE
noarr,standard,fdtd-2d,3,0.000028,1,MINI,DOUBLE
noarr,standard,fdtd-2d,4,0.000028,1,MINI,DOUBLE
noarr,standard,fdtd-2d,5,0.000028,1,MINI,DOUBLE
noarr,standard,floyd-warshall,1,0.000169,1,MINI,DOUBLE
noarr,standard,floyd-warshall,2,0.000169,1,MINI,DOUBLE
noarr,standard,floyd-warshall,3,0.000179,1,MINI,DOUBLE
noarr,standard,floyd-warshall,4,0.000169,1,MINI,DOUBLE
noarr,standard,floyd-warshall,5,0.000168,1,MINI,DOUBLE
noarr,standard,gemm,1,0.000006,1,MINI,DOUBLE
noarr,standard,gemm,2,0.000006,1,MINI,DOUBLE
noarr,standard,gemm,3,0.000006,1,MINI,DOUBLE
noarr,standard,gemm,4,0.000006,1,MINI,DOUBLE
noarr,standard,gemm,5,0.000006,1,MINI,DOUBLE
noarr,standard,gemver,1,0.000004,1,MINI,DOUBLE
noarr,standard,gemver,2,0.000004,1,MINI,DOUBLE
noarr,standard,gemver,3,0.000004,1,MINI,DOUBLE
noarr,standard,gemver,4,0.000004,1,MINI,DOUBLE
noarr,standard,gemver,5,0.000004,1,MINI,DOUBLE
noarr,standard,gesummv,1,0.000002,1,MINI,DOUBLE
noarr,standard,gesummv,2,0.000003,1,MINI,DOUBLE
noarr,standard,gesummv,3,0.000002,1,MINI,DOUBLE
noarr,standard,gesummv,4,0.000003,1,MINI,DOUBLE
noarr,standard,gesummv,5,0.000003,1,MINI,DOUBLE
noarr,standard,heat-3d,1,0.000038,1,MINI,DOUBLE
noarr,standard,heat-3d,2,0.000038,1,MINI,DOUBLE
noarr,standard,heat-3d,3,0.000039,1,MINI,DOUBLE
noarr,standard,heat-3d,4,0.000039,1,MINI,DOUBLE
noarr,standard,heat-3d,5,0.000039,1,MINI,DOUBLE
noarr,standard,jacobi-1d,1,0.000001,1,MINI,DOUBLE
noarr,standard,jacobi-1d,2,0.000001,1,MINI,DOUBLE
noarr,standard,jacobi-1d,3,0.000001,1,MINI,DOUBLE
noarr,standard,jacobi-1d,4,0.000001,1,MINI,DOUBLE
noarr,standard,jacobi-1d,5,0.000001,1,MINI,DOUBLE
noarr,standard,jacobi-2d,1,0.000035,1,MINI,DOUBLE
noarr,standard,jacobi-2d,2,0.000035,1,MINI,DOUBLE
noarr,standard,jacobi-2d,3,0.000042,1,MINI,DOUBLE
noarr,standard,jacobi-2d,4,0.000035,1,MINI,DOUBLE
noarr,standard,jacobi-2d,5,0.000036,1,MINI,DOUBLE
noarr,standard,ludcmp,1,0.000026,1,MINI,DOUBLE
noarr,standard,ludcmp,2,0.000026,1,MINI,DOUBLE
noarr,standard,ludcmp,3,0.000026,1,MINI,DOUBLE
noarr,standard,ludcmp,4,0.000026,1,MINI,DOUBLE
noarr,standard,ludcmp,5,0.000026,1,MINI,DOUBLE
noarr,standard,mvt,1,0.000003,1,MINI,DOUBLE
noarr,standard,mvt,2,0.000003,1,MINI,DOUBLE
noarr,standard,mvt,3,0.000003,1,MINI,DOUBLE
noarr,standard,mvt,4,0.000003,1,MINI,DOUBLE
noarr,standard,mvt,5,0.000003,1,MINI,DOUBLE
noarr,standard,seidel-2d,1,0.000324,1,MINI,DOUBLE
noarr,standard,seidel-2d,2,0.000328,1,MINI,DOUBLE
noarr,standard,seidel-2d,3,0.000336,1,MINI,DOUBLE
noarr,standard,seidel-2d,4,0.000328,1,MINI,DOUBLE
noarr,standard,seidel-2d,5,0.000323,1,MINI,DOUBLE
noarr,standard,symm,1,0.000010,1,MINI,DOUBLE
noarr,standard,symm,2,0.000010,1,MINI,DOUBLE
noarr,standard,symm,3,0.000010,1,MINI,DOUBLE
noarr,standard,symm,4,0.000010,1,MINI,DOUBLE
noarr,standard,symm,5,0.000010,1,MINI,DOUBLE
noarr,standard,syr2k,1,0.000050,1,MINI,DOUBLE
noarr,standard,syr2k,2,0.000050,1,MINI,DOUBLE
noarr,standard,syr2k,3,0.000049,1,MINI,DOUBLE
noarr,standard,syr2k,4,0.000049,1,MINI,DOUBLE
noarr,standard,syr2k,5,0.000049,1,MINI,DOUBLE
noarr,standard,syrk,1,0.000009,1,MINI,DOUBLE
noarr,standard,syrk,2,0.000009,1,MINI,DOUBLE
noarr,standard,syrk,3,0.000009,1,MINI,DOUBLE
noarr,standard,syrk,4,0.000009,1,MINI,DOUBLE
noarr,standard,syrk,5,0.000009,1,MINI,DOUBLE
noarr,standard,trmm,1,0.000003,1,MINI,DOUBLE
noarr,standard,trmm,2,0.000003,1,MINI,DOUBLE
noarr,standard,trmm,3,0.000003,1,MINI,DOUBLE
noarr,standard,trmm,4,0.000003,1,MINI,DOUBLE
noarr,standard,trmm,5,0.000003,1,MINI,DOUBLE
noarr,standard,2mm,1,0.000006,2,MINI,DOUBLE
noarr,standard,2mm,2,0.000006,2,MINI,DOUBLE
noarr,standard,2mm,3,0.000006,2,MINI,DOUBLE
noarr,standard,2mm,4,0.000006,2,MINI,DOUBLE
noarr,standard,2mm,5,0.000006,2,MINI,DOUBLE
noarr,standard,3mm,1,0.000077,2,MINI,DOUBLE
noarr,standard,3mm,2,0.000057,2,MINI,DOUBLE
noarr,standard,3mm,3,0.000058,2,MINI,DOUBLE
noarr,standard,3mm,4,0.000058,2,MINI,DOUBLE
noarr,standard,3mm,5,0.000100,2,MINI,DOUBLE
noarr,standard,atax,1,0.000002,2,MINI,DOUBLE
noarr,standard,atax,2,0.000002,2,MINI,DOUBLE
noarr,standard,atax,3,0.000002,2,MINI,DOUBLE
noarr,standard,atax,4,0.000002,2,MINI,DOUBLE
noarr,standard,atax,5,0.000002,2,MINI,DOUBLE
noarr,standard,bicg,1,0.000005,2,MINI,DOUBLE
noarr,standard,bicg,2,0.000005,2,MINI,DOUBLE
noarr,standard,bicg,3,0.000005,2,MINI,DOUBLE
noarr,standard,bicg,4,0.000005,2,MINI,DOUBLE
noarr,standard,bicg,5,0.000005,2,MINI,DOUBLE
noarr,standard,correlation,1,0.000030,2,MINI,DOUBLE
noarr,standard,correlation,2,0.000030,2,MINI,DOUBLE
noarr,standard,correlation,3,0.000029,2,MINI,DOUBLE
noarr,standard,correlation,4,0.000029,2,MINI,DOUBLE
noarr,standard,correlation,5,0.000029,2,MINI,DOUBLE
noarr,standard,covariance,1,0.000025,2,MINI,DOUBLE
noarr,standard,covariance,2,0.000024,2,MINI,DOUBLE
noarr,standard,covariance,3,0.000025,2,MINI,DOUBLE
noarr,standard,covariance,4,0.000025,2,MINI,DOUBLE
noarr,standard,covariance,5,0.000025,2,MINI,DOUBLE
noarr,standard,deriche,1,0.000073,2,MINI,DOUBLE
noarr,standard,deriche,2,0.000072,2,MINI,DOUBLE
noarr,standard,deriche,3,0.000072,2,MINI,DOUBLE
noarr,standard,deriche,4,0.000078,2,MINI,DOUBLE
noarr,standard,deriche,5,0.000072,2,MINI,DOUBLE
noarr,standard,doitgen,1,0.000010,2,MINI,DOUBLE
noarr,standard,doitgen,2,0.000010,2,MINI,DOUBLE
noarr,standard,doitgen,3,0.000010,2,MINI,DOUBLE
noarr,standard,doitgen,4,0.000010,2,MINI,DOUBLE
noarr,standard,doitgen,5,0.000010,2,MINI,DOUBLE
noarr,standard,durbin,1,0.000005,2,MINI,DOUBLE
noarr,standard,durbin,2,0.000005,2,MINI,DOUBLE
noarr,standard,durbin,3,0.000004,2,MINI,DOUBLE
noarr,standard,durbin,4,0.000004,2,MINI,DOUBLE
noarr,standard,durbin,5,0.000005,2,MINI,DOUBLE
noarr,standard,fdtd-2d,1,0.000028,2,MINI,DOUBLE
noarr,standard,fdtd-2d,2,0.000018,2,MINI,DOUBLE
noarr,standard,fdtd-2d,3,0.000018,2,MINI,DOUBLE
noarr,standard,fdtd-2d,4,0.000018,2,MINI,DOUBLE
noarr,standard,fdtd-2d,5,0.000018,2,MINI,DOUBLE
noarr,standard,floyd-warshall,1,0.000169,2,MINI,DOUBLE
noarr,standard,floyd-warshall,2,0.000169,2,MINI,DOUBLE
noarr,standard,floyd-warshall,3,0.000169,2,MINI,DOUBLE
noarr,standard,floyd-warshall,4,0.000170,2,MINI,DOUBLE
noarr,standard,floyd-warshall,5,0.000168,2,MINI,DOUBLE
noarr,standard,gemm,1,0.000006,2,MINI,DOUBLE
noarr,standard,gemm,2,0.000006,2,MINI,DOUBLE
noarr,standard,gemm,3,0.000006,2,MINI,DOUBLE
noarr,standard,gemm,4,0.000006,2,MINI,DOUBLE
noarr,standard,gemm,5,0.000006,2,MINI,DOUBLE
noarr,standard,gemver,1,0.000004,2,MINI,DOUBLE
noarr,standard,gemver,2,0.000004,2,MINI,DOUBLE
noarr,standard,gemver,3,0.000004,2,MINI,DOUBLE
noarr,standard,gemver,4,0.000004,2,MINI,DOUBLE
noarr,standard,gemver,5,0.000004,2,MINI,DOUBLE
noarr,standard,gesummv,1,0.000003,2,MINI,DOUBLE
noarr,standard,gesummv,2,0.000003,2,MINI,DOUBLE
noarr,standard,gesummv,3,0.000002,2,MINI,DOUBLE
noarr,standard,gesummv,4,0.000003,2,MINI,DOUBLE
noarr,standard,gesummv,5,0.000003,2,MINI,DOUBLE
noarr,standard,heat-3d,1,0.000049,2,MINI,DOUBLE
noarr,standard,heat-3d,2,0.000049,2,MINI,DOUBLE
noarr,standard,heat-3d,3,0.000049,2,MINI,DOUBLE
noarr,standard,heat-3d,4,0.000049,2,MINI,DOUBLE
noarr,standard,heat-3d,5,0.000049,2,MINI,DOUBLE
noarr,standard,jacobi-1d,1,0.000001,2,MINI,DOUBLE
noarr,standard,jacobi-1d,2,0.000001,2,MINI,DOUBLE
noarr,standard,jacobi-1d,3,0.000001,2,MINI,DOUBLE
noarr,standard,jacobi-1d,4,0.000001,2,MINI,DOUBLE
noarr,standard,jacobi-1d,5,0.000001,2,MINI,DOUBLE
noarr,standard,jacobi-2d,1,0.000035,2,MINI,DOUBLE
noarr,standard,jacobi-2d,2,0.000035,2,MINI,DOUBLE
noarr,standard,jacobi-2d,3,0.000034,2,MINI,DOUBLE
noarr,standard,jacobi-2d,4,0.000034,2,MINI,DOUBLE
noarr,standard,jacobi-2d,5,0.000034,2,MINI,DOUBLE
noarr,standard,lu,1,0.000027,2,MINI,DOUBLE
noarr,standard,lu,2,0.000027,2,MINI,DOUBLE
noarr,standard,lu,3,0.000027,2,MINI,DOUBLE
noarr,standard,lu,4,0.000028,2,MINI,DOUBLE
noarr,standard,lu,5,0.000027,2,MINI,DOUBLE
noarr,standard,mvt,1,0.000003,2,MINI,DOUBLE
noarr,standard,mvt,2,0.000003,2,MINI,DOUBLE
noarr,standard,mvt,3,0.000003,2,MINI,DOUBLE
noarr,standard,mvt,4,0.000003,2,MINI,DOUBLE
noarr,standard,mvt,5,0.000003,2,MINI,DOUBLE
noarr,standard,seidel-2d,1,0.000328,2,MINI,DOUBLE
noarr,standard,seidel-2d,2,0.000324,2,MINI,DOUBLE
noarr,standard,seidel-2d,3,0.000332,2,MINI,DOUBLE
noarr,standard,seidel-2d,4,0.000332,2,MINI,DOUBLE
noarr,standard,seidel-2d,5,0.000336,2,MINI,DOUBLE
noarr,standard,symm,1,0.000010,2,MINI,DOUBLE
noarr,standard,symm,2,0.000009,2,MINI,DOUBLE
noarr,standard,symm,3,0.000009,2,MINI,DOUBLE
noarr,standard,symm,4,0.000009,2,MINI,DOUBLE
noarr,standard,symm,5,0.000009,2,MINI,DOUBLE
noarr,standard,syr2k,1,0.000014,2,MINI,DOUBLE
noarr,standard,syr2k,2,0.000014,2,MINI,DOUBLE
noarr,standard,syr2k,3,0.000014,2,MINI,DOUBLE
noarr,standard,syr2k,4,0.000014,2,MINI,DOUBLE
noarr,standard,syr2k,5,0.000014,2,MINI,DOUBLE
noarr,standard,syrk,1,0.000009,2,MINI,DOUBLE
noarr,standard,syrk,2,0.000009,2,MINI,DOUBLE
noarr,standard,syrk,3,0.000009,2,MINI,DOUBLE
noarr,standard,syrk,4,0.000009,2,MINI,DOUBLE
noarr,standard,syrk,5,0.000009,2,MINI,DOUBLE
noarr,standard,trisolv,1,0.000001,2,MINI,DOUBLE
noarr,standard,trisolv,2,0.000001,2,MINI,DOUBLE
noarr,standard,trisolv,3,0.000001,2,MINI,DOUBLE
noarr,standard,trisolv,4,0.000001,2,MINI,DOUBLE
noarr,standard,trisolv,5,0.000001,2,MINI,DOUBLE
noarr,standard,trmm,1,0.000006,2,MINI,DOUBLE
noarr,standard,trmm,2,0.000006,2,MINI,DOUBLE
noarr,standard,trmm,3,0.000006,2,MINI,DOUBLE
noarr,standard,trmm,4,0.000006,2,MINI,DOUBLE
noarr,standard,trmm,5,0.000006,2,MINI,DOUBLE
noarr,standard,2mm,1,0.000024,3,MINI,DOUBLE
noarr,standard,2mm,2,0.000024,3,MINI,DOUBLE
noarr,standard,2mm,3,0.000024,3,MINI,DOUBLE
noarr,standard,2mm,4,0.000024,3,MINI,DOUBLE
noarr,standard,2mm,5,0.000025,3,MINI,DOUBLE
noarr,standard,3mm,1,0.000023,3,MINI,DOUBLE
noarr,standard,3mm,2,0.000022,3,MINI,DOUBLE
noarr,standard,3mm,3,0.000022,3,MINI,DOUBLE
noarr,standard,3mm,4,0.000022,3,MINI,DOUBLE
noarr,standard,3mm,5,0.000022,3,MINI,DOUBLE
noarr,standard,adi,1,0.000121,3,MINI,DOUBLE
noarr,standard,adi,2,0.000121,3,MINI,DOUBLE
noarr,standard,adi,3,0.000121,3,MINI,DOUBLE
noarr,standard,adi,4,0.000121,3,MINI,DOUBLE
noarr,standard,adi,5,0.000121,3,MINI,DOUBLE
noarr,standard,atax,1,0.000002,3,MINI,DOUBLE
noarr,standard,atax,2,0.000002,3,MINI,DOUBLE
noarr,standard,atax,3,0.000002,3,MINI,DOUBLE
noarr,standard,atax,4,0.000002,3,MINI,DOUBLE
noarr,standard,atax,5,0.000002,3,MINI,DOUBLE
noarr,standard,bicg,1,0.000005,3,MINI,DOUBLE
noarr,standard,bicg,2,0.000005,3,MINI,DOUBLE
noarr,standard,bicg,3,0.000005,3,MINI,DOUBLE
noarr,standard,bicg,4,0.000005,3,MINI,DOUBLE
noarr,standard,bicg,5,0.000005,3,MINI,DOUBLE
noarr,standard,correlation,1,0.000025,3,MINI,DOUBLE
noarr,standard,correlation,2,0.000025,3,MINI,DOUBLE
noarr,standard,correlation,3,0.000025,3,MINI,DOUBLE
noarr,standard,correlation,4,0.000025,3,MINI,DOUBLE
noarr,standard,correlation,5,0.000025,3,MINI,DOUBLE
noarr,standard,covariance,1,0.000014,3,MINI,DOUBLE
noarr,standard,covariance,2,0.000025,3,MINI,DOUBLE
noarr,standard,covariance,3,0.000025,3,MINI,DOUBLE
noarr,standard,covariance,4,0.000025,3,MINI,DOUBLE
noarr,standard,covariance,5,0.000025,3,MINI,DOUBLE
noarr,standard,deriche,1,0.000073,3,MINI,DOUBLE
noarr,standard,deriche,2,0.000070,3,MINI,DOUBLE
noarr,standard,deriche,3,0.000077,3,MINI,DOUBLE
noarr,standard,deriche,4,0.000072,3,MINI,DOUBLE
noarr,standard,deriche,5,0.000069,3,MINI,DOUBLE
noarr,standard,doitgen,1,0.000009,3,MINI,DOUBLE
noarr,standard,doitgen,2,0.000009,3,MINI,DOUBLE
noarr,standard,doitgen,3,0.000009,3,MINI,DOUBLE
noarr,standard,doitgen,4,0.000009,3,MINI,DOUBLE
noarr,standard,doitgen,5,0.000009,3,MINI,DOUBLE
noarr,standard,durbin,1,0.000006,3,MINI,DOUBLE
noarr,standard,durbin,2,0.000005,3,MINI,DOUBLE
noarr,standard,durbin,3,0.000005,3,MINI,DOUBLE
noarr,standard,durbin,4,0.000005,3,MINI,DOUBLE
noarr,standard,durbin,5,0.000005,3,MINI,DOUBLE
noarr,standard,fdtd-2d,1,0.000028,3,MINI,DOUBLE
noarr,standard,fdtd-2d,2,0.000027,3,MINI,DOUBLE
noarr,standard,fdtd-2d,3,0.000028,3,MINI,DOUBLE
noarr,standard,fdtd-2d,4,0.000027,3,MINI,DOUBLE
noarr,standard,fdtd-2d,5,0.000027,3,MINI,DOUBLE
noarr,standard,floyd-warshall,1,0.000172,3,MINI,DOUBLE
noarr,standard,floyd-warshall,2,0.000181,3,MINI,DOUBLE
noarr,standard,floyd-warshall,3,0.000172,3,MINI,DOUBLE
noarr,standard,floyd-warshall,4,0.000171,3,MINI,DOUBLE
noarr,standard,floyd-warshall,5,0.000172,3,MINI,DOUBLE
noarr,standard,gemm,1,0.000006,3,MINI,DOUBLE
noarr,standard,gemm,2,0.000006,3,MINI,DOUBLE
noarr,standard,gemm,3,0.000006,3,MINI,DOUBLE
noarr,standard,gemm,4,0.000006,3,MINI,DOUBLE
noarr,standard,gemm,5,0.000006,3,MINI,DOUBLE
noarr,standard,gemver,1,0.000004,3,MINI,DOUBLE
noarr,standard,gemver,2,0.000004,3,MINI,DOUBLE
noarr,standard,gemver,3,0.000004,3,MINI,DOUBLE
noarr,standard,gemver,4,0.000004,3,MINI,DOUBLE
noarr,standard,gemver,5,0.000004,3,MINI,DOUBLE
noarr,standard,gesummv,1,0.000003,3,MINI,DOUBLE
noarr,standard,gesummv,2,0.000002,3,MINI,DOUBLE
noarr,standard,gesummv,3,0.000003,3,MINI,DOUBLE
noarr,standard,gesummv,4,0.000003,3,MINI,DOUBLE
noarr,standard,gesummv,5,0.000003,3,MINI,DOUBLE
noarr,standard,heat-3d,1,0.000038,3,MINI,DOUBLE
noarr,standard,heat-3d,2,0.000038,3,MINI,DOUBLE
noarr,standard,heat-3d,3,0.000039,3,MINI,DOUBLE
noarr,standard,heat-3d,4,0.000039,3,MINI,DOUBLE
noarr,standard,heat-3d,5,0.000038,3,MINI,DOUBLE
noarr,standard,jacobi-1d,1,0.000001,3,MINI,DOUBLE
noarr,standard,jacobi-1d,2,0.000001,3,MINI,DOUBLE
noarr,standard,jacobi-1d,3,0.000001,3,MINI,DOUBLE
noarr,standard,jacobi-1d,4,0.000001,3,MINI,DOUBLE
noarr,standard,jacobi-1d,5,0.000001,3,MINI,DOUBLE
noarr,standard,jacobi-2d,1,0.000030,3,MINI,DOUBLE
noarr,standard,jacobi-2d,2,0.000030,3,MINI,DOUBLE
noarr,standard,jacobi-2d,3,0.000031,3,MINI,DOUBLE
noarr,standard,jacobi-2d,4,0.000031,3,MINI,DOUBLE
noarr,standard,jacobi-2d,5,0.000031,3,MINI,DOUBLE
noarr,standard,mvt,1,0.000003,3,MINI,DOUBLE
noarr,standard,mvt,2,0.000003,3,MINI,DOUBLE
noarr,standard,mvt,3,0.000003,3,MINI,DOUBLE
noarr,standard,mvt,4,0.000003,3,MINI,DOUBLE
noarr,standard,mvt,5,0.000003,3,MINI,DOUBLE
noarr,standard,seidel-2d,1,0.000324,3,MINI,DOUBLE
noarr,standard,seidel-2d,2,0.000324,3,MINI,DOUBLE
noarr,standard,seidel-2d,3,0.000329,3,MINI,DOUBLE
noarr,standard,seidel-2d,4,0.000324,3,MINI,DOUBLE
noarr,standard,seidel-2d,5,0.000329,3,MINI,DOUBLE
noarr,standard,symm,1,0.000019,3,MINI,DOUBLE
noarr,standard,symm,2,0.000012,3,MINI,DOUBLE
noarr,standard,symm,3,0.000012,3,MINI,DOUBLE
noarr,standard,symm,4,0.000012,3,MINI,DOUBLE
noarr,standard,symm,5,0.000012,3,MINI,DOUBLE
noarr,standard,syr2k,1,0.000014,3,MINI,DOUBLE
noarr,standard,syr2k,2,0.000014,3,MINI,DOUBLE
noarr,standard,syr2k,3,0.000014,3,MINI,DOUBLE
noarr,standard,syr2k,4,0.000014,3,MINI,DOUBLE
noarr,standard,syr2k,5,0.000014,3,MINI,DOUBLE
noarr,standard,trmm,1,0.000005,3,MINI,DOUBLE
noarr,standard,trmm,2,0.000005,3,MINI,DOUBLE
noarr,standard,trmm,3,0.000005,3,MINI,DOUBLE
noarr,standard,trmm,4,0.000005,3,MINI,DOUBLE
noarr,standard,trmm,5,0.000005,3,MINI,DOUBLE
noarr,standard,2mm,1,0.000006,4,MINI,DOUBLE
noarr,standard,2mm,2,0.000006,4,MINI,DOUBLE
noarr,standard,2mm,3,0.000006,4,MINI,DOUBLE
noarr,standard,2mm,4,0.000006,4,MINI,DOUBLE
noarr,standard,2mm,5,0.000006,4,MINI,DOUBLE
noarr,standard,3mm,1,0.000012,4,MINI,DOUBLE
noarr,standard,3mm,2,0.000022,4,MINI,DOUBLE
noarr,standard,3mm,3,0.000023,4,MINI,DOUBLE
noarr,standard,3mm,4,0.000022,4,MINI,DOUBLE
noarr,standard,3mm,5,0.000022,4,MINI,DOUBLE
noarr,standard,adi,1,0.000120,4,MINI,DOUBLE
noarr,standard,adi,2,0.000111,4,MINI,DOUBLE
noarr,standard,adi,3,0.000111,4,MINI,DOUBLE
noarr,standard,adi,4,0.000111,4,MINI,DOUBLE
noarr,standard,adi,5,0.000111,4,MINI,DOUBLE
noarr,standard,atax,1,0.000002,4,MINI,DOUBLE
noarr,standard,atax,2,0.000002,4,MINI,DOUBLE
noarr,standard,atax,3,0.000002,4,MINI,DOUBLE
noarr,standard,atax,4,0.000002,4,MINI,DOUBLE
noarr,standard,atax,5,0.000002,4,MINI,DOUBLE
noarr,standard,bicg,1,0.000005,4,MINI,DOUBLE
noarr,standard,bicg,2,0.000005,4,MINI,DOUBLE
noarr,standard,bicg,3,0.000005,4,MINI,DOUBLE
noarr,standard,bicg,4,0.000005,4,MINI,DOUBLE
noarr,standard,bicg,5,0.000005,4,MINI,DOUBLE
noarr,standard,correlation,1,0.000025,4,MINI,DOUBLE
noarr,standard,correlation,2,0.000025,4,MINI,DOUBLE
noarr,standard,correlation,3,0.000014,4,MINI,DOUBLE
noarr,standard,correlation,4,0.000025,4,MINI,DOUBLE
noarr,standard,correlation,5,0.000024,4,MINI,DOUBLE
noarr,standard,covariance,1,0.000025,4,MINI,DOUBLE
noarr,standard,covariance,2,0.000025,4,MINI,DOUBLE
noarr,standard,covariance,3,0.000025,4,MINI,DOUBLE
noarr,standard,covariance,4,0.000025,4,MINI,DOUBLE
noarr,standard,covariance,5,0.000025,4,MINI,DOUBLE
noarr,standard,deriche,1,0.000073,4,MINI,DOUBLE
noarr,standard,deriche,2,0.000074,4,MINI,DOUBLE
noarr,standard,deriche,3,0.000070,4,MINI,DOUBLE
noarr,standard,deriche,4,0.000072,4,MINI,DOUBLE
noarr,standard,deriche,5,0.000069,4,MINI,DOUBLE
noarr,standard,fdtd-2d,1,0.000031,4,MINI,DOUBLE
noarr,standard,fdtd-2d,2,0.000020,4,MINI,DOUBLE
noarr,standard,fdtd-2d,3,0.000020,4,MINI,DOUBLE
noarr,standard,fdtd-2d,4,0.000020,4,MINI,DOUBLE
noarr,standard,fdtd-2d,5,0.000031,4,MINI,DOUBLE
noarr,standard,floyd-warshall,1,0.000271,4,MINI,DOUBLE
noarr,standard,floyd-warshall,2,0.000271,4,MINI,DOUBLE
noarr,standard,floyd-warshall,3,0.000271,4,MINI,DOUBLE
noarr,standard,floyd-warshall,4,0.000271,4,MINI,DOUBLE
noarr,standard,floyd-warshall,5,0.000271,4,MINI,DOUBLE
noarr,standard,gemm,1,0.000006,4,MINI,DOUBLE
noarr,standard,gemm,2,0.000006,4,MINI,DOUBLE
noarr,standard,gemm,3,0.000006,4,MINI,DOUBLE
noarr,standard,gemm,4,0.000006,4,MINI,DOUBLE
noarr,standard,gemm,5,0.000006,4,MINI,DOUBLE
noarr,standard,gesummv,1,0.000003,4,MINI,DOUBLE
noarr,standard,gesummv,2,0.000002,4,MINI,DOUBLE
noarr,standard,gesummv,3,0.000003,4,MINI,DOUBLE
noarr,standard,gesummv,4,0.000002,4,MINI,DOUBLE
noarr,standard,gesummv,5,0.000003,4,MINI,DOUBLE
noarr,standard,heat-3d,1,0.000039,4,MINI,DOUBLE
noarr,standard,heat-3d,2,0.000038,4,MINI,DOUBLE
noarr,standard,heat-3d,3,0.000039,4,MINI,DOUBLE
noarr,standard,heat-3d,4,0.000039,4,MINI,DOUBLE
noarr,standard,heat-3d,5,0.000039,4,MINI,DOUBLE
noarr,standard,jacobi-1d,1,0.000001,4,MINI,DOUBLE
noarr,standard,jacobi-1d,2,0.000001,4,MINI,DOUBLE
noarr,standard,jacobi-1d,3,0.000001,4,MINI,DOUBLE
noarr,standard,jacobi-1d,4,0.000001,4,MINI,DOUBLE
noarr,standard,jacobi-1d,5,0.000001,4,MINI,DOUBLE
noarr,standard,jacobi-2d,1,0.000035,4,MINI,DOUBLE
noarr,standard,jacobi-2d,2,0.000034,4,MINI,DOUBLE
noarr,standard,jacobi-2d,3,0.000035,4,MINI,DOUBLE
noarr,standard,jacobi-2d,4,0.000034,4,MINI,DOUBLE
noarr,standard,jacobi-2d,5,0.000035,4,MINI,DOUBLE
noarr,standard,mvt,1,0.000003,4,MINI,DOUBLE
noarr,standard,mvt,2,0.000003,4,MINI,DOUBLE
noarr,standard,mvt,3,0.000003,4,MINI,DOUBLE
noarr,standard,mvt,4,0.000003,4,MINI,DOUBLE
noarr,standard,mvt,5,0.000003,4,MINI,DOUBLE
noarr,standard,seidel-2d,1,0.000323,4,MINI,DOUBLE
noarr,standard,seidel-2d,2,0.000323,4,MINI,DOUBLE
noarr,standard,seidel-2d,3,0.000324,4,MINI,DOUBLE
noarr,standard,seidel-2d,4,0.000328,4,MINI,DOUBLE
noarr,standard,seidel-2d,5,0.000324,4,MINI,DOUBLE
noarr,standard,symm,1,0.000009,4,MINI,DOUBLE
noarr,standard,symm,2,0.000009,4,MINI,DOUBLE
noarr,standard,symm,3,0.000009,4,MINI,DOUBLE
noarr,standard,symm,4,0.000009,4,MINI,DOUBLE
noarr,standard,symm,5,0.000009,4,MINI,DOUBLE
noarr,standard,syrk,1,0.000008,4,MINI,DOUBLE
noarr,standard,syrk,2,0.000008,4,MINI,DOUBLE
noarr,standard,syrk,3,0.000008,4,MINI,DOUBLE
noarr,standard,syrk,4,0.000008,4,MINI,DOUBLE
noarr,standard,syrk,5,0.000008,4,MINI,DOUBLE
noarr,standard,trisolv,1,0.000001,4,MINI,DOUBLE
noarr,standard,trisolv,2,0.000001,4,MINI,DOUBLE
noarr,standard,trisolv,3,0.000001,4,MINI,DOUBLE
noarr,standard,trisolv,4,0.000001,4,MINI,DOUBLE
noarr,standard,trisolv,5,0.000001,4,MINI,DOUBLE
noarr,standard,trmm,1,0.000010,4,MINI,DOUBLE
noarr,standard,trmm,2,0.000010,4,MINI,DOUBLE
noarr,standard,trmm,3,0.000010,4,MINI,DOUBLE
noarr,standard,trmm,4,0.000010,4,MINI,DOUBLE
noarr,standard,trmm,5,0.000010,4,MINI,DOUBLE
noarr,standard,2mm,1,0.000024,5,MINI,DOUBLE
noarr,standard,2mm,2,0.000024,5,MINI,DOUBLE
noarr,standard,2mm,3,0.000024,5,MINI,DOUBLE
noarr,standard,2mm,4,0.000025,5,MINI,DOUBLE
noarr,standard,2mm,5,0.000024,5,MINI,DOUBLE
noarr,standard,3mm,1,0.000107,5,MINI,DOUBLE
noarr,standard,3mm,2,0.000103,5,MINI,DOUBLE
noarr,standard,3mm,3,0.000102,5,MINI,DOUBLE
noarr,standard,3mm,4,0.000080,5,MINI,DOUBLE
noarr,standard,3mm,5,0.000102,5,MINI,DOUBLE
noarr,standard,adi,1,0.000112,5,MINI,DOUBLE
noarr,standard,adi,2,0.000122,5,MINI,DOUBLE
noarr,standard,adi,3,0.000120,5,MINI,DOUBLE
noarr,standard,adi,4,0.000137,5,MINI,DOUBLE
noarr,standard,adi,5,0.000120,5,MINI,DOUBLE
noarr,standard,atax,1,0.000003,5,MINI,DOUBLE
noarr,standard,atax,2,0.000002,5,MINI,DOUBLE
noarr,standard,atax,3,0.000002,5,MINI,DOUBLE
noarr,standard,atax,4,0.000002,5,MINI,DOUBLE
noarr,standard,atax,5,0.000002,5,MINI,DOUBLE
noarr,standard,bicg,1,0.000005,5,MINI,DOUBLE
noarr,standard,bicg,2,0.000005,5,MINI,DOUBLE
noarr,standard,bicg,3,0.000005,5,MINI,DOUBLE
noarr,standard,bicg,4,0.000005,5,MINI,DOUBLE
noarr,standard,bicg,5,0.000005,5,MINI,DOUBLE
noarr,standard,correlation,1,0.000026,5,MINI,DOUBLE
noarr,standard,correlation,2,0.000026,5,MINI,DOUBLE
noarr,standard,correlation,3,0.000025,5,MINI,DOUBLE
noarr,standard,correlation,4,0.000025,5,MINI,DOUBLE
noarr,standard,correlation,5,0.000026,5,MINI,DOUBLE
noarr,standard,covariance,1,0.000014,5,MINI,DOUBLE
noarr,standard,covariance,2,0.000025,5,MINI,DOUBLE
noarr,standard,covariance,3,0.000024,5,MINI,DOUBLE
noarr,standard,covariance,4,0.000024,5,MINI,DOUBLE
noarr,standard,covariance,5,0.000024,5,MINI,DOUBLE
noarr,standard,deriche,1,0.000064,5,MINI,DOUBLE
noarr,standard,deriche,2,0.000063,5,MINI,DOUBLE
noarr,standard,deriche,3,0.000074,5,MINI,DOUBLE
noarr,standard,deriche,4,0.000063,5,MINI,DOUBLE
noarr,standard,deriche,5,0.000062,5,MINI,DOUBLE
noarr,standard,doitgen,1,0.000010,5,MINI,DOUBLE
noarr,standard,doitgen,2,0.000010,5,MINI,DOUBLE
noarr,standard,doitgen,3,0.000010,5,MINI,DOUBLE
noarr,standard,doitgen,4,0.000010,5,MINI,DOUBLE
noarr,standard,doitgen,5,0.000010,5,MINI,DOUBLE
noarr,standard,durbin,1,0.000005,5,MINI,DOUBLE
noarr,standard,durbin,2,0.000005,5,MINI,DOUBLE
noarr,standard,durbin,3,0.000005,5,MINI,DOUBLE
noarr,standard,durbin,4,0.000005,5,MINI,DOUBLE
noarr,standard,durbin,5,0.000005,5,MINI,DOUBLE
noarr,standard,fdtd-2d,1,0.000027,5,MINI,DOUBLE
noarr,standard,fdtd-2d,2,0.000027,5,MINI,DOUBLE
noarr,standard,fdtd-2d,3,0.000027,5,MINI,DOUBLE
noarr,standard,fdtd-2d,4,0.000028,5,MINI,DOUBLE
noarr,standard,fdtd-2d,5,0.000028,5,MINI,DOUBLE
noarr,standard,floyd-warshall,1,0.000176,5,MINI,DOUBLE
noarr,standard,floyd-warshall,2,0.000176,5,MINI,DOUBLE
noarr,standard,floyd-warshall,3,0.000176,5,MINI,DOUBLE
noarr,standard,floyd-warshall,4,0.000176,5,MINI,DOUBLE
noarr,standard,floyd-warshall,5,0.000176,5,MINI,DOUBLE
noarr,standard,gemm,1,0.000006,5,MINI,DOUBLE
noarr,standard,gemm,2,0.000006,5,MINI,DOUBLE
noarr,standard,gemm,3,0.000006,5,MINI,DOUBLE
noarr,standard,gemm,4,0.000006,5,MINI,DOUBLE
noarr,standard,gemm,5,0.000006,5,MINI,DOUBLE
noarr,standard,gemver,1,0.000004,5,MINI,DOUBLE
noarr,standard,gemver,2,0.000004,5,MINI,DOUBLE
noarr,standard,gemver,3,0.000004,5,MINI,DOUBLE
noarr,standard,gemver,4,0.000004,5,MINI,DOUBLE
noarr,standard,gemver,5,0.000004,5,MINI,DOUBLE
noarr,standard,gesummv,1,0.000003,5,MINI,DOUBLE
noarr,standard,gesummv,2,0.000003,5,MINI,DOUBLE
noarr,standard,gesummv,3,0.000003,5,MINI,DOUBLE
noarr,standard,gesummv,4,0.000002,5,MINI,DOUBLE
noarr,standard,gesummv,5,0.000003,5,MINI,DOUBLE
noarr,standard,heat-3d,1,0.000048,5,MINI,DOUBLE
noarr,standard,heat-3d,2,0.000049,5,MINI,DOUBLE
noarr,standard,heat-3d,3,0.000048,5,MINI,DOUBLE
noarr,standard,heat-3d,4,0.000048,5,MINI,DOUBLE
noarr,standard,heat-3d,5,0.000048,5,MINI,DOUBLE
noarr,standard,jacobi-1d,1,0.000001,5,MINI,DOUBLE
noarr,standard,jacobi-1d,2,0.000001,5,MINI,DOUBLE
noarr,standard,jacobi-1d,3,0.000001,5,MINI,DOUBLE
noarr,standard,jacobi-1d,4,0.000001,5,MINI,DOUBLE
noarr,standard,jacobi-1d,5,0.000001,5,MINI,DOUBLE
noarr,standard,jacobi-2d,1,0.000035,5,MINI,DOUBLE
noarr,standard,jacobi-2d,2,0.000035,5,MINI,DOUBLE
noarr,standard,jacobi-2d,3,0.000035,5,MINI,DOUBLE
noarr,standard,jacobi-2d,4,0.000034,5,MINI,DOUBLE
noarr,standard,jacobi-2d,5,0.000034,5,MINI,DOUBLE
noarr,standard,lu,1,0.000024,5,MINI,DOUBLE
noarr,standard,lu,2,0.000028,5,MINI,DOUBLE
noarr,standard,lu,3,0.000024,5,MINI,DOUBLE
noarr,standard,lu,4,0.000024,5,MINI,DOUBLE
noarr,standard,lu,5,0.000024,5,MINI,DOUBLE
noarr,standard,mvt,1,0.000003,5,MINI,DOUBLE
noarr,standard,mvt,2,0.000003,5,MINI,DOUBLE
noarr,standard,mvt,3,0.000003,5,MINI,DOUBLE
noarr,standard,mvt,4,0.000003,5,MINI,DOUBLE
noarr,standard,mvt,5,0.000003,5,MINI,DOUBLE
noarr,standard,seidel-2d,1,0.000329,5,MINI,DOUBLE
noarr,standard,seidel-2d,2,0.000329,5,MINI,DOUBLE
noarr,standard,seidel-2d,3,0.000324,5,MINI,DOUBLE
noarr,standard,seidel-2d,4,0.000329,5,MINI,DOUBLE
noarr,standard,seidel-2d,5,0.000328,5,MINI,DOUBLE
noarr,standard,symm,1,0.000010,5,MINI,DOUBLE
noarr,standard,symm,2,0.000010,5,MINI,DOUBLE
noarr,standard,symm,3,0.000010,5,MINI,DOUBLE
noarr,standard,symm,4,0.000010,5,MINI,DOUBLE
noarr,standard,symm,5,0.000010,5,MINI,DOUBLE
noarr,standard,syr2k,1,0.000014,5,MINI,DOUBLE
noarr,standard,syr2k,2,0.000014,5,MINI,DOUBLE
noarr,standard,syr2k,3,0.000014,5,MINI,DOUBLE
noarr,standard,syr2k,4,0.000014,5,MINI,DOUBLE
noarr,standard,syr2k,5,0.000021,5,MINI,DOUBLE
noarr,standard,syrk,1,0.000008,5,MINI,DOUBLE
noarr,standard,syrk,2,0.000008,5,MINI,DOUBLE
noarr,standard,syrk,3,0.000008,5,MINI,DOUBLE
noarr,standard,syrk,4,0.000008,5,MINI,DOUBLE
noarr,standard,syrk,5,0.000008,5,MINI,DOUBLE
noarr,standard,trisolv,1,0.000001,5,MINI,DOUBLE
noarr,standard,trisolv,2,0.000001,5,MINI,DOUBLE
noarr,standard,trisolv,3,0.000001,5,MINI,DOUBLE
noarr,standard,trisolv,4,0.000001,5,MINI,DOUBLE
noarr,standard,trisolv,5,0.000001,5,MINI,DOUBLE
noarr,standard,trmm,1,0.000006,5,MINI,DOUBLE
noarr,standard,trmm,2,0.000006,5,MINI,DOUBLE
noarr,standard,trmm,3,0.000005,5,MINI,DOUBLE
noarr,standard,trmm,4,0.000006,5,MINI,DOUBLE
noarr,standard,trmm,5,0.000006,5,MINI,DOUBLE
halide,standard,2mm,1,0.000040,1,MINI,DOUBLE
halide,standard,2mm,2,0.000041,1,MINI,DOUBLE
halide,standard,2mm,3,0.000041,1,MINI,DOUBLE
halide,standard,2mm,4,0.000038,1,MINI,DOUBLE
halide,standard,2mm,5,0.000039,1,MINI,DOUBLE
halide,standard,3mm,1,0.000268,1,MINI,DOUBLE
halide,standard,3mm,2,0.000267,1,MINI,DOUBLE
halide,standard,3mm,3,0.000275,1,MINI,DOUBLE
halide,standard,3mm,4,0.000265,1,MINI,DOUBLE
halide,standard,3mm,5,0.000278,1,MINI,DOUBLE
halide,standard,adi,1,0.000158,1,MINI,DOUBLE
halide,standard,adi,2,0.000147,1,MINI,DOUBLE
halide,standard,adi,3,0.000147,1,MINI,DOUBLE
halide,standard,adi,4,0.000147,1,MINI,DOUBLE
halide,standard,adi,5,0.000157,1,MINI,DOUBLE
halide,standard,atax,1,0.000016,1,MINI,DOUBLE
halide,standard,atax,2,0.000016,1,MINI,DOUBLE
halide,standard,atax,3,0.000017,1,MINI,DOUBLE
halide,standard,atax,4,0.000017,1,MINI,DOUBLE
halide,standard,atax,5,0.000017,1,MINI,DOUBLE
halide,standard,bicg,1,0.000015,1,MINI,DOUBLE
halide,standard,bicg,2,0.000015,1,MINI,DOUBLE
halide,standard,bicg,3,0.000016,1,MINI,DOUBLE
halide,standard,bicg,4,0.000015,1,MINI,DOUBLE
halide,standard,bicg,5,0.000017,1,MINI,DOUBLE
halide,standard,cholesky,1,0.000013,1,MINI,DOUBLE
halide,standard,cholesky,2,0.000012,1,MINI,DOUBLE
halide,standard,cholesky,3,0.000012,1,MINI,DOUBLE
halide,standard,cholesky,4,0.000013,1,MINI,DOUBLE
halide,standard,cholesky,5,0.000013,1,MINI,DOUBLE
halide,standard,correlation,1,0.178535,1,MINI,DOUBLE
halide,standard,correlation,2,0.178627,1,MINI,DOUBLE
halide,standard,correlation,3,0.178598,1,MINI,DOUBLE
halide,standard,correlation,4,0.178502,1,MINI,DOUBLE
halide,standard,correlation,5,0.178699,1,MINI,DOUBLE
halide,standard,deriche,1,0.000507,1,MINI,DOUBLE
halide,standard,deriche,2,0.000513,1,MINI,DOUBLE
halide,standard,deriche,3,0.000506,1,MINI,DOUBLE
halide,standard,deriche,4,0.000507,1,MINI,DOUBLE
halide,standard,deriche,5,0.000442,1,MINI,DOUBLE
halide,standard,fdtd-2d,1,0.000181,1,MINI,DOUBLE
halide,standard,fdtd-2d,2,0.000182,1,MINI,DOUBLE
halide,standard,fdtd-2d,3,0.000182,1,MINI,DOUBLE
halide,standard,fdtd-2d,4,0.000183,1,MINI,DOUBLE
halide,standard,fdtd-2d,5,0.000181,1,MINI,DOUBLE
halide,standard,floyd-warshall,1,0.000227,1,MINI,DOUBLE
halide,standard,floyd-warshall,2,0.000215,1,MINI,DOUBLE
halide,standard,floyd-warshall,3,0.000220,1,MINI,DOUBLE
halide,standard,floyd-warshall,4,0.000227,1,MINI,DOUBLE
halide,standard,floyd-warshall,5,0.000216,1,MINI,DOUBLE
halide,standard,gemver,1,0.000141,1,MINI,DOUBLE
halide,standard,gemver,2,0.000140,1,MINI,DOUBLE
halide,standard,gemver,3,0.000155,1,MINI,DOUBLE
halide,standard,gemver,4,0.000142,1,MINI,DOUBLE
halide,standard,gemver,5,0.000142,1,MINI,DOUBLE
halide,standard,gesummv,1,0.000013,1,MINI,DOUBLE
halide,standard,gesummv,2,0.000012,1,MINI,DOUBLE
halide,standard,gesummv,3,0.000013,1,MINI,DOUBLE
halide,standard,gesummv,4,0.000012,1,MINI,DOUBLE
halide,standard,gesummv,5,0.000012,1,MINI,DOUBLE
halide,standard,heat-3d,1,0.000127,1,MINI,DOUBLE
halide,standard,heat-3d,2,0.000128,1,MINI,DOUBLE
halide,standard,heat-3d,3,0.000129,1,MINI,DOUBLE
halide,standard,heat-3d,4,0.000125,1,MINI,DOUBLE
halide,standard,heat-3d,5,0.000137,1,MINI,DOUBLE
halide,standard,lu,1,0.001476,1,MINI,DOUBLE
halide,standard,lu,2,0.001445,1,MINI,DOUBLE
halide,standard,lu,3,0.001476,1,MINI,DOUBLE
halide,standard,lu,4,0.001514,1,MINI,DOUBLE
halide,standard,lu,5,0.001516,1,MINI,DOUBLE
halide,standard,mvt,1,0.000020,1,MINI,DOUBLE
halide,standard,mvt,2,0.000020,1,MINI,DOUBLE
halide,standard,mvt,3,0.000020,1,MINI,DOUBLE
halide,standard,mvt,4,0.000019,1,MINI,DOUBLE
halide,standard,mvt,5,0.000019,1,MINI,DOUBLE
halide,standard,seidel-2d,1,0.000150,1,MINI,DOUBLE
halide,standard,seidel-2d,2,0.000150,1,MINI,DOUBLE
halide,standard,seidel-2d,3,0.000150,1,MINI,DOUBLE
halide,standard,seidel-2d,4,0.000150,1,MINI,DOUBLE
halide,standard,seidel-2d,5,0.000150,1,MINI,DOUBLE
halide,standard,symm,1,0.000051,1,MINI,DOUBLE
halide,standard,symm,2,0.000050,1,MINI,DOUBLE
halide,standard,symm,3,0.000048,1,MINI,DOUBLE
halide,standard,symm,4,0.000051,1,MINI,DOUBLE
halide,standard,symm,5,0.000049,1,MINI,DOUBLE
halide,standard,syrk,1,0.000042,1,MINI,DOUBLE
halide,standard,syrk,2,0.000044,1,MINI,DOUBLE
halide,standard,syrk,3,0.000041,1,MINI,DOUBLE
halide,standard,syrk,4,0.000041,1,MINI,DOUBLE
halide,standard,syrk,5,0.000043,1,MINI,DOUBLE
halide,standard,trmm,1,0.000022,1,MINI,DOUBLE
halide,standard,trmm,2,0.000024,1,MINI,DOUBLE
halide,standard,trmm,3,0.000023,1,MINI,DOUBLE
halide,standard,trmm,4,0.000023,1,MINI,DOUBLE
halide,standard,trmm,5,0.000034,1,MINI,DOUBLE
halide,standard,2mm,1,0.000052,2,MINI,DOUBLE
halide,standard,2mm,2,0.000042,2,MINI,DOUBLE
halide,standard,2mm,3,0.000029,2,MINI,DOUBLE
halide,standard,2mm,4,0.000028,2,MINI,DOUBLE
halide,standard,2mm,5,0.000040,2,MINI,DOUBLE
halide,standard,3mm,1,0.000263,2,MINI,DOUBLE
halide,standard,3mm,2,0.000276,2,MINI,DOUBLE
halide,standard,3mm,3,0.000264,2,MINI,DOUBLE
halide,standard,3mm,4,0.000276,2,MINI,DOUBLE
halide,standard,3mm,5,0.000276,2,MINI,DOUBLE
halide,standard,adi,1,0.000150,2,MINI,DOUBLE
halide,standard,adi,2,0.000151,2,MINI,DOUBLE
halide,standard,adi,3,0.000150,2,MINI,DOUBLE
halide,standard,adi,4,0.000150,2,MINI,DOUBLE
halide,standard,adi,5,0.000150,2,MINI,DOUBLE
halide,standard,atax,1,0.000014,2,MINI,DOUBLE
halide,standard,atax,2,0.000014,2,MINI,DOUBLE
halide,standard,atax,3,0.000013,2,MINI,DOUBLE
halide,standard,atax,4,0.000015,2,MINI,DOUBLE
halide,standard,atax,5,0.000013,2,MINI,DOUBLE
halide,standard,bicg,1,0.000013,2,MINI,DOUBLE
halide,standard,bicg,2,0.000013,2,MINI,DOUBLE
halide,standard,bicg,3,0.000014,2,MINI,DOUBLE
halide,standard,bicg,4,0.000013,2,MINI,DOUBLE
halide,standard,bicg,5,0.000014,2,MINI,DOUBLE
halide,standard,correlation,1,0.164010,2,MINI,DOUBLE
halide,standard,correlation,2,0.163919,2,MINI,DOUBLE
halide,standard,correlation,3,0.163922,2,MINI,DOUBLE
halide,standard,correlation,4,0.163963,2,MINI,DOUBLE
halide,standard,correlation,5,0.163888,2,MINI,DOUBLE
halide,standard,covariance,1,0.000059,2,MINI,DOUBLE
halide,standard,covariance,2,0.000047,2,MINI,DOUBLE
halide,standard,covariance,3,0.000058,2,MINI,DOUBLE
halide,standard,covariance,4,0.000047,2,MINI,DOUBLE
halide,standard,covariance,5,0.000048,2,MINI,DOUBLE
halide,standard,floyd-warshall,1,0.000207,2,MINI,DOUBLE
halide,standard,floyd-warshall,2,0.000207,2,MINI,DOUBLE
halide,standard,floyd-warshall,3,0.000208,2,MINI,DOUBLE
halide,standard,floyd-warshall,4,0.000208,2,MINI,DOUBLE
halide,standard,floyd-warshall,5,0.000208,2,MINI,DOUBLE
halide,standard,gemm,1,0.000048,2,MINI,DOUBLE
halide,standard,gemm,2,0.000044,2,MINI,DOUBLE
halide,standard,gemm,3,0.000047,2,MINI,DOUBLE
halide,standard,gemm,4,0.000045,2,MINI,DOUBLE
halide,standard,gemm,5,0.000046,2,MINI,DOUBLE
halide,standard,gesummv,1,0.000015,2,MINI,DOUBLE
halide,standard,gesummv,2,0.000015,2,MINI,DOUBLE
halide,standard,gesummv,3,0.000017,2,MINI,DOUBLE
halide,standard,gesummv,4,0.000017,2,MINI,DOUBLE
halide,standard,gesummv,5,0.000016,2,MINI,DOUBLE
halide,standard,heat-3d,1,0.000135,2,MINI,DOUBLE
halide,standard,heat-3d,2,0.000140,2,MINI,DOUBLE
halide,standard,heat-3d,3,0.000136,2,MINI,DOUBLE
halide,standard,heat-3d,4,0.000135,2,MINI,DOUBLE
halide,standard,heat-3d,5,0.000134,2,MINI,DOUBLE
halide,standard,jacobi-1d,1,0.000041,2,MINI,DOUBLE
halide,standard,jacobi-1d,2,0.000031,2,MINI,DOUBLE
halide,standard,jacobi-1d,3,0.000042,2,MINI,DOUBLE
halide,standard,jacobi-1d,4,0.000030,2,MINI,DOUBLE
halide,standard,jacobi-1d,5,0.000041,2,MINI,DOUBLE
halide,standard,mvt,1,0.000020,2,MINI,DOUBLE
halide,standard,mvt,2,0.000021,2,MINI,DOUBLE
halide,standard,mvt,3,0.000020,2,MINI,DOUBLE
halide,standard,mvt,4,0.000020,2,MINI,DOUBLE
halide,standard,mvt,5,0.000021,2,MINI,DOUBLE
halide,standard,symm,1,0.000045,2,MINI,DOUBLE
halide,standard,symm,2,0.000043,2,MINI,DOUBLE
halide,standard,symm,3,0.000044,2,MINI,DOUBLE
halide,standard,symm,4,0.000045,2,MINI,DOUBLE
halide,standard,symm,5,0.000042,2,MINI,DOUBLE
halide,standard,syr2k,1,0.000044,2,MINI,DOUBLE
halide,standard,syr2k,2,0.000044,2,MINI,DOUBLE
halide,standard,syr2k,3,0.000046,2,MINI,DOUBLE
halide,standard,syr2k,4,0.000045,2,MINI,DOUBLE
halide,standard,syr2k,5,0.000048,2,MINI,DOUBLE
halide,standard,syrk,1,0.000042,2,MINI,DOUBLE
halide,standard,syrk,2,0.000040,2,MINI,DOUBLE
halide,standard,syrk,3,0.000042,2,MINI,DOUBLE
halide,standard,syrk,4,0.000041,2,MINI,DOUBLE
halide,standard,syrk,5,0.000041,2,MINI,DOUBLE
halide,standard,trisolv,1,0.000092,2,MINI,DOUBLE
halide,standard,trisolv,2,0.000085,2,MINI,DOUBLE
halide,standard,trisolv,3,0.000089,2,MINI,DOUBLE
halide,standard,trisolv,4,0.000081,2,MINI,DOUBLE
halide,standard,trisolv,5,0.000083,2,MINI,DOUBLE
halide,standard,2mm,1,0.000041,3,MINI,DOUBLE
halide,standard,2mm,2,0.000042,3,MINI,DOUBLE
halide,standard,2mm,3,0.000039,3,MINI,DOUBLE
halide,standard,2mm,4,0.000031,3,MINI,DOUBLE
halide,standard,2mm,5,0.000041,3,MINI,DOUBLE
halide,standard,3mm,1,0.000047,3,MINI,DOUBLE
halide,standard,3mm,2,0.000048,3,MINI,DOUBLE
halide,standard,3mm,3,0.000034,3,MINI,DOUBLE
halide,standard,3mm,4,0.000048,3,MINI,DOUBLE
halide,standard,3mm,5,0.000047,3,MINI,DOUBLE
halide,standard,adi,1,0.000147,3,MINI,DOUBLE
halide,standard,adi,2,0.000147,3,MINI,DOUBLE
halide,standard,adi,3,0.000147,3,MINI,DOUBLE
halide,standard,adi,4,0.000147,3,MINI,DOUBLE
halide,standard,adi,5,0.000147,3,MINI,DOUBLE
halide,standard,atax,1,0.000016,3,MINI,DOUBLE
halide,standard,atax,2,0.000016,3,MINI,DOUBLE
halide,standard,atax,3,0.000016,3,MINI,DOUBLE
halide,standard,atax,4,0.000016,3,MINI,DOUBLE
halide,standard,atax,5,0.000015,3,MINI,DOUBLE
halide,standard,bicg,1,0.000014,3,MINI,DOUBLE
halide,standard,bicg,2,0.000014,3,MINI,DOUBLE
halide,standard,bicg,3,0.000016,3,MINI,DOUBLE
halide,standard,bicg,4,0.000017,3,MINI,DOUBLE
halide,standard,bicg,5,0.000015,3,MINI,DOUBLE
halide,standard,correlation,1,0.179722,3,MINI,DOUBLE
halide,standard,correlation,2,0.179836,3,MINI,DOUBLE
halide,standard,correlation,3,0.179748,3,MINI,DOUBLE
halide,standard,correlation,4,0.179774,3,MINI,DOUBLE
halide,standard,correlation,5,0.179828,3,MINI,DOUBLE
halide,standard,doitgen,1,0.000026,3,MINI,DOUBLE
halide,standard,doitgen,2,0.000026,3,MINI,DOUBLE
halide,standard,doitgen,3,0.000025,3,MINI,DOUBLE
halide,standard,doitgen,4,0.000026,3,MINI,DOUBLE
halide,standard,doitgen,5,0.000039,3,MINI,DOUBLE
halide,standard,fdtd-2d,1,0.000135,3,MINI,DOUBLE
halide,standard,fdtd-2d,2,0.000134,3,MINI,DOUBLE
halide,standard,fdtd-2d,3,0.000131,3,MINI,DOUBLE
halide,standard,fdtd-2d,4,0.000132,3,MINI,DOUBLE
halide,standard,fdtd-2d,5,0.000135,3,MINI,DOUBLE
halide,standard,floyd-warshall,1,0.000216,3,MINI,DOUBLE
halide,standard,floyd-warshall,2,0.000218,3,MINI,DOUBLE
halide,standard,floyd-warshall,3,0.000229,3,MINI,DOUBLE
halide,standard,floyd-warshall,4,0.000220,3,MINI,DOUBLE
halide,standard,floyd-warshall,5,0.000217,3,MINI,DOUBLE
halide,standard,gemm,1,0.000045,3,MINI,DOUBLE
halide,standard,gemm,2,0.000047,3,MINI,DOUBLE
halide,standard,gemm,3,0.000046,3,MINI,DOUBLE
halide,standard,gemm,4,0.000047,3,MINI,DOUBLE
halide,standard,gemm,5,0.000046,3,MINI,DOUBLE
halide,standard,gesummv,1,0.000013,3,MINI,DOUBLE
halide,standard,gesummv,2,0.000013,3,MINI,DOUBLE
halide,standard,gesummv,3,0.000013,3,MINI,DOUBLE
halide,standard,gesummv,4,0.000012,3,MINI,DOUBLE
halide,standard,gesummv,5,0.000012,3,MINI,DOUBLE
halide,standard,heat-3d,1,0.000288,3,MINI,DOUBLE
halide,standard,heat-3d,2,0.000290,3,MINI,DOUBLE
halide,standard,heat-3d,3,0.000300,3,MINI,DOUBLE
halide,standard,heat-3d,4,0.000291,3,MINI,DOUBLE
halide,standard,heat-3d,5,0.000293,3,MINI,DOUBLE
halide,standard,jacobi-2d,1,0.000149,3,MINI,DOUBLE
halide,standard,jacobi-2d,2,0.000142,3,MINI,DOUBLE
halide,standard,jacobi-2d,3,0.000151,3,MINI,DOUBLE
halide,standard,jacobi-2d,4,0.000142,3,MINI,DOUBLE
halide,standard,jacobi-2d,5,0.000142,3,MINI,DOUBLE
halide,standard,ludcmp,1,0.001445,3,MINI,DOUBLE
halide,standard,ludcmp,2,0.001473,3,MINI,DOUBLE
halide,standard,ludcmp,3,0.001480,3,MINI,DOUBLE
halide,standard,ludcmp,4,0.001468,3,MINI,DOUBLE
halide,standard,ludcmp,5,0.001489,3,MINI,DOUBLE
halide,standard,mvt,1,0.000019,3,MINI,DOUBLE
halide,standard,mvt,2,0.000020,3,MINI,DOUBLE
halide,standard,mvt,3,0.000020,3,MINI,DOUBLE
halide,standard,mvt,4,0.000019,3,MINI,DOUBLE
halide,standard,mvt,5,0.000019,3,MINI,DOUBLE
halide,standard,nussinov,1,0.001700,3,MINI,DOUBLE
halide,standard,nussinov,2,0.001685,3,MINI,DOUBLE
halide,standard,nussinov,3,0.001692,3,MINI,DOUBLE
halide,standard,nussinov,4,0.001772,3,MINI,DOUBLE
halide,standard,nussinov,5,0.001670,3,MINI,DOUBLE
halide,standard,seidel-2d,1,0.005052,3,MINI,DOUBLE
halide,standard,seidel-2d,2,0.005088,3,MINI,DOUBLE
halide,standard,seidel-2d,3,0.004930,3,MINI,DOUBLE
halide,standard,seidel-2d,4,0.005078,3,MINI,DOUBLE
halide,standard,seidel-2d,5,0.004268,3,MINI,DOUBLE
halide,standard,symm,1,0.000044,3,MINI,DOUBLE
halide,standard,symm,2,0.000042,3,MINI,DOUBLE
halide,standard,symm,3,0.000043,3,MINI,DOUBLE
halide,standard,symm,4,0.000041,3,MINI,DOUBLE
halide,standard,symm,5,0.000041,3,MINI,DOUBLE
halide,standard,syr2k,1,0.000044,3,MINI,DOUBLE
halide,standard,syr2k,2,0.000044,3,MINI,DOUBLE
halide,standard,syr2k,3,0.000047,3,MINI,DOUBLE
halide,standard,syr2k,4,0.000047,3,MINI,DOUBLE
halide,standard,syr2k,5,0.000045,3,MINI,DOUBLE
halide,standard,syrk,1,0.000056,3,MINI,DOUBLE
halide,standard,syrk,2,0.000047,3,MINI,DOUBLE
halide,standard,syrk,3,0.000042,3,MINI,DOUBLE
halide,standard,syrk,4,0.000041,3,MINI,DOUBLE
halide,standard,syrk,5,0.000043,3,MINI,DOUBLE
halide,standard,trisolv,1,0.000081,3,MINI,DOUBLE
halide,standard,trisolv,2,0.000092,3,MINI,DOUBLE
halide,standard,trisolv,3,0.000087,3,MINI,DOUBLE
halide,standard,trisolv,4,0.000089,3,MINI,DOUBLE
halide,standard,trisolv,5,0.000086,3,MINI,DOUBLE
halide,standard,2mm,1,0.000170,4,MINI,DOUBLE
halide,standard,2mm,2,0.000170,4,MINI,DOUBLE
halide,standard,2mm,3,0.000181,4,MINI,DOUBLE
halide,standard,2mm,4,0.000169,4,MINI,DOUBLE
halide,standard,2mm,5,0.000170,4,MINI,DOUBLE
halide,standard,3mm,1,0.000050,4,MINI,DOUBLE
halide,standard,3mm,2,0.000048,4,MINI,DOUBLE
halide,standard,3mm,3,0.000050,4,MINI,DOUBLE
halide,standard,3mm,4,0.000049,4,MINI,DOUBLE
halide,standard,3mm,5,0.000049,4,MINI,DOUBLE
halide,standard,atax,1,0.000019,4,MINI,DOUBLE
halide,standard,atax,2,0.000018,4,MINI,DOUBLE
halide,standard,atax,3,0.000018,4,MINI,DOUBLE
halide,standard,atax,4,0.000018,4,MINI,DOUBLE
halide,standard,atax,5,0.000018,4,MINI,DOUBLE
halide,standard,bicg,1,0.000015,4,MINI,DOUBLE
halide,standard,bicg,2,0.000015,4,MINI,DOUBLE
halide,standard,bicg,3,0.000015,4,MINI,DOUBLE
halide,standard,bicg,4,0.000016,4,MINI,DOUBLE
halide,standard,bicg,5,0.000016,4,MINI,DOUBLE
halide,standard,correlation,1,0.000043,4,MINI,DOUBLE
halide,standard,correlation,2,0.000043,4,MINI,DOUBLE
halide,standard,correlation,3,0.000043,4,MINI,DOUBLE
halide,standard,correlation,4,0.000043,4,MINI,DOUBLE
halide,standard,correlation,5,0.000043,4,MINI,DOUBLE
halide,standard,covariance,1,0.005922,4,MINI,DOUBLE
halide,standard,covariance,2,0.005908,4,MINI,DOUBLE
halide,standard,covariance,3,0.005920,4,MINI,DOUBLE
halide,standard,covariance,4,0.005907,4,MINI,DOUBLE
halide,standard,covariance,5,0.005924,4,MINI,DOUBLE
halide,standard,doitgen,1,0.000046,4,MINI,DOUBLE
halide,standard,doitgen,2,0.000024,4,MINI,DOUBLE
halide,standard,doitgen,3,0.000023,4,MINI,DOUBLE
halide,standard,doitgen,4,0.000024,4,MINI,DOUBLE
halide,standard,doitgen,5,0.000024,4,MINI,DOUBLE
halide,standard,durbin,1,0.000093,4,MINI,DOUBLE
halide,standard,durbin,2,0.000098,4,MINI,DOUBLE
halide,standard,durbin,3,0.000096,4,MINI,DOUBLE
halide,standard,durbin,4,0.000097,4,MINI,DOUBLE
halide,standard,durbin,5,0.000098,4,MINI,DOUBLE
halide,standard,floyd-warshall,1,0.000217,4,MINI,DOUBLE
halide,standard,floyd-warshall,2,0.000213,4,MINI,DOUBLE
halide,standard,floyd-warshall,3,0.000224,4,MINI,DOUBLE
halide,standard,floyd-warshall,4,0.000214,4,MINI,DOUBLE
halide,standard,floyd-warshall,5,0.000214,4,MINI,DOUBLE
halide,standard,gemm,1,0.000045,4,MINI,DOUBLE
halide,standard,gemm,2,0.000044,4,MINI,DOUBLE
halide,standard,gemm,3,0.000045,4,MINI,DOUBLE
halide,standard,gemm,4,0.000045,4,MINI,DOUBLE
halide,standard,gemm,5,0.000046,4,MINI,DOUBLE
halide,standard,gemver,1,0.000027,4,MINI,DOUBLE
halide,standard,gemver,2,0.000028,4,MINI,DOUBLE
halide,standard,gemver,3,0.000027,4,MINI,DOUBLE
halide,standard,gemver,4,0.000028,4,MINI,DOUBLE
halide,standard,gemver,5,0.000028,4,MINI,DOUBLE
halide,standard,gesummv,1,0.000012,4,MINI,DOUBLE
halide,standard,gesummv,2,0.000013,4,MINI,DOUBLE
halide,standard,gesummv,3,0.000012,4,MINI,DOUBLE
halide,standard,gesummv,4,0.000012,4,MINI,DOUBLE
halide,standard,gesummv,5,0.000013,4,MINI,DOUBLE
halide,standard,heat-3d,1,0.000079,4,MINI,DOUBLE
halide,standard,heat-3d,2,0.000079,4,MINI,DOUBLE
halide,standard,heat-3d,3,0.000079,4,MINI,DOUBLE
halide,standard,heat-3d,4,0.000079,4,MINI,DOUBLE
halide,standard,heat-3d,5,0.000080,4,MINI,DOUBLE
halide,standard,jacobi-2d,1,0.000080,4,MINI,DOUBLE
halide,standard,jacobi-2d,2,0.000080,4,MINI,DOUBLE
halide,standard,jacobi-2d,3,0.000079,4,MINI,DOUBLE
halide,standard,jacobi-2d,4,0.000079,4,MINI,DOUBLE
halide,standard,jacobi-2d,5,0.000079,4,MINI,DOUBLE
halide,standard,mvt,1,0.000017,4,MINI,DOUBLE
halide,standard,mvt,2,0.000017,4,MINI,DOUBLE
halide,standard,mvt,3,0.000018,4,MINI,DOUBLE
halide,standard,mvt,4,0.000019,4,MINI,DOUBLE
halide,standard,mvt,5,0.000018,4,MINI,DOUBLE
halide,standard,nussinov,1,0.001903,4,MINI,DOUBLE
halide,standard,nussinov,2,0.002020,4,MINI,DOUBLE
halide,standard,nussinov,3,0.001970,4,MINI,DOUBLE
halide,standard,nussinov,4,0.001946,4,MINI,DOUBLE
halide,standard,nussinov,5,0.001938,4,MINI,DOUBLE
halide,standard,symm,1,0.000047,4,MINI,DOUBLE
halide,standard,symm,2,0.000049,4,MINI,DOUBLE
halide,standard,symm,3,0.000048,4,MINI,DOUBLE
halide,standard,symm,4,0.000046,4,MINI,DOUBLE
halide,standard,symm,5,0.000050,4,MINI,DOUBLE
halide,standard,syr2k,1,0.000044,4,MINI,DOUBLE
halide,standard,syr2k,2,0.000044,4,MINI,DOUBLE
halide,standard,syr2k,3,0.000045,4,MINI,DOUBLE
halide,standard,syr2k,4,0.000048,4,MINI,DOUBLE
halide,standard,syr2k,5,0.000044,4,MINI,DOUBLE
halide,standard,syrk,1,0.000041,4,MINI,DOUBLE
halide,standard,syrk,2,0.000041,4,MINI,DOUBLE
halide,standard,syrk,3,0.000043,4,MINI,DOUBLE
halide,standard,syrk,4,0.000042,4,MINI,DOUBLE
halide,standard,syrk,5,0.000043,4,MINI,DOUBLE
halide,standard,trmm,1,0.000023,4,MINI,DOUBLE
halide,standard,trmm,2,0.000024,4,MINI,DOUBLE
halide,standard,trmm,3,0.000024,4,MINI,DOUBLE
halide,standard,trmm,4,0.000025,4,MINI,DOUBLE
halide,standard,trmm,5,0.000024,4,MINI,DOUBLE
halide,standard,2mm,1,0.000171,5,MINI,DOUBLE
halide,standard,2mm,2,0.000171,5,MINI,DOUBLE
halide,standard,2mm,3,0.000170,5,MINI,DOUBLE
halide,standard,2mm,4,0.000171,5,MINI,DOUBLE
halide,standard,2mm,5,0.000168,5,MINI,DOUBLE
halide,standard,3mm,1,0.000265,5,MINI,DOUBLE
halide,standard,3mm,2,0.000264,5,MINI,DOUBLE
halide,standard,3mm,3,0.000265,5,MINI,DOUBLE
halide,standard,3mm,4,0.000268,5,MINI,DOUBLE
halide,standard,3mm,5,0.000265,5,MINI,DOUBLE
halide,standard,adi,1,0.000158,5,MINI,DOUBLE
halide,standard,adi,2,0.000151,5,MINI,DOUBLE
halide,standard,adi,3,0.000147,5,MINI,DOUBLE
halide,standard,adi,4,0.000147,5,MINI,DOUBLE
halide,standard,adi,5,0.000147,5,MINI,DOUBLE
halide,standard,atax,1,0.000013,5,MINI,DOUBLE
halide,standard,atax,2,0.000013,5,MINI,DOUBLE
halide,standard,atax,3,0.000013,5,MINI,DOUBLE
halide,standard,atax,4,0.000014,5,MINI,DOUBLE
halide,standard,atax,5,0.000014,5,MINI,DOUBLE
halide,standard,bicg,1,0.000015,5,MINI,DOUBLE
halide,standard,bicg,2,0.000016,5,MINI,DOUBLE
halide,standard,bicg,3,0.000015,5,MINI,DOUBLE
halide,standard,bicg,4,0.000015,5,MINI,DOUBLE
halide,standard,bicg,5,0.000016,5,MINI,DOUBLE
halide,standard,correlation,1,0.180483,5,MINI,DOUBLE
halide,standard,correlation,2,0.180551,5,MINI,DOUBLE
halide,standard,correlation,3,0.180498,5,MINI,DOUBLE
halide,standard,correlation,4,0.180503,5,MINI,DOUBLE
halide,standard,correlation,5,0.180440,5,MINI,DOUBLE
halide,standard,doitgen,1,0.000023,5,MINI,DOUBLE
halide,standard,doitgen,2,0.000024,5,MINI,DOUBLE
halide,standard,doitgen,3,0.000025,5,MINI,DOUBLE
halide,standard,doitgen,4,0.000023,5,MINI,DOUBLE
halide,standard,doitgen,5,0.000024,5,MINI,DOUBLE
halide,standard,fdtd-2d,1,0.000144,5,MINI,DOUBLE
halide,standard,fdtd-2d,2,0.000141,5,MINI,DOUBLE
halide,standard,fdtd-2d,3,0.000141,5,MINI,DOUBLE
halide,standard,fdtd-2d,4,0.000141,5,MINI,DOUBLE
halide,standard,fdtd-2d,5,0.000140,5,MINI,DOUBLE
halide,standard,gesummv,1,0.000012,5,MINI,DOUBLE
halide,standard,gesummv,2,0.000013,5,MINI,DOUBLE
halide,standard,gesummv,3,0.000013,5,MINI,DOUBLE
halide,standard,gesummv,4,0.000012,5,MINI,DOUBLE
halide,standard,gesummv,5,0.000013,5,MINI,DOUBLE
halide,standard,jacobi-1d,1,0.000031,5,MINI,DOUBLE
halide,standard,jacobi-1d,2,0.000029,5,MINI,DOUBLE
halide,standard,jacobi-1d,3,0.000030,5,MINI,DOUBLE
halide,standard,jacobi-1d,4,0.000030,5,MINI,DOUBLE
halide,standard,jacobi-1d,5,0.000030,5,MINI,DOUBLE
halide,standard,jacobi-2d,1,0.000145,5,MINI,DOUBLE
halide,standard,jacobi-2d,2,0.000148,5,MINI,DOUBLE
halide,standard,jacobi-2d,3,0.000145,5,MINI,DOUBLE
halide,standard,jacobi-2d,4,0.000145,5,MINI,DOUBLE
halide,standard,jacobi-2d,5,0.000146,5,MINI,DOUBLE
halide,standard,lu,1,0.001416,5,MINI,DOUBLE
halide,standard,lu,2,0.001385,5,MINI,DOUBLE
halide,standard,lu,3,0.001367,5,MINI,DOUBLE
halide,standard,lu,4,0.001369,5,MINI,DOUBLE
halide,standard,lu,5,0.001585,5,MINI,DOUBLE
halide,standard,mvt,1,0.000021,5,MINI,DOUBLE
halide,standard,mvt,2,0.000020,5,MINI,DOUBLE
halide,standard,mvt,3,0.000031,5,MINI,DOUBLE
halide,standard,mvt,4,0.000020,5,MINI,DOUBLE
halide,standard,mvt,5,0.000020,5,MINI,DOUBLE
halide,standard,symm,1,0.000043,5,MINI,DOUBLE
halide,standard,symm,2,0.000043,5,MINI,DOUBLE
halide,standard,symm,3,0.000044,5,MINI,DOUBLE
halide,standard,symm,4,0.000042,5,MINI,DOUBLE
halide,standard,symm,5,0.000046,5,MINI,DOUBLE
halide,standard,syr2k,1,0.000050,5,MINI,DOUBLE
halide,standard,syr2k,2,0.000044,5,MINI,DOUBLE
halide,standard,syr2k,3,0.000044,5,MINI,DOUBLE
halide,standard,syr2k,4,0.000044,5,MINI,DOUBLE
halide,standard,syr2k,5,0.000043,5,MINI,DOUBLE
halide,standard,syrk,1,0.000030,5,MINI,DOUBLE
halide,standard,syrk,2,0.000029,5,MINI,DOUBLE
halide,standard,syrk,3,0.000038,5,MINI,DOUBLE
halide,standard,syrk,4,0.000039,5,MINI,DOUBLE
halide,standard,syrk,5,0.000039,5,MINI,DOUBLE
halide,standard,trmm,1,0.000025,5,MINI,DOUBLE
halide,standard,trmm,2,0.000027,5,MINI,DOUBLE
halide,standard,trmm,3,0.000026,5,MINI,DOUBLE
halide,standard,trmm,4,0.000026,5,MINI,DOUBLE
halide,standard,trmm,5,0.000026,5,MINI,DOUBLE
exo,standard,2mm,1,0.000022,1,MINI,DOUBLE
exo,standard,2mm,2,0.000022,1,MINI,DOUBLE
exo,standard,2mm,3,0.000022,1,MINI,DOUBLE
exo,standard,2mm,4,0.000021,1,MINI,DOUBLE
exo,standard,2mm,5,0.000022,1,MINI,DOUBLE
exo,standard,3mm,1,0.000033,1,MINI,DOUBLE
exo,standard,3mm,2,0.000034,1,MINI,DOUBLE
exo,standard,3mm,3,0.000033,1,MINI,DOUBLE
exo,standard,3mm,4,0.000033,1,MINI,DOUBLE
exo,standard,3mm,5,0.000046,1,MINI,DOUBLE
exo,standard,atax,1,0.000004,1,MINI,DOUBLE
exo,standard,atax,2,0.000004,1,MINI,DOUBLE
exo,standard,atax,3,0.000005,1,MINI,DOUBLE
exo,standard,atax,4,0.000004,1,MINI,DOUBLE
exo,standard,atax,5,0.000004,1,MINI,DOUBLE
exo,standard,bicg,1,0.000008,1,MINI,DOUBLE
exo,standard,bicg,2,0.000007,1,MINI,DOUBLE
exo,standard,bicg,3,0.000016,1,MINI,DOUBLE
exo,standard,bicg,4,0.000008,1,MINI,DOUBLE
exo,standard,bicg,5,0.000007,1,MINI,DOUBLE
exo,standard,cholesky,1,0.000018,1,MINI,DOUBLE
exo,standard,cholesky,2,0.000018,1,MINI,DOUBLE
exo,standard,cholesky,3,0.000017,1,MINI,DOUBLE
exo,standard,cholesky,4,0.000018,1,MINI,DOUBLE
exo,standard,cholesky,5,0.000017,1,MINI,DOUBLE
exo,standard,correlation,1,0.000030,1,MINI,DOUBLE
exo,standard,correlation,2,0.000029,1,MINI,DOUBLE
exo,standard,correlation,3,0.000030,1,MINI,DOUBLE
exo,standard,correlation,4,0.000030,1,MINI,DOUBLE
exo,standard,correlation,5,0.000030,1,MINI,DOUBLE
exo,standard,covariance,1,0.000028,1,MINI,DOUBLE
exo,standard,covariance,2,0.000028,1,MINI,DOUBLE
exo,standard,covariance,3,0.000026,1,MINI,DOUBLE
exo,standard,covariance,4,0.000026,1,MINI,DOUBLE
exo,standard,covariance,5,0.000026,1,MINI,DOUBLE
exo,standard,doitgen,1,0.000017,1,MINI,DOUBLE
exo,standard,doitgen,2,0.000018,1,MINI,DOUBLE
exo,standard,doitgen,3,0.000017,1,MINI,DOUBLE
exo,standard,doitgen,4,0.000017,1,MINI,DOUBLE
exo,standard,doitgen,5,0.000016,1,MINI,DOUBLE
exo,standard,durbin,1,0.000006,1,MINI,DOUBLE
exo,standard,durbin,2,0.000005,1,MINI,DOUBLE
exo,standard,durbin,3,0.000005,1,MINI,DOUBLE
exo,standard,durbin,4,0.000007,1,MINI,DOUBLE
exo,standard,durbin,5,0.000005,1,MINI,DOUBLE
exo,standard,fdtd-2d,1,0.000036,1,MINI,DOUBLE
exo,standard,fdtd-2d,2,0.000036,1,MINI,DOUBLE
exo,standard,fdtd-2d,3,0.000036,1,MINI,DOUBLE
exo,standard,fdtd-2d,4,0.000036,1,MINI,DOUBLE
exo,standard,fdtd-2d,5,0.000036,1,MINI,DOUBLE
exo,standard,floyd-warshall,1,0.000264,1,MINI,DOUBLE
exo,standard,floyd-warshall,2,0.000263,1,MINI,DOUBLE
exo,standard,floyd-warshall,3,0.000275,1,MINI,DOUBLE
exo,standard,floyd-warshall,4,0.000277,1,MINI,DOUBLE
exo,standard,floyd-warshall,5,0.000266,1,MINI,DOUBLE
exo,standard,gemm,1,0.000008,1,MINI,DOUBLE
exo,standard,gemm,2,0.000008,1,MINI,DOUBLE
exo,standard,gemm,3,0.000008,1,MINI,DOUBLE
exo,standard,gemm,4,0.000008,1,MINI,DOUBLE
exo,standard,gemm,5,0.000008,1,MINI,DOUBLE
exo,standard,gemver,1,0.000008,1,MINI,DOUBLE
exo,standard,gemver,2,0.000008,1,MINI,DOUBLE
exo,standard,gemver,3,0.000007,1,MINI,DOUBLE
exo,standard,gemver,4,0.000007,1,MINI,DOUBLE
exo,standard,gemver,5,0.000007,1,MINI,DOUBLE
exo,standard,gesummv,1,0.000003,1,MINI,DOUBLE
exo,standard,gesummv,2,0.000003,1,MINI,DOUBLE
exo,standard,gesummv,3,0.000003,1,MINI,DOUBLE
exo,standard,gesummv,4,0.000004,1,MINI,DOUBLE
exo,standard,gesummv,5,0.000004,1,MINI,DOUBLE
exo,standard,heat-3d,1,0.000067,1,MINI,DOUBLE
exo,standard,heat-3d,2,0.000067,1,MINI,DOUBLE
exo,standard,heat-3d,3,0.000067,1,MINI,DOUBLE
exo,standard,heat-3d,4,0.000068,1,MINI,DOUBLE
exo,standard,heat-3d,5,0.000067,1,MINI,DOUBLE
exo,standard,jacobi-1d,1,0.000001,1,MINI,DOUBLE
exo,standard,jacobi-1d,2,0.000001,1,MINI,DOUBLE
exo,standard,jacobi-1d,3,0.000001,1,MINI,DOUBLE
exo,standard,jacobi-1d,4,0.000002,1,MINI,DOUBLE
exo,standard,jacobi-1d,5,0.000001,1,MINI,DOUBLE
exo,standard,jacobi-2d,1,0.000042,1,MINI,DOUBLE
exo,standard,jacobi-2d,2,0.000041,1,MINI,DOUBLE
exo,standard,jacobi-2d,3,0.000042,1,MINI,DOUBLE
exo,standard,jacobi-2d,4,0.000042,1,MINI,DOUBLE
exo,standard,jacobi-2d,5,0.000042,1,MINI,DOUBLE
exo,standard,lu,1,0.000032,1,MINI,DOUBLE
exo,standard,lu,2,0.000032,1,MINI,DOUBLE
exo,standard,lu,3,0.000032,1,MINI,DOUBLE
exo,standard,lu,4,0.000031,1,MINI,DOUBLE
exo,standard,lu,5,0.000032,1,MINI,DOUBLE
exo,standard,ludcmp,1,0.000032,1,MINI,DOUBLE
exo,standard,ludcmp,2,0.000031,1,MINI,DOUBLE
exo,standard,ludcmp,3,0.000032,1,MINI,DOUBLE
exo,standard,ludcmp,4,0.000032,1,MINI,DOUBLE
exo,standard,ludcmp,5,0.000031,1,MINI,DOUBLE
exo,standard,mvt,1,0.000006,1,MINI,DOUBLE
exo,standard,mvt,2,0.000005,1,MINI,DOUBLE
exo,standard,mvt,3,0.000005,1,MINI,DOUBLE
exo,standard,mvt,4,0.000006,1,MINI,DOUBLE
exo,standard,mvt,5,0.000005,1,MINI,DOUBLE
exo,standard,nussinov,1,0.000114,1,MINI,DOUBLE
exo,standard,nussinov,2,0.000114,1,MINI,DOUBLE
exo,standard,nussinov,3,0.000114,1,MINI,DOUBLE
exo,standard,nussinov,4,0.000128,1,MINI,DOUBLE
exo,standard,nussinov,5,0.000114,1,MINI,DOUBLE
exo,standard,seidel-2d,1,0.000364,1,MINI,DOUBLE
exo,standard,seidel-2d,2,0.000354,1,MINI,DOUBLE
exo,standard,seidel-2d,3,0.000354,1,MINI,DOUBLE
exo,standard,seidel-2d,4,0.000354,1,MINI,DOUBLE
exo,standard,seidel-2d,5,0.000369,1,MINI,DOUBLE
exo,standard,symm,1,0.000020,1,MINI,DOUBLE
exo,standard,symm,2,0.000019,1,MINI,DOUBLE
exo,standard,symm,3,0.000018,1,MINI,DOUBLE
exo,standard,symm,4,0.000019,1,MINI,DOUBLE
exo,standard,symm,5,0.000019,1,MINI,DOUBLE
exo,standard,syr2k,1,0.000018,1,MINI,DOUBLE
exo,standard,syr2k,2,0.000018,1,MINI,DOUBLE
exo,standard,syr2k,3,0.000019,1,MINI,DOUBLE
exo,standard,syr2k,4,0.000018,1,MINI,DOUBLE
exo,standard,syr2k,5,0.000018,1,MINI,DOUBLE
exo,standard,syrk,1,0.000011,1,MINI,DOUBLE
exo,standard,syrk,2,0.000026,1,MINI,DOUBLE
exo,standard,syrk,3,0.000010,1,MINI,DOUBLE
exo,standard,syrk,4,0.000010,1,MINI,DOUBLE
exo,standard,syrk,5,0.000011,1,MINI,DOUBLE
exo,standard,trisolv,1,0.000002,1,MINI,DOUBLE
exo,standard,trisolv,2,0.000002,1,MINI,DOUBLE
exo,standard,trisolv,3,0.000002,1,MINI,DOUBLE
exo,standard,trisolv,4,0.000002,1,MINI,DOUBLE
exo,standard,trisolv,5,0.000002,1,MINI,DOUBLE
exo,standard,trmm,1,0.000009,1,MINI,DOUBLE
exo,standard,trmm,2,0.000010,1,MINI,DOUBLE
exo,standard,trmm,3,0.000010,1,MINI,DOUBLE
exo,standard,trmm,4,0.000009,1,MINI,DOUBLE
exo,standard,trmm,5,0.000009,1,MINI,DOUBLE
exo,standard,2mm,1,0.000022,2,MINI,DOUBLE
exo,standard,2mm,2,0.000022,2,MINI,DOUBLE
exo,standard,2mm,3,0.000022,2,MINI,DOUBLE
exo,standard,2mm,4,0.000023,2,MINI,DOUBLE
exo,standard,2mm,5,0.000022,2,MINI,DOUBLE
exo,standard,3mm,1,0.000033,2,MINI,DOUBLE
exo,standard,3mm,2,0.000034,2,MINI,DOUBLE
exo,standard,3mm,3,0.000033,2,MINI,DOUBLE
exo,standard,3mm,4,0.000034,2,MINI,DOUBLE
exo,standard,3mm,5,0.000034,2,MINI,DOUBLE
exo,standard,adi,1,0.000172,2,MINI,DOUBLE
exo,standard,adi,2,0.000171,2,MINI,DOUBLE
exo,standard,adi,3,0.000179,2,MINI,DOUBLE
exo,standard,adi,4,0.000170,2,MINI,DOUBLE
exo,standard,adi,5,0.000170,2,MINI,DOUBLE
exo,standard,atax,1,0.000004,2,MINI,DOUBLE
exo,standard,atax,2,0.000004,2,MINI,DOUBLE
exo,standard,atax,3,0.000005,2,MINI,DOUBLE
exo,standard,atax,4,0.000004,2,MINI,DOUBLE
exo,standard,atax,5,0.000004,2,MINI,DOUBLE
exo,standard,bicg,1,0.000008,2,MINI,DOUBLE
exo,standard,bicg,2,0.000007,2,MINI,DOUBLE
exo,standard,bicg,3,0.000007,2,MINI,DOUBLE
exo,standard,bicg,4,0.000007,2,MINI,DOUBLE
exo,standard,bicg,5,0.000007,2,MINI,DOUBLE
exo,standard,cholesky,1,0.000017,2,MINI,DOUBLE
exo,standard,cholesky,2,0.000017,2,MINI,DOUBLE
exo,standard,cholesky,3,0.000017,2,MINI,DOUBLE
exo,standard,cholesky,4,0.000017,2,MINI,DOUBLE
exo,standard,cholesky,5,0.000018,2,MINI,DOUBLE
exo,standard,correlation,1,0.000030,2,MINI,DOUBLE
exo,standard,correlation,2,0.000029,2,MINI,DOUBLE
exo,standard,correlation,3,0.000029,2,MINI,DOUBLE
exo,standard,correlation,4,0.000029,2,MINI,DOUBLE
exo,standard,correlation,5,0.000031,2,MINI,DOUBLE
exo,standard,covariance,1,0.000027,2,MINI,DOUBLE
exo,standard,covariance,2,0.000027,2,MINI,DOUBLE
exo,standard,covariance,3,0.000027,2,MINI,DOUBLE
exo,standard,covariance,4,0.000026,2,MINI,DOUBLE
exo,standard,covariance,5,0.000026,2,MINI,DOUBLE
exo,standard,doitgen,1,0.000017,2,MINI,DOUBLE
exo,standard,doitgen,2,0.000018,2,MINI,DOUBLE
exo,standard,doitgen,3,0.000029,2,MINI,DOUBLE
exo,standard,doitgen,4,0.000017,2,MINI,DOUBLE
exo,standard,doitgen,5,0.000018,2,MINI,DOUBLE
exo,standard,durbin,1,0.000005,2,MINI,DOUBLE
exo,standard,durbin,2,0.000005,2,MINI,DOUBLE
exo,standard,durbin,3,0.000004,2,MINI,DOUBLE
exo,standard,durbin,4,0.000005,2,MINI,DOUBLE
exo,standard,durbin,5,0.000005,2,MINI,DOUBLE
exo,standard,fdtd-2d,1,0.000036,2,MINI,DOUBLE
exo,standard,fdtd-2d,2,0.000036,2,MINI,DOUBLE
exo,standard,fdtd-2d,3,0.000026,2,MINI,DOUBLE
exo,standard,fdtd-2d,4,0.000036,2,MINI,DOUBLE
exo,standard,fdtd-2d,5,0.000036,2,MINI,DOUBLE
exo,standard,floyd-warshall,1,0.000265,2,MINI,DOUBLE
exo,standard,floyd-warshall,2,0.000277,2,MINI,DOUBLE
exo,standard,floyd-warshall,3,0.000264,2,MINI,DOUBLE
exo,standard,floyd-warshall,4,0.000277,2,MINI,DOUBLE
exo,standard,floyd-warshall,5,0.000263,2,MINI,DOUBLE
exo,standard,gemm,1,0.000009,2,MINI,DOUBLE
exo,standard,gemm,2,0.000009,2,MINI,DOUBLE
exo,standard,gemm,3,0.000008,2,MINI,DOUBLE
exo,standard,gemm,4,0.000008,2,MINI,DOUBLE
exo,standard,gemm,5,0.000009,2,MINI,DOUBLE
exo,standard,gemver,1,0.000007,2,MINI,DOUBLE
exo,standard,gemver,2,0.000007,2,MINI,DOUBLE
exo,standard,gemver,3,0.000007,2,MINI,DOUBLE
exo,standard,gemver,4,0.000007,2,MINI,DOUBLE
exo,standard,gemver,5,0.000006,2,MINI,DOUBLE
exo,standard,gesummv,1,0.000004,2,MINI,DOUBLE
exo,standard,gesummv,2,0.000004,2,MINI,DOUBLE
exo,standard,gesummv,3,0.000004,2,MINI,DOUBLE
exo,standard,gesummv,4,0.000004,2,MINI,DOUBLE
exo,standard,gesummv,5,0.000004,2,MINI,DOUBLE
exo,standard,heat-3d,1,0.000067,2,MINI,DOUBLE
exo,standard,heat-3d,2,0.000067,2,MINI,DOUBLE
exo,standard,heat-3d,3,0.000067,2,MINI,DOUBLE
exo,standard,heat-3d,4,0.000066,2,MINI,DOUBLE
exo,standard,heat-3d,5,0.000067,2,MINI,DOUBLE
exo,standard,jacobi-1d,1,0.000001,2,MINI,DOUBLE
exo,standard,jacobi-1d,2,0.000001,2,MINI,DOUBLE
exo,standard,jacobi-1d,3,0.000002,2,MINI,DOUBLE
exo,standard,jacobi-1d,4,0.000001,2,MINI,DOUBLE
exo,standard,jacobi-1d,5,0.000001,2,MINI,DOUBLE
exo,standard,jacobi-2d,1,0.000042,2,MINI,DOUBLE
exo,standard,jacobi-2d,2,0.000042,2,MINI,DOUBLE
exo,standard,jacobi-2d,3,0.000042,2,MINI,DOUBLE
exo,standard,jacobi-2d,4,0.000041,2,MINI,DOUBLE
exo,standard,jacobi-2d,5,0.000042,2,MINI,DOUBLE
exo,standard,lu,1,0.000033,2,MINI,DOUBLE
exo,standard,lu,2,0.000030,2,MINI,DOUBLE
exo,standard,lu,3,0.000030,2,MINI,DOUBLE
exo,standard,lu,4,0.000031,2,MINI,DOUBLE
exo,standard,lu,5,0.000031,2,MINI,DOUBLE
exo,standard,ludcmp,1,0.000031,2,MINI,DOUBLE
exo,standard,ludcmp,2,0.000031,2,MINI,DOUBLE
exo,standard,ludcmp,3,0.000031,2,MINI,DOUBLE
exo,standard,ludcmp,4,0.000030,2,MINI,DOUBLE
exo,standard,ludcmp,5,0.000031,2,MINI,DOUBLE
exo,standard,mvt,1,0.000005,2,MINI,DOUBLE
exo,standard,mvt,2,0.000005,2,MINI,DOUBLE
exo,standard,mvt,3,0.000005,2,MINI,DOUBLE
exo,standard,mvt,4,0.000018,2,MINI,DOUBLE
exo,standard,mvt,5,0.000005,2,MINI,DOUBLE
exo,standard,nussinov,1,0.000114,2,MINI,DOUBLE
exo,standard,nussinov,2,0.000113,2,MINI,DOUBLE
exo,standard,nussinov,3,0.000114,2,MINI,DOUBLE
exo,standard,nussinov,4,0.000113,2,MINI,DOUBLE
exo,standard,nussinov,5,0.000113,2,MINI,DOUBLE
exo,standard,seidel-2d,1,0.000354,2,MINI,DOUBLE
exo,standard,seidel-2d,2,0.000362,2,MINI,DOUBLE
exo,standard,seidel-2d,3,0.000355,2,MINI,DOUBLE
exo,standard,seidel-2d,4,0.000354,2,MINI,DOUBLE
exo,standard,seidel-2d,5,0.000354,2,MINI,DOUBLE
exo,standard,symm,1,0.000019,2,MINI,DOUBLE
exo,standard,symm,2,0.000033,2,MINI,DOUBLE
exo,standard,symm,3,0.000020,2,MINI,DOUBLE
exo,standard,symm,4,0.000019,2,MINI,DOUBLE
exo,standard,symm,5,0.000019,2,MINI,DOUBLE
exo,standard,syr2k,1,0.000018,2,MINI,DOUBLE
exo,standard,syr2k,2,0.000019,2,MINI,DOUBLE
exo,standard,syr2k,3,0.000018,2,MINI,DOUBLE
exo,standard,syr2k,4,0.000019,2,MINI,DOUBLE
exo,standard,syr2k,5,0.000018,2,MINI,DOUBLE
exo,standard,syrk,1,0.000011,2,MINI,DOUBLE
exo,standard,syrk,2,0.000022,2,MINI,DOUBLE
exo,standard,syrk,3,0.000011,2,MINI,DOUBLE
exo,standard,syrk,4,0.000011,2,MINI,DOUBLE
exo,standard,syrk,5,0.000011,2,MINI,DOUBLE
exo,standard,trisolv,1,0.000002,2,MINI,DOUBLE
exo,standard,trisolv,2,0.000002,2,MINI,DOUBLE
exo,standard,trisolv,3,0.000002,2,MINI,DOUBLE
exo,standard,trisolv,4,0.000002,2,MINI,DOUBLE
exo,standard,trisolv,5,0.000001,2,MINI,DOUBLE
exo,standard,trmm,1,0.000009,2,MINI,DOUBLE
exo,standard,trmm,2,0.000009,2,MINI,DOUBLE
exo,standard,trmm,3,0.000009,2,MINI,DOUBLE
exo,standard,trmm,4,0.000009,2,MINI,DOUBLE
exo,standard,trmm,5,0.000010,2,MINI,DOUBLE
exo,standard,2mm,1,0.000023,3,MINI,DOUBLE
exo,standard,2mm,2,0.000022,3,MINI,DOUBLE
exo,standard,2mm,3,0.000022,3,MINI,DOUBLE
exo,standard,2mm,4,0.000022,3,MINI,DOUBLE
exo,standard,2mm,5,0.000022,3,MINI,DOUBLE
exo,standard,3mm,1,0.000032,3,MINI,DOUBLE
exo,standard,3mm,2,0.000032,3,MINI,DOUBLE
exo,standard,3mm,3,0.000034,3,MINI,DOUBLE
exo,standard,3mm,4,0.000034,3,MINI,DOUBLE
exo,standard,3mm,5,0.000033,3,MINI,DOUBLE
exo,standard,adi,1,0.000171,3,MINI,DOUBLE
exo,standard,adi,2,0.000171,3,MINI,DOUBLE
exo,standard,adi,3,0.000172,3,MINI,DOUBLE
exo,standard,adi,4,0.000172,3,MINI,DOUBLE
exo,standard,adi,5,0.000172,3,MINI,DOUBLE
exo,standard,atax,1,0.000004,3,MINI,DOUBLE
exo,standard,atax,2,0.000004,3,MINI,DOUBLE
exo,standard,atax,3,0.000004,3,MINI,DOUBLE
exo,standard,atax,4,0.000004,3,MINI,DOUBLE
exo,standard,atax,5,0.000004,3,MINI,DOUBLE
exo,standard,bicg,1,0.000007,3,MINI,DOUBLE
exo,standard,bicg,2,0.000008,3,MINI,DOUBLE
exo,standard,bicg,3,0.000007,3,MINI,DOUBLE
exo,standard,bicg,4,0.000011,3,MINI,DOUBLE
exo,standard,bicg,5,0.000007,3,MINI,DOUBLE
exo,standard,cholesky,1,0.000017,3,MINI,DOUBLE
exo,standard,cholesky,2,0.000017,3,MINI,DOUBLE
exo,standard,cholesky,3,0.000017,3,MINI,DOUBLE
exo,standard,cholesky,4,0.000017,3,MINI,DOUBLE
exo,standard,cholesky,5,0.000017,3,MINI,DOUBLE
exo,standard,correlation,1,0.000029,3,MINI,DOUBLE
exo,standard,correlation,2,0.000030,3,MINI,DOUBLE
exo,standard,correlation,3,0.000029,3,MINI,DOUBLE
exo,standard,correlation,4,0.000031,3,MINI,DOUBLE
exo,standard,correlation,5,0.000030,3,MINI,DOUBLE
exo,standard,covariance,1,0.000027,3,MINI,DOUBLE
exo,standard,covariance,2,0.000026,3,MINI,DOUBLE
exo,standard,covariance,3,0.000027,3,MINI,DOUBLE
exo,standard,covariance,4,0.000027,3,MINI,DOUBLE
exo,standard,covariance,5,0.000028,3,MINI,DOUBLE
exo,standard,deriche,1,0.000168,3,MINI,DOUBLE
exo,standard,deriche,2,0.000166,3,MINI,DOUBLE
exo,standard,deriche,3,0.000155,3,MINI,DOUBLE
exo,standard,deriche,4,0.000156,3,MINI,DOUBLE
exo,standard,deriche,5,0.000159,3,MINI,DOUBLE
exo,standard,doitgen,1,0.000016,3,MINI,DOUBLE
exo,standard,doitgen,2,0.000018,3,MINI,DOUBLE
exo,standard,doitgen,3,0.000018,3,MINI,DOUBLE
exo,standard,doitgen,4,0.000017,3,MINI,DOUBLE
exo,standard,doitgen,5,0.000017,3,MINI,DOUBLE
exo,standard,durbin,1,0.000005,3,MINI,DOUBLE
exo,standard,durbin,2,0.000005,3,MINI,DOUBLE
exo,standard,durbin,3,0.000005,3,MINI,DOUBLE
exo,standard,durbin,4,0.000005,3,MINI,DOUBLE
exo,standard,durbin,5,0.000005,3,MINI,DOUBLE
exo,standard,fdtd-2d,1,0.000036,3,MINI,DOUBLE
exo,standard,fdtd-2d,2,0.000036,3,MINI,DOUBLE
exo,standard,fdtd-2d,3,0.000036,3,MINI,DOUBLE
exo,standard,fdtd-2d,4,0.000036,3,MINI,DOUBLE
exo,standard,fdtd-2d,5,0.000037,3,MINI,DOUBLE
exo,standard,floyd-warshall,1,0.000254,3,MINI,DOUBLE
exo,standard,floyd-warshall,2,0.000273,3,MINI,DOUBLE
exo,standard,floyd-warshall,3,0.000263,3,MINI,DOUBLE
exo,standard,floyd-warshall,4,0.000264,3,MINI,DOUBLE
exo,standard,floyd-warshall,5,0.000275,3,MINI,DOUBLE
exo,standard,gemm,1,0.000009,3,MINI,DOUBLE
exo,standard,gemm,2,0.000008,3,MINI,DOUBLE
exo,standard,gemm,3,0.000008,3,MINI,DOUBLE
exo,standard,gemm,4,0.000008,3,MINI,DOUBLE
exo,standard,gemm,5,0.000008,3,MINI,DOUBLE
exo,standard,gemver,1,0.000008,3,MINI,DOUBLE
exo,standard,gemver,2,0.000007,3,MINI,DOUBLE
exo,standard,gemver,3,0.000020,3,MINI,DOUBLE
exo,standard,gemver,4,0.000008,3,MINI,DOUBLE
exo,standard,gemver,5,0.000007,3,MINI,DOUBLE
exo,standard,gesummv,1,0.000004,3,MINI,DOUBLE
exo,standard,gesummv,2,0.000004,3,MINI,DOUBLE
exo,standard,gesummv,3,0.000003,3,MINI,DOUBLE
exo,standard,gesummv,4,0.000004,3,MINI,DOUBLE
exo,standard,gesummv,5,0.000003,3,MINI,DOUBLE
exo,standard,heat-3d,1,0.000067,3,MINI,DOUBLE
exo,standard,heat-3d,2,0.000068,3,MINI,DOUBLE
exo,standard,heat-3d,3,0.000066,3,MINI,DOUBLE
exo,standard,heat-3d,4,0.000067,3,MINI,DOUBLE
exo,standard,heat-3d,5,0.000067,3,MINI,DOUBLE
exo,standard,jacobi-1d,1,0.000001,3,MINI,DOUBLE
exo,standard,jacobi-1d,2,0.000001,3,MINI,DOUBLE
exo,standard,jacobi-1d,3,0.000001,3,MINI,DOUBLE
exo,standard,jacobi-1d,4,0.000001,3,MINI,DOUBLE
exo,standard,jacobi-1d,5,0.000001,3,MINI,DOUBLE
exo,standard,jacobi-2d,1,0.000042,3,MINI,DOUBLE
exo,standard,jacobi-2d,2,0.000042,3,MINI,DOUBLE
exo,standard,jacobi-2d,3,0.000042,3,MINI,DOUBLE
exo,standard,jacobi-2d,4,0.000042,3,MINI,DOUBLE
exo,standard,jacobi-2d,5,0.000041,3,MINI,DOUBLE
exo,standard,lu,1,0.000030,3,MINI,DOUBLE
exo,standard,lu,2,0.000033,3,MINI,DOUBLE
exo,standard,lu,3,0.000033,3,MINI,DOUBLE
exo,standard,lu,4,0.000033,3,MINI,DOUBLE
exo,standard,lu,5,0.000031,3,MINI,DOUBLE
exo,standard,ludcmp,1,0.000032,3,MINI,DOUBLE
exo,standard,ludcmp,2,0.000031,3,MINI,DOUBLE
exo,standard,ludcmp,3,0.000031,3,MINI,DOUBLE
exo,standard,ludcmp,4,0.000031,3,MINI,DOUBLE
exo,standard,ludcmp,5,0.000031,3,MINI,DOUBLE
exo,standard,mvt,1,0.000006,3,MINI,DOUBLE
exo,standard,mvt,2,0.000005,3,MINI,DOUBLE
exo,standard,mvt,3,0.000005,3,MINI,DOUBLE
exo,standard,mvt,4,0.000005,3,MINI,DOUBLE
exo,standard,mvt,5,0.000005,3,MINI,DOUBLE
exo,standard,nussinov,1,0.000117,3,MINI,DOUBLE
exo,standard,nussinov,2,0.000116,3,MINI,DOUBLE
exo,standard,nussinov,3,0.000115,3,MINI,DOUBLE
exo,standard,nussinov,4,0.000129,3,MINI,DOUBLE
exo,standard,nussinov,5,0.000115,3,MINI,DOUBLE
exo,standard,seidel-2d,1,0.000368,3,MINI,DOUBLE
exo,standard,seidel-2d,2,0.000354,3,MINI,DOUBLE
exo,standard,seidel-2d,3,0.000354,3,MINI,DOUBLE
exo,standard,seidel-2d,4,0.000365,3,MINI,DOUBLE
exo,standard,seidel-2d,5,0.000354,3,MINI,DOUBLE
exo,standard,symm,1,0.000019,3,MINI,DOUBLE
exo,standard,symm,2,0.000018,3,MINI,DOUBLE
exo,standard,symm,3,0.000018,3,MINI,DOUBLE
exo,standard,symm,4,0.000019,3,MINI,DOUBLE
exo,standard,symm,5,0.000019,3,MINI,DOUBLE
exo,standard,syr2k,1,0.000019,3,MINI,DOUBLE
exo,standard,syr2k,2,0.000018,3,MINI,DOUBLE
exo,standard,syr2k,3,0.000018,3,MINI,DOUBLE
exo,standard,syr2k,4,0.000018,3,MINI,DOUBLE
exo,standard,syr2k,5,0.000018,3,MINI,DOUBLE
exo,standard,syrk,1,0.000011,3,MINI,DOUBLE
exo,standard,syrk,2,0.000011,3,MINI,DOUBLE
exo,standard,syrk,3,0.000011,3,MINI,DOUBLE
exo,standard,syrk,4,0.000010,3,MINI,DOUBLE
exo,standard,syrk,5,0.000011,3,MINI,DOUBLE
exo,standard,trisolv,1,0.000002,3,MINI,DOUBLE
exo,standard,trisolv,2,0.000002,3,MINI,DOUBLE
exo,standard,trisolv,3,0.000002,3,MINI,DOUBLE
exo,standard,trisolv,4,0.000002,3,MINI,DOUBLE
exo,standard,trisolv,5,0.000002,3,MINI,DOUBLE
exo,standard,trmm,1,0.000010,3,MINI,DOUBLE
exo,standard,trmm,2,0.000009,3,MINI,DOUBLE
exo,standard,trmm,3,0.000011,3,MINI,DOUBLE
exo,standard,trmm,4,0.000011,3,MINI,DOUBLE
exo,standard,trmm,5,0.000009,3,MINI,DOUBLE
exo,standard,2mm,1,0.000022,4,MINI,DOUBLE
exo,standard,2mm,2,0.000022,4,MINI,DOUBLE
exo,standard,2mm,3,0.000022,4,MINI,DOUBLE
exo,standard,2mm,4,0.000022,4,MINI,DOUBLE
exo,standard,2mm,5,0.000036,4,MINI,DOUBLE
exo,standard,3mm,1,0.000033,4,MINI,DOUBLE
exo,standard,3mm,2,0.000034,4,MINI,DOUBLE
exo,standard,3mm,3,0.000033,4,MINI,DOUBLE
exo,standard,3mm,4,0.000033,4,MINI,DOUBLE
exo,standard,3mm,5,0.000034,4,MINI,DOUBLE
exo,standard,adi,1,0.000182,4,MINI,DOUBLE
exo,standard,adi,2,0.000170,4,MINI,DOUBLE
exo,standard,adi,3,0.000171,4,MINI,DOUBLE
exo,standard,adi,4,0.000169,4,MINI,DOUBLE
exo,standard,adi,5,0.000171,4,MINI,DOUBLE
exo,standard,atax,1,0.000005,4,MINI,DOUBLE
exo,standard,atax,2,0.000005,4,MINI,DOUBLE
exo,standard,atax,3,0.000004,4,MINI,DOUBLE
exo,standard,atax,4,0.000004,4,MINI,DOUBLE
exo,standard,atax,5,0.000004,4,MINI,DOUBLE
exo,standard,bicg,1,0.000008,4,MINI,DOUBLE
exo,standard,bicg,2,0.000007,4,MINI,DOUBLE
exo,standard,bicg,3,0.000007,4,MINI,DOUBLE
exo,standard,bicg,4,0.000006,4,MINI,DOUBLE
exo,standard,bicg,5,0.000008,4,MINI,DOUBLE
exo,standard,cholesky,1,0.000017,4,MINI,DOUBLE
exo,standard,cholesky,2,0.000016,4,MINI,DOUBLE
exo,standard,cholesky,3,0.000017,4,MINI,DOUBLE
exo,standard,cholesky,4,0.000017,4,MINI,DOUBLE
exo,standard,cholesky,5,0.000016,4,MINI,DOUBLE
exo,standard,covariance,1,0.000027,4,MINI,DOUBLE
exo,standard,covariance,2,0.000027,4,MINI,DOUBLE
exo,standard,covariance,3,0.000027,4,MINI,DOUBLE
exo,standard,covariance,4,0.000026,4,MINI,DOUBLE
exo,standard,covariance,5,0.000026,4,MINI,DOUBLE
exo,standard,deriche,1,0.000161,4,MINI,DOUBLE
exo,standard,deriche,2,0.000158,4,MINI,DOUBLE
exo,standard,deriche,3,0.000147,4,MINI,DOUBLE
exo,standard,deriche,4,0.000168,4,MINI,DOUBLE
exo,standard,deriche,5,0.000171,4,MINI,DOUBLE
exo,standard,doitgen,1,0.000018,4,MINI,DOUBLE
exo,standard,doitgen,2,0.000017,4,MINI,DOUBLE
exo,standard,doitgen,3,0.000018,4,MINI,DOUBLE
exo,standard,doitgen,4,0.000018,4,MINI,DOUBLE
exo,standard,doitgen,5,0.000017,4,MINI,DOUBLE
exo,standard,durbin,1,0.000006,4,MINI,DOUBLE
exo,standard,durbin,2,0.000005,4,MINI,DOUBLE
exo,standard,durbin,3,0.000004,4,MINI,DOUBLE
exo,standard,durbin,4,0.000005,4,MINI,DOUBLE
exo,standard,durbin,5,0.000006,4,MINI,DOUBLE
exo,standard,fdtd-2d,1,0.000037,4,MINI,DOUBLE
exo,standard,fdtd-2d,2,0.000036,4,MINI,DOUBLE
exo,standard,fdtd-2d,3,0.000036,4,MINI,DOUBLE
exo,standard,fdtd-2d,4,0.000036,4,MINI,DOUBLE
exo,standard,fdtd-2d,5,0.000036,4,MINI,DOUBLE
exo,standard,floyd-warshall,1,0.000266,4,MINI,DOUBLE
exo,standard,floyd-warshall,2,0.000264,4,MINI,DOUBLE
exo,standard,floyd-warshall,3,0.000274,4,MINI,DOUBLE
exo,standard,floyd-warshall,4,0.000252,4,MINI,DOUBLE
exo,standard,floyd-warshall,5,0.000263,4,MINI,DOUBLE
exo,standard,gemm,1,0.000008,4,MINI,DOUBLE
exo,standard,gemm,2,0.000008,4,MINI,DOUBLE
exo,standard,gemm,3,0.000008,4,MINI,DOUBLE
exo,standard,gemm,4,0.000009,4,MINI,DOUBLE
exo,standard,gemm,5,0.000008,4,MINI,DOUBLE
exo,standard,gemver,1,0.000007,4,MINI,DOUBLE
exo,standard,gemver,2,0.000008,4,MINI,DOUBLE
exo,standard,gemver,3,0.000008,4,MINI,DOUBLE
exo,standard,gemver,4,0.000007,4,MINI,DOUBLE
exo,standard,gemver,5,0.000007,4,MINI,DOUBLE
exo,standard,gesummv,1,0.000003,4,MINI,DOUBLE
exo,standard,gesummv,2,0.000003,4,MINI,DOUBLE
exo,standard,gesummv,3,0.000004,4,MINI,DOUBLE
exo,standard,gesummv,4,0.000004,4,MINI,DOUBLE
exo,standard,gesummv,5,0.000003,4,MINI,DOUBLE
exo,standard,heat-3d,1,0.000081,4,MINI,DOUBLE
exo,standard,heat-3d,2,0.000068,4,MINI,DOUBLE
exo,standard,heat-3d,3,0.000071,4,MINI,DOUBLE
exo,standard,heat-3d,4,0.000067,4,MINI,DOUBLE
exo,standard,heat-3d,5,0.000064,4,MINI,DOUBLE
exo,standard,jacobi-1d,1,0.000001,4,MINI,DOUBLE
exo,standard,jacobi-1d,2,0.000001,4,MINI,DOUBLE
exo,standard,jacobi-1d,3,0.000001,4,MINI,DOUBLE
exo,standard,jacobi-1d,4,0.000001,4,MINI,DOUBLE
exo,standard,jacobi-1d,5,0.000001,4,MINI,DOUBLE
exo,standard,jacobi-2d,1,0.000042,4,MINI,DOUBLE
exo,standard,jacobi-2d,2,0.000042,4,MINI,DOUBLE
exo,standard,jacobi-2d,3,0.000041,4,MINI,DOUBLE
exo,standard,jacobi-2d,4,0.000052,4,MINI,DOUBLE
exo,standard,jacobi-2d,5,0.000042,4,MINI,DOUBLE
exo,standard,lu,1,0.000033,4,MINI,DOUBLE
exo,standard,lu,2,0.000033,4,MINI,DOUBLE
exo,standard,lu,3,0.000031,4,MINI,DOUBLE
exo,standard,lu,4,0.000033,4,MINI,DOUBLE
exo,standard,lu,5,0.000031,4,MINI,DOUBLE
exo,standard,ludcmp,1,0.000032,4,MINI,DOUBLE
exo,standard,ludcmp,2,0.000032,4,MINI,DOUBLE
exo,standard,ludcmp,3,0.000045,4,MINI,DOUBLE
exo,standard,ludcmp,4,0.000032,4,MINI,DOUBLE
exo,standard,ludcmp,5,0.000032,4,MINI,DOUBLE
exo,standard,mvt,1,0.000006,4,MINI,DOUBLE
exo,standard,mvt,2,0.000005,4,MINI,DOUBLE
exo,standard,mvt,3,0.000005,4,MINI,DOUBLE
exo,standard,mvt,4,0.000005,4,MINI,DOUBLE
exo,standard,mvt,5,0.000005,4,MINI,DOUBLE
exo,standard,seidel-2d,1,0.000354,4,MINI,DOUBLE
exo,standard,seidel-2d,2,0.000354,4,MINI,DOUBLE
exo,standard,seidel-2d,3,0.000366,4,MINI,DOUBLE
exo,standard,seidel-2d,4,0.000355,4,MINI,DOUBLE
exo,standard,seidel-2d,5,0.000354,4,MINI,DOUBLE
exo,standard,symm,1,0.000019,4,MINI,DOUBLE
exo,standard,symm,2,0.000019,4,MINI,DOUBLE
exo,standard,symm,3,0.000018,4,MINI,DOUBLE
exo,standard,symm,4,0.000019,4,MINI,DOUBLE
exo,standard,symm,5,0.000020,4,MINI,DOUBLE
exo,standard,syr2k,1,0.000018,4,MINI,DOUBLE
exo,standard,syr2k,2,0.000018,4,MINI,DOUBLE
exo,standard,syr2k,3,0.000018,4,MINI,DOUBLE
exo,standard,syr2k,4,0.000019,4,MINI,DOUBLE
exo,standard,syr2k,5,0.000018,4,MINI,DOUBLE
exo,standard,syrk,1,0.000010,4,MINI,DOUBLE
exo,standard,syrk,2,0.000011,4,MINI,DOUBLE
exo,standard,syrk,3,0.000011,4,MINI,DOUBLE
exo,standard,syrk,4,0.000011,4,MINI,DOUBLE
exo,standard,syrk,5,0.000011,4,MINI,DOUBLE
exo,standard,trisolv,1,0.000002,4,MINI,DOUBLE
exo,standard,trisolv,2,0.000002,4,MINI,DOUBLE
exo,standard,trisolv,3,0.000002,4,MINI,DOUBLE
exo,standard,trisolv,4,0.000002,4,MINI,DOUBLE
exo,standard,trisolv,5,0.000002,4,MINI,DOUBLE
exo,standard,trmm,1,0.000009,4,MINI,DOUBLE
exo,standard,trmm,2,0.000009,4,MINI,DOUBLE
exo,standard,trmm,3,0.000009,4,MINI,DOUBLE
exo,standard,trmm,4,0.000009,4,MINI,DOUBLE
exo,standard,trmm,5,0.000009,4,MINI,DOUBLE
exo,standard,2mm,1,0.000022,5,MINI,DOUBLE
exo,standard,2mm,2,0.000022,5,MINI,DOUBLE
exo,standard,2mm,3,0.000021,5,MINI,DOUBLE
exo,standard,2mm,4,0.000021,5,MINI,DOUBLE
exo,standard,2mm,5,0.000021,5,MINI,DOUBLE
exo,standard,3mm,1,0.000034,5,MINI,DOUBLE
exo,standard,3mm,2,0.000034,5,MINI,DOUBLE
exo,standard,3mm,3,0.000033,5,MINI,DOUBLE
exo,standard,3mm,4,0.000034,5,MINI,DOUBLE
exo,standard,3mm,5,0.000033,5,MINI,DOUBLE
exo,standard,atax,1,0.000005,5,MINI,DOUBLE
exo,standard,atax,2,0.000004,5,MINI,DOUBLE
exo,standard,atax,3,0.000004,5,MINI,DOUBLE
exo,standard,atax,4,0.000004,5,MINI,DOUBLE
exo,standard,atax,5,0.000005,5,MINI,DOUBLE
exo,standard,bicg,1,0.000007,5,MINI,DOUBLE
exo,standard,bicg,2,0.000008,5,MINI,DOUBLE
exo,standard,bicg,3,0.000008,5,MINI,DOUBLE
exo,standard,bicg,4,0.000007,5,MINI,DOUBLE
exo,standard,bicg,5,0.000007,5,MINI,DOUBLE
exo,standard,cholesky,1,0.000016,5,MINI,DOUBLE
exo,standard,cholesky,2,0.000017,5,MINI,DOUBLE
exo,standard,cholesky,3,0.000016,5,MINI,DOUBLE
exo,standard,cholesky,4,0.000017,5,MINI,DOUBLE
exo,standard,cholesky,5,0.000017,5,MINI,DOUBLE
exo,standard,covariance,1,0.000027,5,MINI,DOUBLE
exo,standard,covariance,2,0.000027,5,MINI,DOUBLE
exo,standard,covariance,3,0.000027,5,MINI,DOUBLE
exo,standard,covariance,4,0.000027,5,MINI,DOUBLE
exo,standard,covariance,5,0.000026,5,MINI,DOUBLE
exo,standard,deriche,1,0.000190,5,MINI,DOUBLE
exo,standard,deriche,2,0.000167,5,MINI,DOUBLE
exo,standard,deriche,3,0.000155,5,MINI,DOUBLE
exo,standard,deriche,4,0.000154,5,MINI,DOUBLE
exo,standard,deriche,5,0.000183,5,MINI,DOUBLE
exo,standard,doitgen,1,0.000016,5,MINI,DOUBLE
exo,standard,doitgen,2,0.000018,5,MINI,DOUBLE
exo,standard,doitgen,3,0.000016,5,MINI,DOUBLE
exo,standard,doitgen,4,0.000025,5,MINI,DOUBLE
exo,standard,doitgen,5,0.000018,5,MINI,DOUBLE
exo,standard,durbin,1,0.000005,5,MINI,DOUBLE
exo,standard,durbin,2,0.000005,5,MINI,DOUBLE
exo,standard,durbin,3,0.000005,5,MINI,DOUBLE
exo,standard,durbin,4,0.000005,5,MINI,DOUBLE
exo,standard,durbin,5,0.000005,5,MINI,DOUBLE
exo,standard,fdtd-2d,1,0.000035,5,MINI,DOUBLE
exo,standard,fdtd-2d,2,0.000037,5,MINI,DOUBLE
exo,standard,fdtd-2d,3,0.000036,5,MINI,DOUBLE
exo,standard,fdtd-2d,4,0.000037,5,MINI,DOUBLE
exo,standard,fdtd-2d,5,0.000036,5,MINI,DOUBLE
exo,standard,floyd-warshall,1,0.000263,5,MINI,DOUBLE
exo,standard,floyd-warshall,2,0.000276,5,MINI,DOUBLE
exo,standard,floyd-warshall,3,0.000262,5,MINI,DOUBLE
exo,standard,floyd-warshall,4,0.000263,5,MINI,DOUBLE
exo,standard,floyd-warshall,5,0.000281,5,MINI,DOUBLE
exo,standard,gemm,1,0.000008,5,MINI,DOUBLE
exo,standard,gemm,2,0.000008,5,MINI,DOUBLE
exo,standard,gemm,3,0.000008,5,MINI,DOUBLE
exo,standard,gemm,4,0.000008,5,MINI,DOUBLE
exo,standard,gemm,5,0.000009,5,MINI,DOUBLE
exo,standard,gemver,1,0.000008,5,MINI,DOUBLE
exo,standard,gemver,2,0.000007,5,MINI,DOUBLE
exo,standard,gemver,3,0.000007,5,MINI,DOUBLE
exo,standard,gemver,4,0.000007,5,MINI,DOUBLE
exo,standard,gemver,5,0.000007,5,MINI,DOUBLE
exo,standard,gesummv,1,0.000004,5,MINI,DOUBLE
exo,standard,gesummv,2,0.000004,5,MINI,DOUBLE
exo,standard,gesummv,3,0.000003,5,MINI,DOUBLE
exo,standard,gesummv,4,0.000004,5,MINI,DOUBLE
exo,standard,gesummv,5,0.000004,5,MINI,DOUBLE
exo,standard,heat-3d,1,0.000064,5,MINI,DOUBLE
exo,standard,heat-3d,2,0.000068,5,MINI,DOUBLE
exo,standard,heat-3d,3,0.000068,5,MINI,DOUBLE
exo,standard,heat-3d,4,0.000090,5,MINI,DOUBLE
exo,standard,heat-3d,5,0.000063,5,MINI,DOUBLE
exo,standard,jacobi-1d,1,0.000001,5,MINI,DOUBLE
exo,standard,jacobi-1d,2,0.000001,5,MINI,DOUBLE
exo,standard,jacobi-1d,3,0.000001,5,MINI,DOUBLE
exo,standard,jacobi-1d,4,0.000001,5,MINI,DOUBLE
exo,standard,jacobi-1d,5,0.000001,5,MINI,DOUBLE
exo,standard,jacobi-2d,1,0.000042,5,MINI,DOUBLE
exo,standard,jacobi-2d,2,0.000042,5,MINI,DOUBLE
exo,standard,jacobi-2d,3,0.000042,5,MINI,DOUBLE
exo,standard,jacobi-2d,4,0.000042,5,MINI,DOUBLE
exo,standard,jacobi-2d,5,0.000042,5,MINI,DOUBLE
exo,standard,lu,1,0.000032,5,MINI,DOUBLE
exo,standard,lu,2,0.000033,5,MINI,DOUBLE
exo,standard,lu,3,0.000032,5,MINI,DOUBLE
exo,standard,lu,4,0.000031,5,MINI,DOUBLE
exo,standard,lu,5,0.000033,5,MINI,DOUBLE
exo,standard,ludcmp,1,0.000041,5,MINI,DOUBLE
exo,standard,ludcmp,2,0.000032,5,MINI,DOUBLE
exo,standard,ludcmp,3,0.000031,5,MINI,DOUBLE
exo,standard,ludcmp,4,0.000031,5,MINI,DOUBLE
exo,standard,ludcmp,5,0.000031,5,MINI,DOUBLE
exo,standard,mvt,1,0.000006,5,MINI,DOUBLE
exo,standard,mvt,2,0.000005,5,MINI,DOUBLE
exo,standard,mvt,3,0.000006,5,MINI,DOUBLE
exo,standard,mvt,4,0.000006,5,MINI,DOUBLE
exo,standard,mvt,5,0.000005,5,MINI,DOUBLE
exo,standard,nussinov,1,0.000092,5,MINI,DOUBLE
exo,standard,nussinov,2,0.000091,5,MINI,DOUBLE
exo,standard,nussinov,3,0.000092,5,MINI,DOUBLE
exo,standard,nussinov,4,0.000093,5,MINI,DOUBLE
exo,standard,nussinov,5,0.000092,5,MINI,DOUBLE
exo,standard,seidel-2d,1,0.000371,5,MINI,DOUBLE
exo,standard,seidel-2d,2,0.000354,5,MINI,DOUBLE
exo,standard,seidel-2d,3,0.000365,5,MINI,DOUBLE
exo,standard,seidel-2d,4,0.000368,5,MINI,DOUBLE
exo,standard,seidel-2d,5,0.000354,5,MINI,DOUBLE
exo,standard,symm,1,0.000019,5,MINI,DOUBLE
exo,standard,symm,2,0.000019,5,MINI,DOUBLE
exo,standard,symm,3,0.000018,5,MINI,DOUBLE
exo,standard,symm,4,0.000019,5,MINI,DOUBLE
exo,standard,symm,5,0.000018,5,MINI,DOUBLE
exo,standard,syr2k,1,0.000019,5,MINI,DOUBLE
exo,standard,syr2k,2,0.000018,5,MINI,DOUBLE
exo,standard,syr2k,3,0.000019,5,MINI,DOUBLE
exo,standard,syr2k,4,0.000018,5,MINI,DOUBLE
exo,standard,syr2k,5,0.000018,5,MINI,DOUBLE
exo,standard,syrk,1,0.000011,5,MINI,DOUBLE
exo,standard,syrk,2,0.000011,5,MINI,DOUBLE
exo,standard,syrk,3,0.000010,5,MINI,DOUBLE
exo,standard,syrk,4,0.000011,5,MINI,DOUBLE
exo,standard,syrk,5,0.000011,5,MINI,DOUBLE
exo,standard,trisolv,1,0.000001,5,MINI,DOUBLE
exo,standard,trisolv,2,0.000002,5,MINI,DOUBLE
exo,standard,trisolv,3,0.000002,5,MINI,DOUBLE
exo,standard,trisolv,4,0.000002,5,MINI,DOUBLE
exo,standard,trisolv,5,0.000002,5,MINI,DOUBLE
exo,standard,trmm,1,0.000009,5,MINI,DOUBLE
exo,standard,trmm,2,0.000011,5,MINI,DOUBLE
exo,standard,trmm,3,0.000010,5,MINI,DOUBLE
exo,standard,trmm,4,0.000009,5,MINI,DOUBLE
exo,standard,trmm,5,0.000009,5,MINI,DOUBLE
