framework,version,algorithm,run,time_s,repetition,dataset_size
c,choose_hints,2mm,1,0.017789,1,LARGE
c,choose_hints,2mm,2,0.019365,1,LARGE
c,choose_hints,2mm,3,0.017925,1,LARGE
c,choose_hints,2mm,4,0.018669,1,LARGE
c,choose_hints,2mm,5,0.021221,1,LARGE
c,choose_hints,3mm,1,0.036865,1,LARGE
c,choose_hints,3mm,2,0.037017,1,LARGE
c,choose_hints,3mm,3,0.036551,1,LARGE
c,choose_hints,3mm,4,0.036600,1,LARGE
c,choose_hints,3mm,5,0.037128,1,LARGE
c,choose_hints,atax,1,0.001122,1,LARGE
c,choose_hints,atax,2,0.001133,1,LARGE
c,choose_hints,atax,3,0.001154,1,LARGE
c,choose_hints,atax,4,0.001128,1,LARGE
c,choose_hints,atax,5,0.001137,1,LARGE
c,choose_hints,bicg,1,0.006416,1,LARGE
c,choose_hints,bicg,2,0.006451,1,LARGE
c,choose_hints,bicg,3,0.006236,1,LARGE
c,choose_hints,bicg,4,0.006091,1,LARGE
c,choose_hints,bicg,5,0.006520,1,LARGE
c,choose_hints,cholesky,1,1.902155,1,LARGE
c,choose_hints,cholesky,2,1.899979,1,LARGE
c,choose_hints,cholesky,3,1.898961,1,LARGE
c,choose_hints,cholesky,4,1.899884,1,LARGE
c,choose_hints,cholesky,5,1.898323,1,LARGE
c,choose_hints,correlation,1,0.443351,1,LARGE
c,choose_hints,correlation,2,0.447975,1,LARGE
c,choose_hints,correlation,3,0.439312,1,LARGE
c,choose_hints,correlation,4,0.441771,1,LARGE
c,choose_hints,correlation,5,0.439802,1,LARGE
c,choose_hints,covariance,1,0.453258,1,LARGE
c,choose_hints,covariance,2,0.437127,1,LARGE
c,choose_hints,covariance,3,0.436978,1,LARGE
c,choose_hints,covariance,4,0.436329,1,LARGE
c,choose_hints,covariance,5,0.451213,1,LARGE
c,choose_hints,deriche,1,0.079869,1,LARGE
c,choose_hints,deriche,2,0.075888,1,LARGE
c,choose_hints,deriche,3,0.078514,1,LARGE
c,choose_hints,deriche,4,0.076545,1,LARGE
c,choose_hints,deriche,5,0.079350,1,LARGE
c,choose_hints,doitgen,1,0.129830,1,LARGE
c,choose_hints,doitgen,2,0.130290,1,LARGE
c,choose_hints,doitgen,3,0.129593,1,LARGE
c,choose_hints,doitgen,4,0.129764,1,LARGE
c,choose_hints,doitgen,5,0.129619,1,LARGE
c,choose_hints,durbin,1,0.003991,1,LARGE
c,choose_hints,durbin,2,0.003995,1,LARGE
c,choose_hints,durbin,3,0.004011,1,LARGE
c,choose_hints,durbin,4,0.003991,1,LARGE
c,choose_hints,durbin,5,0.003998,1,LARGE
c,choose_hints,floyd-warshall,1,1.190836,1,LARGE
c,choose_hints,floyd-warshall,2,1.181218,1,LARGE
c,choose_hints,floyd-warshall,3,1.177349,1,LARGE
c,choose_hints,floyd-warshall,4,1.198062,1,LARGE
c,choose_hints,floyd-warshall,5,1.178151,1,LARGE
c,choose_hints,gemm,1,0.014052,1,LARGE
c,choose_hints,gemm,2,0.013963,1,LARGE
c,choose_hints,gemm,3,0.013979,1,LARGE
c,choose_hints,gemm,4,0.013858,1,LARGE
c,choose_hints,gemm,5,0.013992,1,LARGE
c,choose_hints,gemver,1,0.006238,1,LARGE
c,choose_hints,gemver,2,0.006176,1,LARGE
c,choose_hints,gemver,3,0.006188,1,LARGE
c,choose_hints,gemver,4,0.006252,1,LARGE
c,choose_hints,gemver,5,0.006206,1,LARGE
c,choose_hints,gesummv,1,0.000931,1,LARGE
c,choose_hints,gesummv,2,0.000950,1,LARGE
c,choose_hints,gesummv,3,0.000986,1,LARGE
c,choose_hints,gesummv,4,0.000941,1,LARGE
c,choose_hints,gesummv,5,0.000973,1,LARGE
c,choose_hints,gramschmidt,1,0.631264,1,LARGE
c,choose_hints,gramschmidt,2,0.631133,1,LARGE
c,choose_hints,gramschmidt,3,0.616533,1,LARGE
c,choose_hints,gramschmidt,4,0.615783,1,LARGE
c,choose_hints,gramschmidt,5,0.636100,1,LARGE
c,choose_hints,heat-3d,1,1.404751,1,LARGE
c,choose_hints,heat-3d,2,1.445863,1,LARGE
c,choose_hints,heat-3d,3,1.543950,1,LARGE
c,choose_hints,heat-3d,4,1.739653,1,LARGE
c,choose_hints,heat-3d,5,1.435321,1,LARGE
c,choose_hints,jacobi-2d,1,0.163901,1,LARGE
c,choose_hints,jacobi-2d,2,0.165302,1,LARGE
c,choose_hints,jacobi-2d,3,0.165835,1,LARGE
c,choose_hints,jacobi-2d,4,0.167469,1,LARGE
c,choose_hints,jacobi-2d,5,0.167469,1,LARGE
c,choose_hints,lu,1,3.376495,1,LARGE
c,choose_hints,lu,2,3.436645,1,LARGE
c,choose_hints,lu,3,3.437094,1,LARGE
c,choose_hints,lu,4,3.447447,1,LARGE
c,choose_hints,lu,5,3.378896,1,LARGE
c,choose_hints,ludcmp,1,2.326935,1,LARGE
c,choose_hints,ludcmp,2,2.387382,1,LARGE
c,choose_hints,ludcmp,3,2.367277,1,LARGE
c,choose_hints,ludcmp,4,2.327892,1,LARGE
c,choose_hints,ludcmp,5,2.313984,1,LARGE
c,choose_hints,mvt,1,0.003071,1,LARGE
c,choose_hints,mvt,2,0.002840,1,LARGE
c,choose_hints,mvt,3,0.003039,1,LARGE
c,choose_hints,mvt,4,0.003080,1,LARGE
c,choose_hints,mvt,5,0.002981,1,LARGE
c,choose_hints,nussinov,1,0.091203,1,LARGE
c,choose_hints,nussinov,2,0.091786,1,LARGE
c,choose_hints,nussinov,3,0.091179,1,LARGE
c,choose_hints,nussinov,4,0.091237,1,LARGE
c,choose_hints,nussinov,5,0.091765,1,LARGE
c,choose_hints,seidel-2d,1,20.024843,1,LARGE
c,choose_hints,seidel-2d,2,20.023986,1,LARGE
c,choose_hints,seidel-2d,3,20.024603,1,LARGE
c,choose_hints,seidel-2d,4,20.025648,1,LARGE
c,choose_hints,seidel-2d,5,20.025418,1,LARGE
c,choose_hints,symm,1,0.473396,1,LARGE
c,choose_hints,symm,2,0.484535,1,LARGE
c,choose_hints,symm,3,0.477961,1,LARGE
c,choose_hints,symm,4,0.484728,1,LARGE
c,choose_hints,symm,5,0.474740,1,LARGE
c,choose_hints,syrk,1,0.017220,1,LARGE
c,choose_hints,syrk,2,0.017215,1,LARGE
c,choose_hints,syrk,3,0.017264,1,LARGE
c,choose_hints,syrk,4,0.017224,1,LARGE
c,choose_hints,syrk,5,0.017237,1,LARGE
c,choose_hints,trisolv,1,0.003101,1,LARGE
c,choose_hints,trisolv,2,0.003127,1,LARGE
c,choose_hints,trisolv,3,0.003080,1,LARGE
c,choose_hints,trisolv,4,0.003097,1,LARGE
c,choose_hints,trisolv,5,0.003061,1,LARGE
c,choose_hints,trmm,1,0.202872,1,LARGE
c,choose_hints,trmm,2,0.203040,1,LARGE
c,choose_hints,trmm,3,0.204238,1,LARGE
c,choose_hints,trmm,4,0.203089,1,LARGE
c,choose_hints,trmm,5,0.208042,1,LARGE
c,choose_hints,2mm,1,0.018073,2,LARGE
c,choose_hints,2mm,2,0.017854,2,LARGE
c,choose_hints,2mm,3,0.018479,2,LARGE
c,choose_hints,2mm,4,0.017830,2,LARGE
c,choose_hints,2mm,5,0.018406,2,LARGE
c,choose_hints,3mm,1,0.039667,2,LARGE
c,choose_hints,3mm,2,0.038192,2,LARGE
c,choose_hints,3mm,3,0.039378,2,LARGE
c,choose_hints,3mm,4,0.037613,2,LARGE
c,choose_hints,3mm,5,0.037489,2,LARGE
c,choose_hints,adi,1,0.575373,2,LARGE
c,choose_hints,adi,2,0.601276,2,LARGE
c,choose_hints,adi,3,0.583656,2,LARGE
c,choose_hints,adi,4,0.657613,2,LARGE
c,choose_hints,adi,5,0.596699,2,LARGE
c,choose_hints,atax,1,0.001466,2,LARGE
c,choose_hints,atax,2,0.001463,2,LARGE
c,choose_hints,atax,3,0.001477,2,LARGE
c,choose_hints,atax,4,0.001484,2,LARGE
c,choose_hints,atax,5,0.001477,2,LARGE
c,choose_hints,bicg,1,0.001126,2,LARGE
c,choose_hints,bicg,2,0.001101,2,LARGE
c,choose_hints,bicg,3,0.001142,2,LARGE
c,choose_hints,bicg,4,0.001084,2,LARGE
c,choose_hints,bicg,5,0.001137,2,LARGE
c,choose_hints,correlation,1,0.541940,2,LARGE
c,choose_hints,correlation,2,0.532569,2,LARGE
c,choose_hints,correlation,3,0.549406,2,LARGE
c,choose_hints,correlation,4,0.545703,2,LARGE
c,choose_hints,correlation,5,0.541110,2,LARGE
c,choose_hints,covariance,1,0.067196,2,LARGE
c,choose_hints,covariance,2,0.063897,2,LARGE
c,choose_hints,covariance,3,0.066791,2,LARGE
c,choose_hints,covariance,4,0.067384,2,LARGE
c,choose_hints,covariance,5,0.066599,2,LARGE
c,choose_hints,deriche,1,0.042978,2,LARGE
c,choose_hints,deriche,2,0.044538,2,LARGE
c,choose_hints,deriche,3,0.049701,2,LARGE
c,choose_hints,deriche,4,0.043222,2,LARGE
c,choose_hints,deriche,5,0.045420,2,LARGE
c,choose_hints,doitgen,1,0.002645,2,LARGE
c,choose_hints,doitgen,2,0.002643,2,LARGE
c,choose_hints,doitgen,3,0.002670,2,LARGE
c,choose_hints,doitgen,4,0.002598,2,LARGE
c,choose_hints,doitgen,5,0.002621,2,LARGE
c,choose_hints,durbin,1,0.004958,2,LARGE
c,choose_hints,durbin,2,0.004959,2,LARGE
c,choose_hints,durbin,3,0.004957,2,LARGE
c,choose_hints,durbin,4,0.004955,2,LARGE
c,choose_hints,durbin,5,0.004907,2,LARGE
c,choose_hints,fdtd-2d,1,0.116938,2,LARGE
c,choose_hints,fdtd-2d,2,0.118015,2,LARGE
c,choose_hints,fdtd-2d,3,0.112100,2,LARGE
c,choose_hints,fdtd-2d,4,0.116396,2,LARGE
c,choose_hints,fdtd-2d,5,0.118031,2,LARGE
c,choose_hints,floyd-warshall,1,15.018900,2,LARGE
c,choose_hints,floyd-warshall,2,15.047870,2,LARGE
c,choose_hints,floyd-warshall,3,14.934158,2,LARGE
c,choose_hints,floyd-warshall,4,15.058873,2,LARGE
c,choose_hints,floyd-warshall,5,14.984290,2,LARGE
c,choose_hints,gemm,1,0.011709,2,LARGE
c,choose_hints,gemm,2,0.011469,2,LARGE
c,choose_hints,gemm,3,0.011543,2,LARGE
c,choose_hints,gemm,4,0.011435,2,LARGE
c,choose_hints,gemm,5,0.011447,2,LARGE
c,choose_hints,gemver,1,0.001535,2,LARGE
c,choose_hints,gemver,2,0.001575,2,LARGE
c,choose_hints,gemver,3,0.001504,2,LARGE
c,choose_hints,gemver,4,0.001500,2,LARGE
c,choose_hints,gemver,5,0.001600,2,LARGE
c,choose_hints,gesummv,1,0.000942,2,LARGE
c,choose_hints,gesummv,2,0.000942,2,LARGE
c,choose_hints,gesummv,3,0.000922,2,LARGE
c,choose_hints,gesummv,4,0.000975,2,LARGE
c,choose_hints,gesummv,5,0.000944,2,LARGE
c,choose_hints,heat-3d,1,1.378946,2,LARGE
c,choose_hints,heat-3d,2,1.569511,2,LARGE
c,choose_hints,heat-3d,3,1.600634,2,LARGE
c,choose_hints,heat-3d,4,1.704617,2,LARGE
c,choose_hints,heat-3d,5,1.588182,2,LARGE
c,choose_hints,jacobi-1d,1,0.008455,2,LARGE
c,choose_hints,jacobi-1d,2,0.008948,2,LARGE
c,choose_hints,jacobi-1d,3,0.008537,2,LARGE
c,choose_hints,jacobi-1d,4,0.008619,2,LARGE
c,choose_hints,jacobi-1d,5,0.008173,2,LARGE
c,choose_hints,jacobi-2d,1,0.167457,2,LARGE
c,choose_hints,jacobi-2d,2,0.165144,2,LARGE
c,choose_hints,jacobi-2d,3,0.164242,2,LARGE
c,choose_hints,jacobi-2d,4,0.156562,2,LARGE
c,choose_hints,jacobi-2d,5,0.160513,2,LARGE
c,choose_hints,lu,1,2.893214,2,LARGE
c,choose_hints,lu,2,2.896558,2,LARGE
c,choose_hints,lu,3,2.861058,2,LARGE
c,choose_hints,lu,4,2.876233,2,LARGE
c,choose_hints,lu,5,2.870563,2,LARGE
c,choose_hints,ludcmp,1,2.376764,2,LARGE
c,choose_hints,ludcmp,2,2.363168,2,LARGE
c,choose_hints,ludcmp,3,2.404617,2,LARGE
c,choose_hints,ludcmp,4,2.346422,2,LARGE
c,choose_hints,ludcmp,5,2.375739,2,LARGE
c,choose_hints,mvt,1,0.001393,2,LARGE
c,choose_hints,mvt,2,0.001344,2,LARGE
c,choose_hints,mvt,3,0.001368,2,LARGE
c,choose_hints,mvt,4,0.001427,2,LARGE
c,choose_hints,mvt,5,0.001381,2,LARGE
c,choose_hints,nussinov,1,0.134999,2,LARGE
c,choose_hints,nussinov,2,0.133889,2,LARGE
c,choose_hints,nussinov,3,0.135109,2,LARGE
c,choose_hints,nussinov,4,0.134616,2,LARGE
c,choose_hints,nussinov,5,0.134585,2,LARGE
c,choose_hints,seidel-2d,1,27.884145,2,LARGE
c,choose_hints,seidel-2d,2,27.883918,2,LARGE
c,choose_hints,seidel-2d,3,27.884497,2,LARGE
c,choose_hints,seidel-2d,4,27.883430,2,LARGE
c,choose_hints,seidel-2d,5,27.882539,2,LARGE
c,choose_hints,symm,1,0.085908,2,LARGE
c,choose_hints,symm,2,0.084585,2,LARGE
c,choose_hints,symm,3,0.087506,2,LARGE
c,choose_hints,symm,4,0.084393,2,LARGE
c,choose_hints,symm,5,0.085591,2,LARGE
c,choose_hints,syr2k,1,0.034928,2,LARGE
c,choose_hints,syr2k,2,0.035580,2,LARGE
c,choose_hints,syr2k,3,0.035196,2,LARGE
c,choose_hints,syr2k,4,0.035980,2,LARGE
c,choose_hints,syr2k,5,0.035867,2,LARGE
c,choose_hints,syrk,1,0.033181,2,LARGE
c,choose_hints,syrk,2,0.033005,2,LARGE
c,choose_hints,syrk,3,0.033250,2,LARGE
c,choose_hints,syrk,4,0.033334,2,LARGE
c,choose_hints,syrk,5,0.033136,2,LARGE
c,choose_hints,trmm,1,0.208072,2,LARGE
c,choose_hints,trmm,2,0.203140,2,LARGE
c,choose_hints,trmm,3,0.203560,2,LARGE
c,choose_hints,trmm,4,0.202196,2,LARGE
c,choose_hints,trmm,5,0.201948,2,LARGE
c,choose_hints,2mm,1,0.017969,3,LARGE
c,choose_hints,2mm,2,0.017508,3,LARGE
c,choose_hints,2mm,3,0.017796,3,LARGE
c,choose_hints,2mm,4,0.019520,3,LARGE
c,choose_hints,2mm,5,0.017734,3,LARGE
c,choose_hints,3mm,1,0.031375,3,LARGE
c,choose_hints,3mm,2,0.030938,3,LARGE
c,choose_hints,3mm,3,0.034160,3,LARGE
c,choose_hints,3mm,4,0.032830,3,LARGE
c,choose_hints,3mm,5,0.033176,3,LARGE
c,choose_hints,adi,1,10.435415,3,LARGE
c,choose_hints,adi,2,10.419522,3,LARGE
c,choose_hints,adi,3,10.402939,3,LARGE
c,choose_hints,adi,4,10.442732,3,LARGE
c,choose_hints,adi,5,10.444485,3,LARGE
c,choose_hints,atax,1,0.002617,3,LARGE
c,choose_hints,atax,2,0.002689,3,LARGE
c,choose_hints,atax,3,0.002553,3,LARGE
c,choose_hints,atax,4,0.002679,3,LARGE
c,choose_hints,atax,5,0.002693,3,LARGE
c,choose_hints,bicg,1,0.001131,3,LARGE
c,choose_hints,bicg,2,0.001109,3,LARGE
c,choose_hints,bicg,3,0.001105,3,LARGE
c,choose_hints,bicg,4,0.001100,3,LARGE
c,choose_hints,bicg,5,0.001093,3,LARGE
c,choose_hints,cholesky,1,1.892529,3,LARGE
c,choose_hints,cholesky,2,1.888938,3,LARGE
c,choose_hints,cholesky,3,1.892367,3,LARGE
c,choose_hints,cholesky,4,1.889784,3,LARGE
c,choose_hints,cholesky,5,1.890496,3,LARGE
c,choose_hints,correlation,1,0.068289,3,LARGE
c,choose_hints,correlation,2,0.067999,3,LARGE
c,choose_hints,correlation,3,0.068470,3,LARGE
c,choose_hints,correlation,4,0.068245,3,LARGE
c,choose_hints,correlation,5,0.068302,3,LARGE
c,choose_hints,covariance,1,0.438952,3,LARGE
c,choose_hints,covariance,2,0.448995,3,LARGE
c,choose_hints,covariance,3,0.436365,3,LARGE
c,choose_hints,covariance,4,0.448940,3,LARGE
c,choose_hints,covariance,5,0.441120,3,LARGE
c,choose_hints,deriche,1,0.041890,3,LARGE
c,choose_hints,deriche,2,0.044613,3,LARGE
c,choose_hints,deriche,3,0.041941,3,LARGE
c,choose_hints,deriche,4,0.047890,3,LARGE
c,choose_hints,deriche,5,0.046023,3,LARGE
c,choose_hints,doitgen,1,0.003966,3,LARGE
c,choose_hints,doitgen,2,0.003963,3,LARGE
c,choose_hints,doitgen,3,0.003911,3,LARGE
c,choose_hints,doitgen,4,0.003973,3,LARGE
c,choose_hints,doitgen,5,0.003977,3,LARGE
c,choose_hints,durbin,1,0.004895,3,LARGE
c,choose_hints,durbin,2,0.004966,3,LARGE
c,choose_hints,durbin,3,0.004970,3,LARGE
c,choose_hints,durbin,4,0.004981,3,LARGE
c,choose_hints,durbin,5,0.004972,3,LARGE
c,choose_hints,fdtd-2d,1,0.116037,3,LARGE
c,choose_hints,fdtd-2d,2,0.104923,3,LARGE
c,choose_hints,fdtd-2d,3,0.113097,3,LARGE
c,choose_hints,fdtd-2d,4,0.117148,3,LARGE
c,choose_hints,fdtd-2d,5,0.116521,3,LARGE
c,choose_hints,floyd-warshall,1,30.007399,3,LARGE
c,choose_hints,floyd-warshall,2,30.298009,3,LARGE
c,choose_hints,floyd-warshall,3,30.094299,3,LARGE
c,choose_hints,floyd-warshall,4,30.392249,3,LARGE
c,choose_hints,floyd-warshall,5,30.031626,3,LARGE
c,choose_hints,gemm,1,0.040072,3,LARGE
c,choose_hints,gemm,2,0.039730,3,LARGE
c,choose_hints,gemm,3,0.039881,3,LARGE
c,choose_hints,gemm,4,0.040010,3,LARGE
c,choose_hints,gemm,5,0.039929,3,LARGE
c,choose_hints,gemver,1,0.006309,3,LARGE
c,choose_hints,gemver,2,0.006278,3,LARGE
c,choose_hints,gemver,3,0.006329,3,LARGE
c,choose_hints,gemver,4,0.006270,3,LARGE
c,choose_hints,gemver,5,0.006318,3,LARGE
c,choose_hints,gesummv,1,0.000942,3,LARGE
c,choose_hints,gesummv,2,0.000924,3,LARGE
c,choose_hints,gesummv,3,0.000910,3,LARGE
c,choose_hints,gesummv,4,0.000915,3,LARGE
c,choose_hints,gesummv,5,0.000931,3,LARGE
c,choose_hints,heat-3d,1,1.527686,3,LARGE
c,choose_hints,heat-3d,2,1.699842,3,LARGE
c,choose_hints,heat-3d,3,1.770242,3,LARGE
c,choose_hints,heat-3d,4,1.417398,3,LARGE
c,choose_hints,heat-3d,5,1.553217,3,LARGE
c,choose_hints,jacobi-1d,1,0.008290,3,LARGE
c,choose_hints,jacobi-1d,2,0.008702,3,LARGE
c,choose_hints,jacobi-1d,3,0.008609,3,LARGE
c,choose_hints,jacobi-1d,4,0.007988,3,LARGE
c,choose_hints,jacobi-1d,5,0.008657,3,LARGE
c,choose_hints,jacobi-2d,1,0.125882,3,LARGE
c,choose_hints,jacobi-2d,2,0.148905,3,LARGE
c,choose_hints,jacobi-2d,3,0.113008,3,LARGE
c,choose_hints,jacobi-2d,4,0.119090,3,LARGE
c,choose_hints,jacobi-2d,5,0.128990,3,LARGE
c,choose_hints,lu,1,2.922131,3,LARGE
c,choose_hints,lu,2,2.923114,3,LARGE
c,choose_hints,lu,3,2.906930,3,LARGE
c,choose_hints,lu,4,2.921223,3,LARGE
c,choose_hints,lu,5,2.892181,3,LARGE
c,choose_hints,ludcmp,1,2.592861,3,LARGE
c,choose_hints,ludcmp,2,2.591162,3,LARGE
c,choose_hints,ludcmp,3,2.601405,3,LARGE
c,choose_hints,ludcmp,4,2.614238,3,LARGE
c,choose_hints,ludcmp,5,2.592150,3,LARGE
c,choose_hints,mvt,1,0.014721,3,LARGE
c,choose_hints,mvt,2,0.014565,3,LARGE
c,choose_hints,mvt,3,0.014675,3,LARGE
c,choose_hints,mvt,4,0.014459,3,LARGE
c,choose_hints,mvt,5,0.014572,3,LARGE
c,choose_hints,seidel-2d,1,14.511994,3,LARGE
c,choose_hints,seidel-2d,2,14.511786,3,LARGE
c,choose_hints,seidel-2d,3,14.509704,3,LARGE
c,choose_hints,seidel-2d,4,14.509058,3,LARGE
c,choose_hints,seidel-2d,5,14.511627,3,LARGE
c,choose_hints,symm,1,0.068070,3,LARGE
c,choose_hints,symm,2,0.067944,3,LARGE
c,choose_hints,symm,3,0.067743,3,LARGE
c,choose_hints,symm,4,0.068473,3,LARGE
c,choose_hints,symm,5,0.068621,3,LARGE
c,choose_hints,syr2k,1,0.035755,3,LARGE
c,choose_hints,syr2k,2,0.034453,3,LARGE
c,choose_hints,syr2k,3,0.035364,3,LARGE
c,choose_hints,syr2k,4,0.036201,3,LARGE
c,choose_hints,syr2k,5,0.035143,3,LARGE
c,choose_hints,syrk,1,0.033932,3,LARGE
c,choose_hints,syrk,2,0.033915,3,LARGE
c,choose_hints,syrk,3,0.034146,3,LARGE
c,choose_hints,syrk,4,0.033946,3,LARGE
c,choose_hints,syrk,5,0.034285,3,LARGE
c,choose_hints,trisolv,1,0.003079,3,LARGE
c,choose_hints,trisolv,2,0.003137,3,LARGE
c,choose_hints,trisolv,3,0.003067,3,LARGE
c,choose_hints,trisolv,4,0.003057,3,LARGE
c,choose_hints,trisolv,5,0.003084,3,LARGE
c,choose_hints,trmm,1,0.208020,3,LARGE
c,choose_hints,trmm,2,0.204918,3,LARGE
c,choose_hints,trmm,3,0.207317,3,LARGE
c,choose_hints,trmm,4,0.203193,3,LARGE
c,choose_hints,trmm,5,0.203701,3,LARGE
c,choose_hints,2mm,1,0.017415,4,LARGE
c,choose_hints,2mm,2,0.019389,4,LARGE
c,choose_hints,2mm,3,0.018324,4,LARGE
c,choose_hints,2mm,4,0.019335,4,LARGE
c,choose_hints,2mm,5,0.018052,4,LARGE
c,choose_hints,3mm,1,0.033852,4,LARGE
c,choose_hints,3mm,2,0.035637,4,LARGE
c,choose_hints,3mm,3,0.034660,4,LARGE
c,choose_hints,3mm,4,0.033934,4,LARGE
c,choose_hints,3mm,5,0.034586,4,LARGE
c,choose_hints,adi,1,0.622348,4,LARGE
c,choose_hints,adi,2,0.610101,4,LARGE
c,choose_hints,adi,3,0.614935,4,LARGE
c,choose_hints,adi,4,0.633400,4,LARGE
c,choose_hints,adi,5,0.618317,4,LARGE
c,choose_hints,atax,1,0.001575,4,LARGE
c,choose_hints,atax,2,0.001543,4,LARGE
c,choose_hints,atax,3,0.001530,4,LARGE
c,choose_hints,atax,4,0.001509,4,LARGE
c,choose_hints,atax,5,0.001529,4,LARGE
c,choose_hints,bicg,1,0.006189,4,LARGE
c,choose_hints,bicg,2,0.006283,4,LARGE
c,choose_hints,bicg,3,0.006142,4,LARGE
c,choose_hints,bicg,4,0.006217,4,LARGE
c,choose_hints,bicg,5,0.006286,4,LARGE
c,choose_hints,covariance,1,0.436770,4,LARGE
c,choose_hints,covariance,2,0.447510,4,LARGE
c,choose_hints,covariance,3,0.439078,4,LARGE
c,choose_hints,covariance,4,0.437156,4,LARGE
c,choose_hints,covariance,5,0.436120,4,LARGE
c,choose_hints,deriche,1,0.045156,4,LARGE
c,choose_hints,deriche,2,0.044863,4,LARGE
c,choose_hints,deriche,3,0.041582,4,LARGE
c,choose_hints,deriche,4,0.042843,4,LARGE
c,choose_hints,deriche,5,0.042599,4,LARGE
c,choose_hints,doitgen,1,0.002557,4,LARGE
c,choose_hints,doitgen,2,0.002570,4,LARGE
c,choose_hints,doitgen,3,0.002613,4,LARGE
c,choose_hints,doitgen,4,0.002527,4,LARGE
c,choose_hints,doitgen,5,0.002545,4,LARGE
c,choose_hints,durbin,1,0.004008,4,LARGE
c,choose_hints,durbin,2,0.004007,4,LARGE
c,choose_hints,durbin,3,0.004025,4,LARGE
c,choose_hints,durbin,4,0.004014,4,LARGE
c,choose_hints,durbin,5,0.004015,4,LARGE
c,choose_hints,floyd-warshall,1,0.521642,4,LARGE
c,choose_hints,floyd-warshall,2,0.492777,4,LARGE
c,choose_hints,floyd-warshall,3,0.538427,4,LARGE
c,choose_hints,floyd-warshall,4,0.497247,4,LARGE
c,choose_hints,floyd-warshall,5,0.525430,4,LARGE
c,choose_hints,gemm,1,0.282593,4,LARGE
c,choose_hints,gemm,2,0.282736,4,LARGE
c,choose_hints,gemm,3,0.282436,4,LARGE
c,choose_hints,gemm,4,0.282192,4,LARGE
c,choose_hints,gemm,5,0.282137,4,LARGE
c,choose_hints,gemver,1,0.006273,4,LARGE
c,choose_hints,gemver,2,0.006198,4,LARGE
c,choose_hints,gemver,3,0.006256,4,LARGE
c,choose_hints,gemver,4,0.006260,4,LARGE
c,choose_hints,gemver,5,0.006260,4,LARGE
c,choose_hints,gesummv,1,0.000942,4,LARGE
c,choose_hints,gesummv,2,0.000901,4,LARGE
c,choose_hints,gesummv,3,0.000976,4,LARGE
c,choose_hints,gesummv,4,0.000935,4,LARGE
c,choose_hints,gesummv,5,0.000998,4,LARGE
c,choose_hints,gramschmidt,1,0.634703,4,LARGE
c,choose_hints,gramschmidt,2,0.614945,4,LARGE
c,choose_hints,gramschmidt,3,0.633870,4,LARGE
c,choose_hints,gramschmidt,4,0.615518,4,LARGE
c,choose_hints,gramschmidt,5,0.627098,4,LARGE
c,choose_hints,heat-3d,1,0.238236,4,LARGE
c,choose_hints,heat-3d,2,0.238089,4,LARGE
c,choose_hints,heat-3d,3,0.237888,4,LARGE
c,choose_hints,heat-3d,4,0.238188,4,LARGE
c,choose_hints,heat-3d,5,0.238247,4,LARGE
c,choose_hints,jacobi-1d,1,0.008946,4,LARGE
c,choose_hints,jacobi-1d,2,0.008344,4,LARGE
c,choose_hints,jacobi-1d,3,0.008767,4,LARGE
c,choose_hints,jacobi-1d,4,0.008469,4,LARGE
c,choose_hints,jacobi-1d,5,0.008402,4,LARGE
c,choose_hints,jacobi-2d,1,0.128822,4,LARGE
c,choose_hints,jacobi-2d,2,0.120288,4,LARGE
c,choose_hints,jacobi-2d,3,0.117025,4,LARGE
c,choose_hints,jacobi-2d,4,0.129637,4,LARGE
c,choose_hints,jacobi-2d,5,0.109781,4,LARGE
c,choose_hints,lu,1,2.908461,4,LARGE
c,choose_hints,lu,2,2.913847,4,LARGE
c,choose_hints,lu,3,2.869561,4,LARGE
c,choose_hints,lu,4,2.910515,4,LARGE
c,choose_hints,lu,5,2.894918,4,LARGE
c,choose_hints,ludcmp,1,2.303025,4,LARGE
c,choose_hints,ludcmp,2,2.306752,4,LARGE
c,choose_hints,ludcmp,3,2.321118,4,LARGE
c,choose_hints,ludcmp,4,2.372395,4,LARGE
c,choose_hints,ludcmp,5,2.289647,4,LARGE
c,choose_hints,nussinov,1,0.135144,4,LARGE
c,choose_hints,nussinov,2,0.244238,4,LARGE
c,choose_hints,nussinov,3,0.134144,4,LARGE
c,choose_hints,nussinov,4,0.133795,4,LARGE
c,choose_hints,nussinov,5,0.134755,4,LARGE
c,choose_hints,seidel-2d,1,27.165655,4,LARGE
c,choose_hints,seidel-2d,2,27.167276,4,LARGE
c,choose_hints,seidel-2d,3,27.166364,4,LARGE
c,choose_hints,seidel-2d,4,27.164233,4,LARGE
c,choose_hints,seidel-2d,5,27.165620,4,LARGE
c,choose_hints,symm,1,0.053936,4,LARGE
c,choose_hints,symm,2,0.053872,4,LARGE
c,choose_hints,symm,3,0.053960,4,LARGE
c,choose_hints,symm,4,0.054023,4,LARGE
c,choose_hints,symm,5,0.054075,4,LARGE
c,choose_hints,syr2k,1,0.035922,4,LARGE
c,choose_hints,syr2k,2,0.035420,4,LARGE
c,choose_hints,syr2k,3,0.035634,4,LARGE
c,choose_hints,syr2k,4,0.035435,4,LARGE
c,choose_hints,syr2k,5,0.035704,4,LARGE
c,choose_hints,syrk,1,0.029800,4,LARGE
c,choose_hints,syrk,2,0.029595,4,LARGE
c,choose_hints,syrk,3,0.029151,4,LARGE
c,choose_hints,syrk,4,0.030160,4,LARGE
c,choose_hints,syrk,5,0.030715,4,LARGE
c,choose_hints,trmm,1,0.014164,4,LARGE
c,choose_hints,trmm,2,0.015375,4,LARGE
c,choose_hints,trmm,3,0.014803,4,LARGE
c,choose_hints,trmm,4,0.015179,4,LARGE
c,choose_hints,trmm,5,0.016002,4,LARGE
c,choose_hints,2mm,1,0.019946,5,LARGE
c,choose_hints,2mm,2,0.020583,5,LARGE
c,choose_hints,2mm,3,0.020364,5,LARGE
c,choose_hints,2mm,4,0.018025,5,LARGE
c,choose_hints,2mm,5,0.019297,5,LARGE
c,choose_hints,adi,1,0.572776,5,LARGE
c,choose_hints,adi,2,0.580153,5,LARGE
c,choose_hints,adi,3,0.572982,5,LARGE
c,choose_hints,adi,4,0.579380,5,LARGE
c,choose_hints,adi,5,0.607904,5,LARGE
c,choose_hints,atax,1,0.001377,5,LARGE
c,choose_hints,atax,2,0.001390,5,LARGE
c,choose_hints,atax,3,0.001367,5,LARGE
c,choose_hints,atax,4,0.001383,5,LARGE
c,choose_hints,atax,5,0.001355,5,LARGE
c,choose_hints,bicg,1,0.001127,5,LARGE
c,choose_hints,bicg,2,0.001119,5,LARGE
c,choose_hints,bicg,3,0.001156,5,LARGE
c,choose_hints,bicg,4,0.001153,5,LARGE
c,choose_hints,bicg,5,0.001097,5,LARGE
c,choose_hints,cholesky,1,1.891225,5,LARGE
c,choose_hints,cholesky,2,1.891948,5,LARGE
c,choose_hints,cholesky,3,1.888983,5,LARGE
c,choose_hints,cholesky,4,1.894018,5,LARGE
c,choose_hints,cholesky,5,1.891788,5,LARGE
c,choose_hints,correlation,1,0.069881,5,LARGE
c,choose_hints,correlation,2,0.070264,5,LARGE
c,choose_hints,correlation,3,0.071036,5,LARGE
c,choose_hints,correlation,4,0.070737,5,LARGE
c,choose_hints,correlation,5,0.070404,5,LARGE
c,choose_hints,covariance,1,0.435451,5,LARGE
c,choose_hints,covariance,2,0.434300,5,LARGE
c,choose_hints,covariance,3,0.434314,5,LARGE
c,choose_hints,covariance,4,0.436636,5,LARGE
c,choose_hints,covariance,5,0.443230,5,LARGE
c,choose_hints,deriche,1,0.312818,5,LARGE
c,choose_hints,deriche,2,0.294581,5,LARGE
c,choose_hints,deriche,3,0.350559,5,LARGE
c,choose_hints,deriche,4,0.288737,5,LARGE
c,choose_hints,deriche,5,0.294897,5,LARGE
c,choose_hints,doitgen,1,0.002604,5,LARGE
c,choose_hints,doitgen,2,0.002549,5,LARGE
c,choose_hints,doitgen,3,0.002624,5,LARGE
c,choose_hints,doitgen,4,0.002628,5,LARGE
c,choose_hints,doitgen,5,0.002569,5,LARGE
c,choose_hints,durbin,1,0.004977,5,LARGE
c,choose_hints,durbin,2,0.004967,5,LARGE
c,choose_hints,durbin,3,0.004980,5,LARGE
c,choose_hints,durbin,4,0.004892,5,LARGE
c,choose_hints,durbin,5,0.004875,5,LARGE
c,choose_hints,fdtd-2d,1,0.116657,5,LARGE
c,choose_hints,fdtd-2d,2,0.116110,5,LARGE
c,choose_hints,fdtd-2d,3,0.116255,5,LARGE
c,choose_hints,fdtd-2d,4,0.116147,5,LARGE
c,choose_hints,fdtd-2d,5,0.116776,5,LARGE
c,choose_hints,floyd-warshall,1,0.586856,5,LARGE
c,choose_hints,floyd-warshall,2,0.472617,5,LARGE
c,choose_hints,floyd-warshall,3,0.441193,5,LARGE
c,choose_hints,floyd-warshall,4,0.452574,5,LARGE
c,choose_hints,floyd-warshall,5,0.472369,5,LARGE
c,choose_hints,gemm,1,0.013026,5,LARGE
c,choose_hints,gemm,2,0.013379,5,LARGE
c,choose_hints,gemm,3,0.013283,5,LARGE
c,choose_hints,gemm,4,0.013399,5,LARGE
c,choose_hints,gemm,5,0.011651,5,LARGE
c,choose_hints,gemver,1,0.006250,5,LARGE
c,choose_hints,gemver,2,0.006248,5,LARGE
c,choose_hints,gemver,3,0.006201,5,LARGE
c,choose_hints,gemver,4,0.006147,5,LARGE
c,choose_hints,gemver,5,0.006171,5,LARGE
c,choose_hints,gesummv,1,0.000938,5,LARGE
c,choose_hints,gesummv,2,0.000904,5,LARGE
c,choose_hints,gesummv,3,0.000932,5,LARGE
c,choose_hints,gesummv,4,0.000975,5,LARGE
c,choose_hints,gesummv,5,0.000936,5,LARGE
c,choose_hints,heat-3d,1,1.561618,5,LARGE
c,choose_hints,heat-3d,2,1.621395,5,LARGE
c,choose_hints,heat-3d,3,1.455396,5,LARGE
c,choose_hints,heat-3d,4,1.432458,5,LARGE
c,choose_hints,heat-3d,5,1.421172,5,LARGE
c,choose_hints,jacobi-1d,1,0.009163,5,LARGE
c,choose_hints,jacobi-1d,2,0.008359,5,LARGE
c,choose_hints,jacobi-1d,3,0.008266,5,LARGE
c,choose_hints,jacobi-1d,4,0.008288,5,LARGE
c,choose_hints,jacobi-1d,5,0.008382,5,LARGE
c,choose_hints,jacobi-2d,1,0.162030,5,LARGE
c,choose_hints,jacobi-2d,2,0.166074,5,LARGE
c,choose_hints,jacobi-2d,3,0.165642,5,LARGE
c,choose_hints,jacobi-2d,4,0.161470,5,LARGE
c,choose_hints,jacobi-2d,5,0.162158,5,LARGE
c,choose_hints,lu,1,2.466034,5,LARGE
c,choose_hints,lu,2,2.358540,5,LARGE
c,choose_hints,lu,3,2.354659,5,LARGE
c,choose_hints,lu,4,2.342696,5,LARGE
c,choose_hints,lu,5,2.364867,5,LARGE
c,choose_hints,ludcmp,1,2.324066,5,LARGE
c,choose_hints,ludcmp,2,2.330532,5,LARGE
c,choose_hints,ludcmp,3,2.336882,5,LARGE
c,choose_hints,ludcmp,4,2.302319,5,LARGE
c,choose_hints,ludcmp,5,2.271164,5,LARGE
c,choose_hints,mvt,1,0.002193,5,LARGE
c,choose_hints,mvt,2,0.002226,5,LARGE
c,choose_hints,mvt,3,0.002174,5,LARGE
c,choose_hints,mvt,4,0.002160,5,LARGE
c,choose_hints,mvt,5,0.002169,5,LARGE
c,choose_hints,nussinov,1,0.105985,5,LARGE
c,choose_hints,nussinov,2,0.104243,5,LARGE
c,choose_hints,nussinov,3,0.104299,5,LARGE
c,choose_hints,nussinov,4,0.104232,5,LARGE
c,choose_hints,nussinov,5,0.104349,5,LARGE
c,choose_hints,seidel-2d,1,22.165412,5,LARGE
c,choose_hints,seidel-2d,2,22.164698,5,LARGE
c,choose_hints,seidel-2d,3,22.163772,5,LARGE
c,choose_hints,seidel-2d,4,22.165524,5,LARGE
c,choose_hints,seidel-2d,5,22.165146,5,LARGE
c,choose_hints,symm,1,0.256490,5,LARGE
c,choose_hints,symm,2,0.248113,5,LARGE
c,choose_hints,symm,3,0.242483,5,LARGE
c,choose_hints,symm,4,0.232285,5,LARGE
c,choose_hints,symm,5,0.251703,5,LARGE
c,choose_hints,syr2k,1,0.036710,5,LARGE
c,choose_hints,syr2k,2,0.037065,5,LARGE
c,choose_hints,syr2k,3,0.036879,5,LARGE
c,choose_hints,syr2k,4,0.035293,5,LARGE
c,choose_hints,syr2k,5,0.036411,5,LARGE
c,choose_hints,syrk,1,0.033655,5,LARGE
c,choose_hints,syrk,2,0.033327,5,LARGE
c,choose_hints,syrk,3,0.033255,5,LARGE
c,choose_hints,syrk,4,0.032918,5,LARGE
c,choose_hints,syrk,5,0.033190,5,LARGE
c,choose_hints,trmm,1,0.213725,5,LARGE
c,choose_hints,trmm,2,0.211644,5,LARGE
c,choose_hints,trmm,3,0.211550,5,LARGE
c,choose_hints,trmm,4,0.212202,5,LARGE
c,choose_hints,trmm,5,0.211217,5,LARGE
noarr,choose_hints,2mm,1,0.653077,1,LARGE
noarr,choose_hints,2mm,2,0.675309,1,LARGE
noarr,choose_hints,2mm,3,0.675769,1,LARGE
noarr,choose_hints,2mm,4,0.659352,1,LARGE
noarr,choose_hints,2mm,5,0.659229,1,LARGE
noarr,choose_hints,3mm,1,1.075530,1,LARGE
noarr,choose_hints,3mm,2,1.078042,1,LARGE
noarr,choose_hints,3mm,3,1.113708,1,LARGE
noarr,choose_hints,3mm,4,1.074919,1,LARGE
noarr,choose_hints,3mm,5,1.110258,1,LARGE
noarr,choose_hints,adi,1,0.797532,1,LARGE
noarr,choose_hints,adi,2,0.780610,1,LARGE
noarr,choose_hints,adi,3,0.804534,1,LARGE
noarr,choose_hints,adi,4,0.788743,1,LARGE
noarr,choose_hints,adi,5,0.799080,1,LARGE
noarr,choose_hints,atax,1,0.008232,1,LARGE
noarr,choose_hints,atax,2,0.008253,1,LARGE
noarr,choose_hints,atax,3,0.008236,1,LARGE
noarr,choose_hints,atax,4,0.008201,1,LARGE
noarr,choose_hints,atax,5,0.008258,1,LARGE
noarr,choose_hints,bicg,1,0.006819,1,LARGE
noarr,choose_hints,bicg,2,0.006345,1,LARGE
noarr,choose_hints,bicg,3,0.006575,1,LARGE
noarr,choose_hints,bicg,4,0.006404,1,LARGE
noarr,choose_hints,bicg,5,0.006587,1,LARGE
noarr,choose_hints,correlation,1,1.710163,1,LARGE
noarr,choose_hints,correlation,2,1.709573,1,LARGE
noarr,choose_hints,correlation,3,1.709299,1,LARGE
noarr,choose_hints,correlation,4,1.691408,1,LARGE
noarr,choose_hints,correlation,5,1.709372,1,LARGE
noarr,choose_hints,covariance,1,0.445100,1,LARGE
noarr,choose_hints,covariance,2,0.436141,1,LARGE
noarr,choose_hints,covariance,3,0.438994,1,LARGE
noarr,choose_hints,covariance,4,0.444349,1,LARGE
noarr,choose_hints,covariance,5,0.438494,1,LARGE
noarr,choose_hints,doitgen,1,0.149392,1,LARGE
noarr,choose_hints,doitgen,2,0.149318,1,LARGE
noarr,choose_hints,doitgen,3,0.149843,1,LARGE
noarr,choose_hints,doitgen,4,0.149751,1,LARGE
noarr,choose_hints,doitgen,5,0.150459,1,LARGE
noarr,choose_hints,durbin,1,0.005000,1,LARGE
noarr,choose_hints,durbin,2,0.005123,1,LARGE
noarr,choose_hints,durbin,3,0.005001,1,LARGE
noarr,choose_hints,durbin,4,0.005126,1,LARGE
noarr,choose_hints,durbin,5,0.005116,1,LARGE
noarr,choose_hints,fdtd-2d,1,0.124977,1,LARGE
noarr,choose_hints,fdtd-2d,2,0.124817,1,LARGE
noarr,choose_hints,fdtd-2d,3,0.124367,1,LARGE
noarr,choose_hints,fdtd-2d,4,0.124750,1,LARGE
noarr,choose_hints,fdtd-2d,5,0.124213,1,LARGE
noarr,choose_hints,floyd-warshall,1,28.759421,1,LARGE
noarr,choose_hints,floyd-warshall,2,28.890361,1,LARGE
noarr,choose_hints,floyd-warshall,3,29.028966,1,LARGE
noarr,choose_hints,floyd-warshall,4,29.017196,1,LARGE
noarr,choose_hints,floyd-warshall,5,29.027294,1,LARGE
noarr,choose_hints,gemm,1,1.912528,1,LARGE
noarr,choose_hints,gemm,2,1.915507,1,LARGE
noarr,choose_hints,gemm,3,1.914566,1,LARGE
noarr,choose_hints,gemm,4,1.914198,1,LARGE
noarr,choose_hints,gemm,5,1.916336,1,LARGE
noarr,choose_hints,gemver,1,0.011397,1,LARGE
noarr,choose_hints,gemver,2,0.011269,1,LARGE
noarr,choose_hints,gemver,3,0.011191,1,LARGE
noarr,choose_hints,gemver,4,0.011310,1,LARGE
noarr,choose_hints,gemver,5,0.011403,1,LARGE
noarr,choose_hints,gesummv,1,0.003744,1,LARGE
noarr,choose_hints,gesummv,2,0.003522,1,LARGE
noarr,choose_hints,gesummv,3,0.003692,1,LARGE
noarr,choose_hints,gesummv,4,0.003621,1,LARGE
noarr,choose_hints,gesummv,5,0.003643,1,LARGE
noarr,choose_hints,heat-3d,1,2.021309,1,LARGE
noarr,choose_hints,heat-3d,2,2.002733,1,LARGE
noarr,choose_hints,heat-3d,3,2.017916,1,LARGE
noarr,choose_hints,heat-3d,4,2.056548,1,LARGE
noarr,choose_hints,heat-3d,5,2.020845,1,LARGE
noarr,choose_hints,jacobi-1d,1,0.028739,1,LARGE
noarr,choose_hints,jacobi-1d,2,0.028836,1,LARGE
noarr,choose_hints,jacobi-1d,3,0.029157,1,LARGE
noarr,choose_hints,jacobi-1d,4,0.029288,1,LARGE
noarr,choose_hints,jacobi-1d,5,0.028039,1,LARGE
noarr,choose_hints,jacobi-2d,1,1.704263,1,LARGE
noarr,choose_hints,jacobi-2d,2,1.704381,1,LARGE
noarr,choose_hints,jacobi-2d,3,1.699815,1,LARGE
noarr,choose_hints,jacobi-2d,4,1.703492,1,LARGE
noarr,choose_hints,jacobi-2d,5,1.693248,1,LARGE
noarr,choose_hints,lu,1,4.377400,1,LARGE
noarr,choose_hints,lu,2,4.349676,1,LARGE
noarr,choose_hints,lu,3,4.367726,1,LARGE
noarr,choose_hints,lu,4,4.350681,1,LARGE
noarr,choose_hints,lu,5,4.368920,1,LARGE
noarr,choose_hints,ludcmp,1,4.429678,1,LARGE
noarr,choose_hints,ludcmp,2,4.406019,1,LARGE
noarr,choose_hints,ludcmp,3,4.406013,1,LARGE
noarr,choose_hints,ludcmp,4,4.360233,1,LARGE
noarr,choose_hints,ludcmp,5,4.423719,1,LARGE
noarr,choose_hints,mvt,1,0.006810,1,LARGE
noarr,choose_hints,mvt,2,0.006866,1,LARGE
noarr,choose_hints,mvt,3,0.006799,1,LARGE
noarr,choose_hints,mvt,4,0.006951,1,LARGE
noarr,choose_hints,mvt,5,0.006909,1,LARGE
noarr,choose_hints,seidel-2d,1,20.026428,1,LARGE
noarr,choose_hints,seidel-2d,2,20.025342,1,LARGE
noarr,choose_hints,seidel-2d,3,20.025837,1,LARGE
noarr,choose_hints,seidel-2d,4,20.026136,1,LARGE
noarr,choose_hints,seidel-2d,5,20.026272,1,LARGE
noarr,choose_hints,symm,1,0.525572,1,LARGE
noarr,choose_hints,symm,2,0.509562,1,LARGE
noarr,choose_hints,symm,3,0.526117,1,LARGE
noarr,choose_hints,symm,4,0.518055,1,LARGE
noarr,choose_hints,symm,5,0.510248,1,LARGE
noarr,choose_hints,syr2k,1,1.253071,1,LARGE
noarr,choose_hints,syr2k,2,1.254054,1,LARGE
noarr,choose_hints,syr2k,3,1.253683,1,LARGE
noarr,choose_hints,syr2k,4,1.260945,1,LARGE
noarr,choose_hints,syr2k,5,1.254032,1,LARGE
noarr,choose_hints,syrk,1,0.599753,1,LARGE
noarr,choose_hints,syrk,2,0.599912,1,LARGE
noarr,choose_hints,syrk,3,0.599175,1,LARGE
noarr,choose_hints,syrk,4,0.597110,1,LARGE
noarr,choose_hints,syrk,5,0.597123,1,LARGE
noarr,choose_hints,trisolv,1,0.003123,1,LARGE
noarr,choose_hints,trisolv,2,0.003104,1,LARGE
noarr,choose_hints,trisolv,3,0.003165,1,LARGE
noarr,choose_hints,trisolv,4,0.003154,1,LARGE
noarr,choose_hints,trisolv,5,0.003135,1,LARGE
noarr,choose_hints,trmm,1,0.238224,1,LARGE
noarr,choose_hints,trmm,2,0.244317,1,LARGE
noarr,choose_hints,trmm,3,0.244519,1,LARGE
noarr,choose_hints,trmm,4,0.236302,1,LARGE
noarr,choose_hints,trmm,5,0.244282,1,LARGE
noarr,choose_hints,2mm,1,0.655370,2,LARGE
noarr,choose_hints,2mm,2,0.662465,2,LARGE
noarr,choose_hints,2mm,3,0.656777,2,LARGE
noarr,choose_hints,2mm,4,0.662002,2,LARGE
noarr,choose_hints,2mm,5,0.657537,2,LARGE
noarr,choose_hints,3mm,1,1.068129,2,LARGE
noarr,choose_hints,3mm,2,1.069419,2,LARGE
noarr,choose_hints,3mm,3,1.069729,2,LARGE
noarr,choose_hints,3mm,4,1.069438,2,LARGE
noarr,choose_hints,3mm,5,1.069776,2,LARGE
noarr,choose_hints,adi,1,8.442512,2,LARGE
noarr,choose_hints,adi,2,8.447121,2,LARGE
noarr,choose_hints,adi,3,8.429447,2,LARGE
noarr,choose_hints,adi,4,8.439109,2,LARGE
noarr,choose_hints,adi,5,8.421870,2,LARGE
noarr,choose_hints,atax,1,0.008307,2,LARGE
noarr,choose_hints,atax,2,0.008255,2,LARGE
noarr,choose_hints,atax,3,0.008306,2,LARGE
noarr,choose_hints,atax,4,0.008252,2,LARGE
noarr,choose_hints,atax,5,0.008229,2,LARGE
noarr,choose_hints,bicg,1,0.013215,2,LARGE
noarr,choose_hints,bicg,2,0.013155,2,LARGE
noarr,choose_hints,bicg,3,0.013163,2,LARGE
noarr,choose_hints,bicg,4,0.013110,2,LARGE
noarr,choose_hints,bicg,5,0.013096,2,LARGE
noarr,choose_hints,correlation,1,1.679403,2,LARGE
noarr,choose_hints,correlation,2,1.679793,2,LARGE
noarr,choose_hints,correlation,3,1.679830,2,LARGE
noarr,choose_hints,correlation,4,1.679570,2,LARGE
noarr,choose_hints,correlation,5,1.679952,2,LARGE
noarr,choose_hints,covariance,1,0.440932,2,LARGE
noarr,choose_hints,covariance,2,0.451595,2,LARGE
noarr,choose_hints,covariance,3,0.452173,2,LARGE
noarr,choose_hints,covariance,4,0.449528,2,LARGE
noarr,choose_hints,covariance,5,0.449471,2,LARGE
noarr,choose_hints,deriche,1,0.190399,2,LARGE
noarr,choose_hints,deriche,2,0.190595,2,LARGE
noarr,choose_hints,deriche,3,0.190256,2,LARGE
noarr,choose_hints,deriche,4,0.190726,2,LARGE
noarr,choose_hints,deriche,5,0.190612,2,LARGE
noarr,choose_hints,doitgen,1,0.193348,2,LARGE
noarr,choose_hints,doitgen,2,0.193421,2,LARGE
noarr,choose_hints,doitgen,3,0.193185,2,LARGE
noarr,choose_hints,doitgen,4,0.193495,2,LARGE
noarr,choose_hints,doitgen,5,0.193290,2,LARGE
noarr,choose_hints,durbin,1,0.003770,2,LARGE
noarr,choose_hints,durbin,2,0.003775,2,LARGE
noarr,choose_hints,durbin,3,0.003772,2,LARGE
noarr,choose_hints,durbin,4,0.003771,2,LARGE
noarr,choose_hints,durbin,5,0.003772,2,LARGE
noarr,choose_hints,floyd-warshall,1,15.931795,2,LARGE
noarr,choose_hints,floyd-warshall,2,15.974856,2,LARGE
noarr,choose_hints,floyd-warshall,3,15.912190,2,LARGE
noarr,choose_hints,floyd-warshall,4,16.197166,2,LARGE
noarr,choose_hints,floyd-warshall,5,15.989363,2,LARGE
noarr,choose_hints,gemm,1,0.521205,2,LARGE
noarr,choose_hints,gemm,2,0.533212,2,LARGE
noarr,choose_hints,gemm,3,0.521391,2,LARGE
noarr,choose_hints,gemm,4,0.535711,2,LARGE
noarr,choose_hints,gemm,5,0.521141,2,LARGE
noarr,choose_hints,gemver,1,0.011943,2,LARGE
noarr,choose_hints,gemver,2,0.011461,2,LARGE
noarr,choose_hints,gemver,3,0.011453,2,LARGE
noarr,choose_hints,gemver,4,0.011541,2,LARGE
noarr,choose_hints,gemver,5,0.011624,2,LARGE
noarr,choose_hints,gesummv,1,0.002699,2,LARGE
noarr,choose_hints,gesummv,2,0.002678,2,LARGE
noarr,choose_hints,gesummv,3,0.002667,2,LARGE
noarr,choose_hints,gesummv,4,0.002793,2,LARGE
noarr,choose_hints,gesummv,5,0.002773,2,LARGE
noarr,choose_hints,heat-3d,1,2.027901,2,LARGE
noarr,choose_hints,heat-3d,2,2.014542,2,LARGE
noarr,choose_hints,heat-3d,3,1.978663,2,LARGE
noarr,choose_hints,heat-3d,4,2.027030,2,LARGE
noarr,choose_hints,heat-3d,5,1.960024,2,LARGE
noarr,choose_hints,jacobi-1d,1,0.001807,2,LARGE
noarr,choose_hints,jacobi-1d,2,0.001808,2,LARGE
noarr,choose_hints,jacobi-1d,3,0.001803,2,LARGE
noarr,choose_hints,jacobi-1d,4,0.001798,2,LARGE
noarr,choose_hints,jacobi-1d,5,0.001800,2,LARGE
noarr,choose_hints,jacobi-2d,1,0.186644,2,LARGE
noarr,choose_hints,jacobi-2d,2,0.191330,2,LARGE
noarr,choose_hints,jacobi-2d,3,0.188955,2,LARGE
noarr,choose_hints,jacobi-2d,4,0.188587,2,LARGE
noarr,choose_hints,jacobi-2d,5,0.188129,2,LARGE
noarr,choose_hints,lu,1,4.421308,2,LARGE
noarr,choose_hints,lu,2,4.411535,2,LARGE
noarr,choose_hints,lu,3,4.400495,2,LARGE
noarr,choose_hints,lu,4,4.408429,2,LARGE
noarr,choose_hints,lu,5,4.348855,2,LARGE
noarr,choose_hints,ludcmp,1,4.357835,2,LARGE
noarr,choose_hints,ludcmp,2,4.391762,2,LARGE
noarr,choose_hints,ludcmp,3,4.417795,2,LARGE
noarr,choose_hints,ludcmp,4,4.419813,2,LARGE
noarr,choose_hints,ludcmp,5,4.374032,2,LARGE
noarr,choose_hints,mvt,1,0.006894,2,LARGE
noarr,choose_hints,mvt,2,0.006916,2,LARGE
noarr,choose_hints,mvt,3,0.006851,2,LARGE
noarr,choose_hints,mvt,4,0.006844,2,LARGE
noarr,choose_hints,mvt,5,0.006847,2,LARGE
noarr,choose_hints,seidel-2d,1,20.026825,2,LARGE
noarr,choose_hints,seidel-2d,2,20.025735,2,LARGE
noarr,choose_hints,seidel-2d,3,20.026031,2,LARGE
noarr,choose_hints,seidel-2d,4,20.025565,2,LARGE
noarr,choose_hints,seidel-2d,5,20.025550,2,LARGE
noarr,choose_hints,symm,1,1.033375,2,LARGE
noarr,choose_hints,symm,2,1.028412,2,LARGE
noarr,choose_hints,symm,3,1.028412,2,LARGE
noarr,choose_hints,symm,4,1.027309,2,LARGE
noarr,choose_hints,symm,5,1.028999,2,LARGE
noarr,choose_hints,syr2k,1,1.799373,2,LARGE
noarr,choose_hints,syr2k,2,1.798732,2,LARGE
noarr,choose_hints,syr2k,3,1.790748,2,LARGE
noarr,choose_hints,syr2k,4,1.776079,2,LARGE
noarr,choose_hints,syr2k,5,1.784693,2,LARGE
noarr,choose_hints,syrk,1,0.598134,2,LARGE
noarr,choose_hints,syrk,2,0.597924,2,LARGE
noarr,choose_hints,syrk,3,0.599026,2,LARGE
noarr,choose_hints,syrk,4,0.599034,2,LARGE
noarr,choose_hints,syrk,5,0.597197,2,LARGE
noarr,choose_hints,trisolv,1,0.003115,2,LARGE
noarr,choose_hints,trisolv,2,0.003123,2,LARGE
noarr,choose_hints,trisolv,3,0.003103,2,LARGE
noarr,choose_hints,trisolv,4,0.003175,2,LARGE
noarr,choose_hints,trisolv,5,0.003110,2,LARGE
noarr,choose_hints,trmm,1,0.849190,2,LARGE
noarr,choose_hints,trmm,2,0.848832,2,LARGE
noarr,choose_hints,trmm,3,0.848957,2,LARGE
noarr,choose_hints,trmm,4,0.848860,2,LARGE
noarr,choose_hints,trmm,5,0.849175,2,LARGE
noarr,choose_hints,2mm,1,0.656973,3,LARGE
noarr,choose_hints,2mm,2,0.656975,3,LARGE
noarr,choose_hints,2mm,3,0.650758,3,LARGE
noarr,choose_hints,2mm,4,0.656504,3,LARGE
noarr,choose_hints,2mm,5,0.672107,3,LARGE
noarr,choose_hints,3mm,1,3.090528,3,LARGE
noarr,choose_hints,3mm,2,3.090435,3,LARGE
noarr,choose_hints,3mm,3,3.090224,3,LARGE
noarr,choose_hints,3mm,4,3.090657,3,LARGE
noarr,choose_hints,3mm,5,3.091337,3,LARGE
noarr,choose_hints,adi,1,0.812998,3,LARGE
noarr,choose_hints,adi,2,0.808800,3,LARGE
noarr,choose_hints,adi,3,0.801785,3,LARGE
noarr,choose_hints,adi,4,0.812816,3,LARGE
noarr,choose_hints,adi,5,0.814044,3,LARGE
noarr,choose_hints,atax,1,0.008869,3,LARGE
noarr,choose_hints,atax,2,0.008849,3,LARGE
noarr,choose_hints,atax,3,0.008871,3,LARGE
noarr,choose_hints,atax,4,0.008848,3,LARGE
noarr,choose_hints,atax,5,0.008891,3,LARGE
noarr,choose_hints,bicg,1,0.006957,3,LARGE
noarr,choose_hints,bicg,2,0.006807,3,LARGE
noarr,choose_hints,bicg,3,0.006855,3,LARGE
noarr,choose_hints,bicg,4,0.006936,3,LARGE
noarr,choose_hints,bicg,5,0.006882,3,LARGE
noarr,choose_hints,correlation,1,2.362571,3,LARGE
noarr,choose_hints,correlation,2,2.361855,3,LARGE
noarr,choose_hints,correlation,3,2.354231,3,LARGE
noarr,choose_hints,correlation,4,2.335376,3,LARGE
noarr,choose_hints,correlation,5,2.361828,3,LARGE
noarr,choose_hints,covariance,1,1.690681,3,LARGE
noarr,choose_hints,covariance,2,1.691565,3,LARGE
noarr,choose_hints,covariance,3,1.690649,3,LARGE
noarr,choose_hints,covariance,4,1.690008,3,LARGE
noarr,choose_hints,covariance,5,1.688911,3,LARGE
noarr,choose_hints,doitgen,1,0.193826,3,LARGE
noarr,choose_hints,doitgen,2,0.193686,3,LARGE
noarr,choose_hints,doitgen,3,0.193776,3,LARGE
noarr,choose_hints,doitgen,4,0.193614,3,LARGE
noarr,choose_hints,doitgen,5,0.193789,3,LARGE
noarr,choose_hints,durbin,1,0.003914,3,LARGE
noarr,choose_hints,durbin,2,0.003923,3,LARGE
noarr,choose_hints,durbin,3,0.003916,3,LARGE
noarr,choose_hints,durbin,4,0.003923,3,LARGE
noarr,choose_hints,durbin,5,0.003953,3,LARGE
noarr,choose_hints,fdtd-2d,1,0.203682,3,LARGE
noarr,choose_hints,fdtd-2d,2,0.200864,3,LARGE
noarr,choose_hints,fdtd-2d,3,0.198094,3,LARGE
noarr,choose_hints,fdtd-2d,4,0.203208,3,LARGE
noarr,choose_hints,fdtd-2d,5,0.194645,3,LARGE
noarr,choose_hints,floyd-warshall,1,15.739142,3,LARGE
noarr,choose_hints,floyd-warshall,2,16.006804,3,LARGE
noarr,choose_hints,floyd-warshall,3,15.744430,3,LARGE
noarr,choose_hints,floyd-warshall,4,15.970050,3,LARGE
noarr,choose_hints,floyd-warshall,5,15.810815,3,LARGE
noarr,choose_hints,gemm,1,0.533843,3,LARGE
noarr,choose_hints,gemm,2,0.521802,3,LARGE
noarr,choose_hints,gemm,3,0.516664,3,LARGE
noarr,choose_hints,gemm,4,0.517451,3,LARGE
noarr,choose_hints,gemm,5,0.522096,3,LARGE
noarr,choose_hints,gemver,1,0.008718,3,LARGE
noarr,choose_hints,gemver,2,0.008712,3,LARGE
noarr,choose_hints,gemver,3,0.008674,3,LARGE
noarr,choose_hints,gemver,4,0.008679,3,LARGE
noarr,choose_hints,gemver,5,0.008724,3,LARGE
noarr,choose_hints,gesummv,1,0.003738,3,LARGE
noarr,choose_hints,gesummv,2,0.003717,3,LARGE
noarr,choose_hints,gesummv,3,0.003675,3,LARGE
noarr,choose_hints,gesummv,4,0.003622,3,LARGE
noarr,choose_hints,gesummv,5,0.003570,3,LARGE
noarr,choose_hints,heat-3d,1,1.976385,3,LARGE
noarr,choose_hints,heat-3d,2,1.958247,3,LARGE
noarr,choose_hints,heat-3d,3,1.962206,3,LARGE
noarr,choose_hints,heat-3d,4,1.959827,3,LARGE
noarr,choose_hints,heat-3d,5,1.960503,3,LARGE
noarr,choose_hints,jacobi-1d,1,0.030397,3,LARGE
noarr,choose_hints,jacobi-1d,2,0.030194,3,LARGE
noarr,choose_hints,jacobi-1d,3,0.030227,3,LARGE
noarr,choose_hints,jacobi-1d,4,0.030357,3,LARGE
noarr,choose_hints,jacobi-1d,5,0.030558,3,LARGE
noarr,choose_hints,jacobi-2d,1,1.715068,3,LARGE
noarr,choose_hints,jacobi-2d,2,1.704404,3,LARGE
noarr,choose_hints,jacobi-2d,3,1.712533,3,LARGE
noarr,choose_hints,jacobi-2d,4,1.705585,3,LARGE
noarr,choose_hints,jacobi-2d,5,1.710646,3,LARGE
noarr,choose_hints,lu,1,4.341037,3,LARGE
noarr,choose_hints,lu,2,4.420176,3,LARGE
noarr,choose_hints,lu,3,4.370702,3,LARGE
noarr,choose_hints,lu,4,4.341072,3,LARGE
noarr,choose_hints,lu,5,4.372117,3,LARGE
noarr,choose_hints,ludcmp,1,4.402946,3,LARGE
noarr,choose_hints,ludcmp,2,4.401633,3,LARGE
noarr,choose_hints,ludcmp,3,4.405523,3,LARGE
noarr,choose_hints,ludcmp,4,4.407447,3,LARGE
noarr,choose_hints,ludcmp,5,4.404368,3,LARGE
noarr,choose_hints,mvt,1,0.006898,3,LARGE
noarr,choose_hints,mvt,2,0.006909,3,LARGE
noarr,choose_hints,mvt,3,0.006923,3,LARGE
noarr,choose_hints,mvt,4,0.006849,3,LARGE
noarr,choose_hints,mvt,5,0.006903,3,LARGE
noarr,choose_hints,seidel-2d,1,27.166859,3,LARGE
noarr,choose_hints,seidel-2d,2,27.166039,3,LARGE
noarr,choose_hints,seidel-2d,3,27.165816,3,LARGE
noarr,choose_hints,seidel-2d,4,27.166430,3,LARGE
noarr,choose_hints,seidel-2d,5,27.167158,3,LARGE
noarr,choose_hints,symm,1,1.029246,3,LARGE
noarr,choose_hints,symm,2,1.028921,3,LARGE
noarr,choose_hints,symm,3,1.028988,3,LARGE
noarr,choose_hints,symm,4,1.030264,3,LARGE
noarr,choose_hints,symm,5,1.026026,3,LARGE
noarr,choose_hints,syr2k,1,1.285458,3,LARGE
noarr,choose_hints,syr2k,2,1.283848,3,LARGE
noarr,choose_hints,syr2k,3,1.284094,3,LARGE
noarr,choose_hints,syr2k,4,1.282784,3,LARGE
noarr,choose_hints,syr2k,5,1.272304,3,LARGE
noarr,choose_hints,syrk,1,0.632763,3,LARGE
noarr,choose_hints,syrk,2,0.637079,3,LARGE
noarr,choose_hints,syrk,3,0.636004,3,LARGE
noarr,choose_hints,syrk,4,0.632411,3,LARGE
noarr,choose_hints,syrk,5,0.636387,3,LARGE
noarr,choose_hints,trisolv,1,0.003120,3,LARGE
noarr,choose_hints,trisolv,2,0.003184,3,LARGE
noarr,choose_hints,trisolv,3,0.003139,3,LARGE
noarr,choose_hints,trisolv,4,0.003138,3,LARGE
noarr,choose_hints,trisolv,5,0.003188,3,LARGE
noarr,choose_hints,trmm,1,0.849324,3,LARGE
noarr,choose_hints,trmm,2,0.848247,3,LARGE
noarr,choose_hints,trmm,3,0.843929,3,LARGE
noarr,choose_hints,trmm,4,0.843946,3,LARGE
noarr,choose_hints,trmm,5,0.849438,3,LARGE
noarr,choose_hints,2mm,1,0.658295,4,LARGE
noarr,choose_hints,2mm,2,0.677476,4,LARGE
noarr,choose_hints,2mm,3,0.658884,4,LARGE
noarr,choose_hints,2mm,4,0.677344,4,LARGE
noarr,choose_hints,2mm,5,0.658254,4,LARGE
noarr,choose_hints,3mm,1,3.826443,4,LARGE
noarr,choose_hints,3mm,2,3.828896,4,LARGE
noarr,choose_hints,3mm,3,3.829275,4,LARGE
noarr,choose_hints,3mm,4,3.826500,4,LARGE
noarr,choose_hints,3mm,5,3.818118,4,LARGE
noarr,choose_hints,adi,1,0.801208,4,LARGE
noarr,choose_hints,adi,2,0.795869,4,LARGE
noarr,choose_hints,adi,3,0.783186,4,LARGE
noarr,choose_hints,adi,4,0.800241,4,LARGE
noarr,choose_hints,adi,5,0.799799,4,LARGE
noarr,choose_hints,atax,1,0.008280,4,LARGE
noarr,choose_hints,atax,2,0.008245,4,LARGE
noarr,choose_hints,atax,3,0.008246,4,LARGE
noarr,choose_hints,atax,4,0.008277,4,LARGE
noarr,choose_hints,atax,5,0.008293,4,LARGE
noarr,choose_hints,bicg,1,0.007024,4,LARGE
noarr,choose_hints,bicg,2,0.006897,4,LARGE
noarr,choose_hints,bicg,3,0.006832,4,LARGE
noarr,choose_hints,bicg,4,0.006830,4,LARGE
noarr,choose_hints,bicg,5,0.006856,4,LARGE
noarr,choose_hints,correlation,1,0.568070,4,LARGE
noarr,choose_hints,correlation,2,0.568448,4,LARGE
noarr,choose_hints,correlation,3,0.568655,4,LARGE
noarr,choose_hints,correlation,4,0.575303,4,LARGE
noarr,choose_hints,correlation,5,0.573870,4,LARGE
noarr,choose_hints,covariance,1,0.441069,4,LARGE
noarr,choose_hints,covariance,2,0.449781,4,LARGE
noarr,choose_hints,covariance,3,0.440297,4,LARGE
noarr,choose_hints,covariance,4,0.440233,4,LARGE
noarr,choose_hints,covariance,5,0.449648,4,LARGE
noarr,choose_hints,deriche,1,0.151801,4,LARGE
noarr,choose_hints,deriche,2,0.152040,4,LARGE
noarr,choose_hints,deriche,3,0.151676,4,LARGE
noarr,choose_hints,deriche,4,0.151424,4,LARGE
noarr,choose_hints,deriche,5,0.151701,4,LARGE
noarr,choose_hints,doitgen,1,0.194121,4,LARGE
noarr,choose_hints,doitgen,2,0.193814,4,LARGE
noarr,choose_hints,doitgen,3,0.193647,4,LARGE
noarr,choose_hints,doitgen,4,0.193986,4,LARGE
noarr,choose_hints,doitgen,5,0.193760,4,LARGE
noarr,choose_hints,durbin,1,0.004212,4,LARGE
noarr,choose_hints,durbin,2,0.004196,4,LARGE
noarr,choose_hints,durbin,3,0.004201,4,LARGE
noarr,choose_hints,durbin,4,0.004210,4,LARGE
noarr,choose_hints,durbin,5,0.004241,4,LARGE
noarr,choose_hints,floyd-warshall,1,29.201508,4,LARGE
noarr,choose_hints,floyd-warshall,2,29.233253,4,LARGE
noarr,choose_hints,floyd-warshall,3,29.244094,4,LARGE
noarr,choose_hints,floyd-warshall,4,29.267022,4,LARGE
noarr,choose_hints,floyd-warshall,5,29.318216,4,LARGE
noarr,choose_hints,gemm,1,0.521616,4,LARGE
noarr,choose_hints,gemm,2,0.533752,4,LARGE
noarr,choose_hints,gemm,3,0.533564,4,LARGE
noarr,choose_hints,gemm,4,0.533555,4,LARGE
noarr,choose_hints,gemm,5,0.534572,4,LARGE
noarr,choose_hints,gemver,1,0.011562,4,LARGE
noarr,choose_hints,gemver,2,0.011327,4,LARGE
noarr,choose_hints,gemver,3,0.011374,4,LARGE
noarr,choose_hints,gemver,4,0.011274,4,LARGE
noarr,choose_hints,gemver,5,0.011198,4,LARGE
noarr,choose_hints,gesummv,1,0.003677,4,LARGE
noarr,choose_hints,gesummv,2,0.003670,4,LARGE
noarr,choose_hints,gesummv,3,0.003694,4,LARGE
noarr,choose_hints,gesummv,4,0.003639,4,LARGE
noarr,choose_hints,gesummv,5,0.003657,4,LARGE
noarr,choose_hints,heat-3d,1,1.921104,4,LARGE
noarr,choose_hints,heat-3d,2,1.922393,4,LARGE
noarr,choose_hints,heat-3d,3,1.940998,4,LARGE
noarr,choose_hints,heat-3d,4,1.941985,4,LARGE
noarr,choose_hints,heat-3d,5,1.939355,4,LARGE
noarr,choose_hints,jacobi-1d,1,0.030675,4,LARGE
noarr,choose_hints,jacobi-1d,2,0.030217,4,LARGE
noarr,choose_hints,jacobi-1d,3,0.028942,4,LARGE
noarr,choose_hints,jacobi-1d,4,0.030072,4,LARGE
noarr,choose_hints,jacobi-1d,5,0.029489,4,LARGE
noarr,choose_hints,jacobi-2d,1,0.182077,4,LARGE
noarr,choose_hints,jacobi-2d,2,0.179265,4,LARGE
noarr,choose_hints,jacobi-2d,3,0.184332,4,LARGE
noarr,choose_hints,jacobi-2d,4,0.184835,4,LARGE
noarr,choose_hints,jacobi-2d,5,0.185282,4,LARGE
noarr,choose_hints,ludcmp,1,4.441645,4,LARGE
noarr,choose_hints,ludcmp,2,4.344509,4,LARGE
noarr,choose_hints,ludcmp,3,4.345686,4,LARGE
noarr,choose_hints,ludcmp,4,4.415779,4,LARGE
noarr,choose_hints,ludcmp,5,4.346075,4,LARGE
noarr,choose_hints,mvt,1,0.006791,4,LARGE
noarr,choose_hints,mvt,2,0.006929,4,LARGE
noarr,choose_hints,mvt,3,0.006886,4,LARGE
noarr,choose_hints,mvt,4,0.006913,4,LARGE
noarr,choose_hints,mvt,5,0.006846,4,LARGE
noarr,choose_hints,seidel-2d,1,27.167501,4,LARGE
noarr,choose_hints,seidel-2d,2,27.169615,4,LARGE
noarr,choose_hints,seidel-2d,3,27.164110,4,LARGE
noarr,choose_hints,seidel-2d,4,27.168756,4,LARGE
noarr,choose_hints,seidel-2d,5,27.170268,4,LARGE
noarr,choose_hints,syr2k,1,1.295461,4,LARGE
noarr,choose_hints,syr2k,2,1.252962,4,LARGE
noarr,choose_hints,syr2k,3,1.295144,4,LARGE
noarr,choose_hints,syr2k,4,1.254517,4,LARGE
noarr,choose_hints,syr2k,5,1.295506,4,LARGE
noarr,choose_hints,syrk,1,1.409205,4,LARGE
noarr,choose_hints,syrk,2,1.409219,4,LARGE
noarr,choose_hints,syrk,3,1.409106,4,LARGE
noarr,choose_hints,syrk,4,1.409239,4,LARGE
noarr,choose_hints,syrk,5,1.409178,4,LARGE
noarr,choose_hints,trisolv,1,0.003118,4,LARGE
noarr,choose_hints,trisolv,2,0.003174,4,LARGE
noarr,choose_hints,trisolv,3,0.003089,4,LARGE
noarr,choose_hints,trisolv,4,0.003142,4,LARGE
noarr,choose_hints,trisolv,5,0.003090,4,LARGE
noarr,choose_hints,trmm,1,0.234727,4,LARGE
noarr,choose_hints,trmm,2,0.240351,4,LARGE
noarr,choose_hints,trmm,3,0.233102,4,LARGE
noarr,choose_hints,trmm,4,0.239314,4,LARGE
noarr,choose_hints,trmm,5,0.234069,4,LARGE
noarr,choose_hints,2mm,1,0.649043,5,LARGE
noarr,choose_hints,2mm,2,0.651557,5,LARGE
noarr,choose_hints,2mm,3,0.649560,5,LARGE
noarr,choose_hints,2mm,4,0.670999,5,LARGE
noarr,choose_hints,2mm,5,0.648945,5,LARGE
noarr,choose_hints,3mm,1,1.060703,5,LARGE
noarr,choose_hints,3mm,2,1.069442,5,LARGE
noarr,choose_hints,3mm,3,1.058852,5,LARGE
noarr,choose_hints,3mm,4,1.061471,5,LARGE
noarr,choose_hints,3mm,5,1.060034,5,LARGE
noarr,choose_hints,adi,1,0.802734,5,LARGE
noarr,choose_hints,adi,2,0.802591,5,LARGE
noarr,choose_hints,adi,3,0.800420,5,LARGE
noarr,choose_hints,adi,4,0.803387,5,LARGE
noarr,choose_hints,adi,5,0.807621,5,LARGE
noarr,choose_hints,atax,1,0.008218,5,LARGE
noarr,choose_hints,atax,2,0.008269,5,LARGE
noarr,choose_hints,atax,3,0.008190,5,LARGE
noarr,choose_hints,atax,4,0.008196,5,LARGE
noarr,choose_hints,atax,5,0.008296,5,LARGE
noarr,choose_hints,bicg,1,0.006835,5,LARGE
noarr,choose_hints,bicg,2,0.006851,5,LARGE
noarr,choose_hints,bicg,3,0.006810,5,LARGE
noarr,choose_hints,bicg,4,0.006812,5,LARGE
noarr,choose_hints,bicg,5,0.006823,5,LARGE
noarr,choose_hints,correlation,1,1.710231,5,LARGE
noarr,choose_hints,correlation,2,1.709265,5,LARGE
noarr,choose_hints,correlation,3,1.709397,5,LARGE
noarr,choose_hints,correlation,4,1.698275,5,LARGE
noarr,choose_hints,correlation,5,1.710864,5,LARGE
noarr,choose_hints,covariance,1,0.442647,5,LARGE
noarr,choose_hints,covariance,2,0.441999,5,LARGE
noarr,choose_hints,covariance,3,0.440358,5,LARGE
noarr,choose_hints,covariance,4,0.452148,5,LARGE
noarr,choose_hints,covariance,5,0.451310,5,LARGE
noarr,choose_hints,deriche,1,0.067498,5,LARGE
noarr,choose_hints,deriche,2,0.067747,5,LARGE
noarr,choose_hints,deriche,3,0.067256,5,LARGE
noarr,choose_hints,deriche,4,0.067909,5,LARGE
noarr,choose_hints,deriche,5,0.066970,5,LARGE
noarr,choose_hints,doitgen,1,0.193804,5,LARGE
noarr,choose_hints,doitgen,2,0.193891,5,LARGE
noarr,choose_hints,doitgen,3,0.193824,5,LARGE
noarr,choose_hints,doitgen,4,0.193601,5,LARGE
noarr,choose_hints,doitgen,5,0.193412,5,LARGE
noarr,choose_hints,durbin,1,0.004440,5,LARGE
noarr,choose_hints,durbin,2,0.004429,5,LARGE
noarr,choose_hints,durbin,3,0.004315,5,LARGE
noarr,choose_hints,durbin,4,0.004434,5,LARGE
noarr,choose_hints,durbin,5,0.004443,5,LARGE
noarr,choose_hints,fdtd-2d,1,0.161946,5,LARGE
noarr,choose_hints,fdtd-2d,2,0.159763,5,LARGE
noarr,choose_hints,fdtd-2d,3,0.161473,5,LARGE
noarr,choose_hints,fdtd-2d,4,0.157447,5,LARGE
noarr,choose_hints,fdtd-2d,5,0.157027,5,LARGE
noarr,choose_hints,floyd-warshall,1,14.660502,5,LARGE
noarr,choose_hints,floyd-warshall,2,14.699059,5,LARGE
noarr,choose_hints,floyd-warshall,3,14.855708,5,LARGE
noarr,choose_hints,floyd-warshall,4,14.693557,5,LARGE
noarr,choose_hints,floyd-warshall,5,14.616819,5,LARGE
noarr,choose_hints,gemm,1,0.521469,5,LARGE
noarr,choose_hints,gemm,2,0.517692,5,LARGE
noarr,choose_hints,gemm,3,0.517631,5,LARGE
noarr,choose_hints,gemm,4,0.517405,5,LARGE
noarr,choose_hints,gemm,5,0.518583,5,LARGE
noarr,choose_hints,gemver,1,0.017755,5,LARGE
noarr,choose_hints,gemver,2,0.017662,5,LARGE
noarr,choose_hints,gemver,3,0.017721,5,LARGE
noarr,choose_hints,gemver,4,0.017620,5,LARGE
noarr,choose_hints,gemver,5,0.017513,5,LARGE
noarr,choose_hints,gesummv,1,0.002774,5,LARGE
noarr,choose_hints,gesummv,2,0.002734,5,LARGE
noarr,choose_hints,gesummv,3,0.002633,5,LARGE
noarr,choose_hints,gesummv,4,0.002722,5,LARGE
noarr,choose_hints,gesummv,5,0.002744,5,LARGE
noarr,choose_hints,heat-3d,1,2.020230,5,LARGE
noarr,choose_hints,heat-3d,2,2.027084,5,LARGE
noarr,choose_hints,heat-3d,3,2.026375,5,LARGE
noarr,choose_hints,heat-3d,4,2.021498,5,LARGE
noarr,choose_hints,heat-3d,5,2.023735,5,LARGE
noarr,choose_hints,jacobi-1d,1,0.011268,5,LARGE
noarr,choose_hints,jacobi-1d,2,0.010657,5,LARGE
noarr,choose_hints,jacobi-1d,3,0.010882,5,LARGE
noarr,choose_hints,jacobi-1d,4,0.010947,5,LARGE
noarr,choose_hints,jacobi-1d,5,0.010630,5,LARGE
noarr,choose_hints,jacobi-2d,1,0.184082,5,LARGE
noarr,choose_hints,jacobi-2d,2,0.178494,5,LARGE
noarr,choose_hints,jacobi-2d,3,0.182110,5,LARGE
noarr,choose_hints,jacobi-2d,4,0.184140,5,LARGE
noarr,choose_hints,jacobi-2d,5,0.186269,5,LARGE
noarr,choose_hints,lu,1,4.353940,5,LARGE
noarr,choose_hints,lu,2,4.389042,5,LARGE
noarr,choose_hints,lu,3,4.419652,5,LARGE
noarr,choose_hints,lu,4,4.386896,5,LARGE
noarr,choose_hints,lu,5,4.412626,5,LARGE
noarr,choose_hints,ludcmp,1,4.388773,5,LARGE
noarr,choose_hints,ludcmp,2,4.378333,5,LARGE
noarr,choose_hints,ludcmp,3,4.359956,5,LARGE
noarr,choose_hints,ludcmp,4,4.431076,5,LARGE
noarr,choose_hints,ludcmp,5,4.360685,5,LARGE
noarr,choose_hints,mvt,1,0.006902,5,LARGE
noarr,choose_hints,mvt,2,0.006865,5,LARGE
noarr,choose_hints,mvt,3,0.006883,5,LARGE
noarr,choose_hints,mvt,4,0.006806,5,LARGE
noarr,choose_hints,mvt,5,0.006870,5,LARGE
noarr,choose_hints,seidel-2d,1,20.024285,5,LARGE
noarr,choose_hints,seidel-2d,2,20.026394,5,LARGE
noarr,choose_hints,seidel-2d,3,20.024834,5,LARGE
noarr,choose_hints,seidel-2d,4,20.025288,5,LARGE
noarr,choose_hints,seidel-2d,5,20.026440,5,LARGE
noarr,choose_hints,symm,1,1.030807,5,LARGE
noarr,choose_hints,symm,2,1.032914,5,LARGE
noarr,choose_hints,symm,3,1.030127,5,LARGE
noarr,choose_hints,symm,4,1.032012,5,LARGE
noarr,choose_hints,symm,5,1.029757,5,LARGE
noarr,choose_hints,syr2k,1,1.291522,5,LARGE
noarr,choose_hints,syr2k,2,1.291392,5,LARGE
noarr,choose_hints,syr2k,3,1.293265,5,LARGE
noarr,choose_hints,syr2k,4,1.284751,5,LARGE
noarr,choose_hints,syr2k,5,1.285250,5,LARGE
noarr,choose_hints,trisolv,1,0.003114,5,LARGE
noarr,choose_hints,trisolv,2,0.003112,5,LARGE
noarr,choose_hints,trisolv,3,0.003123,5,LARGE
noarr,choose_hints,trisolv,4,0.003105,5,LARGE
noarr,choose_hints,trisolv,5,0.003112,5,LARGE
noarr,choose_hints,trmm,1,0.236765,5,LARGE
noarr,choose_hints,trmm,2,0.233635,5,LARGE
noarr,choose_hints,trmm,3,0.233741,5,LARGE
noarr,choose_hints,trmm,4,0.232351,5,LARGE
noarr,choose_hints,trmm,5,0.232866,5,LARGE
halide,choose_hints,adi,1,108.861089,1,LARGE
halide,choose_hints,adi,2,107.837892,1,LARGE
halide,choose_hints,adi,3,110.823537,1,LARGE
halide,choose_hints,adi,4,112.369938,1,LARGE
halide,choose_hints,adi,5,110.040503,1,LARGE
halide,choose_hints,doitgen,1,0.009808,1,LARGE
halide,choose_hints,doitgen,2,0.009522,1,LARGE
halide,choose_hints,doitgen,3,0.009784,1,LARGE
halide,choose_hints,doitgen,4,0.009402,1,LARGE
halide,choose_hints,doitgen,5,0.009361,1,LARGE
halide,choose_hints,fdtd-2d,1,6.734057,1,LARGE
halide,choose_hints,fdtd-2d,2,6.611182,1,LARGE
halide,choose_hints,fdtd-2d,3,6.886686,1,LARGE
halide,choose_hints,fdtd-2d,4,6.888542,1,LARGE
halide,choose_hints,fdtd-2d,5,6.597588,1,LARGE
halide,choose_hints,heat-3d,1,1.105560,1,LARGE
halide,choose_hints,heat-3d,2,1.139225,1,LARGE
halide,choose_hints,heat-3d,3,1.117318,1,LARGE
halide,choose_hints,heat-3d,4,1.177879,1,LARGE
halide,choose_hints,heat-3d,5,1.167828,1,LARGE
halide,choose_hints,jacobi-2d,1,0.778125,1,LARGE
halide,choose_hints,jacobi-2d,2,0.722686,1,LARGE
halide,choose_hints,jacobi-2d,3,0.765941,1,LARGE
halide,choose_hints,jacobi-2d,4,0.640575,1,LARGE
halide,choose_hints,jacobi-2d,5,0.667503,1,LARGE
halide,choose_hints,ludcmp,1,8.040566,1,LARGE
halide,choose_hints,ludcmp,2,7.849255,1,LARGE
halide,choose_hints,ludcmp,3,7.836806,1,LARGE
halide,choose_hints,ludcmp,4,7.959684,1,LARGE
halide,choose_hints,ludcmp,5,7.907904,1,LARGE
halide,choose_hints,nussinov,1,6.761736,1,LARGE
halide,choose_hints,nussinov,2,6.793020,1,LARGE
halide,choose_hints,nussinov,3,6.767515,1,LARGE
halide,choose_hints,nussinov,4,6.767350,1,LARGE
halide,choose_hints,nussinov,5,6.821195,1,LARGE
halide,choose_hints,seidel-2d,1,0.923516,1,LARGE
halide,choose_hints,seidel-2d,2,0.986774,1,LARGE
halide,choose_hints,seidel-2d,3,0.948131,1,LARGE
halide,choose_hints,seidel-2d,4,1.017039,1,LARGE
halide,choose_hints,seidel-2d,5,1.020669,1,LARGE
halide,choose_hints,syr2k,1,0.044565,1,LARGE
halide,choose_hints,syr2k,2,0.044634,1,LARGE
halide,choose_hints,syr2k,3,0.043853,1,LARGE
halide,choose_hints,syr2k,4,0.043473,1,LARGE
halide,choose_hints,syr2k,5,0.042321,1,LARGE
halide,choose_hints,syrk,1,0.026674,1,LARGE
halide,choose_hints,syrk,2,0.026065,1,LARGE
halide,choose_hints,syrk,3,0.026233,1,LARGE
halide,choose_hints,syrk,4,0.027447,1,LARGE
halide,choose_hints,syrk,5,0.027597,1,LARGE
halide,choose_hints,adi,1,13.701801,2,LARGE
halide,choose_hints,adi,2,13.781762,2,LARGE
halide,choose_hints,adi,3,13.713033,2,LARGE
halide,choose_hints,adi,4,13.686577,2,LARGE
halide,choose_hints,adi,5,13.709097,2,LARGE
halide,choose_hints,cholesky,1,1.901417,2,LARGE
halide,choose_hints,cholesky,2,1.903744,2,LARGE
halide,choose_hints,cholesky,3,1.895498,2,LARGE
halide,choose_hints,cholesky,4,1.903882,2,LARGE
halide,choose_hints,cholesky,5,1.903290,2,LARGE
halide,choose_hints,deriche,1,0.371588,2,LARGE
halide,choose_hints,deriche,2,0.371327,2,LARGE
halide,choose_hints,deriche,3,0.346508,2,LARGE
halide,choose_hints,deriche,4,0.348257,2,LARGE
halide,choose_hints,deriche,5,0.330001,2,LARGE
halide,choose_hints,doitgen,1,0.130623,2,LARGE
halide,choose_hints,doitgen,2,0.139803,2,LARGE
halide,choose_hints,doitgen,3,0.131729,2,LARGE
halide,choose_hints,doitgen,4,0.134203,2,LARGE
halide,choose_hints,doitgen,5,0.133217,2,LARGE
halide,choose_hints,floyd-warshall,1,10.532514,2,LARGE
halide,choose_hints,floyd-warshall,2,11.146147,2,LARGE
halide,choose_hints,floyd-warshall,3,10.422370,2,LARGE
halide,choose_hints,floyd-warshall,4,10.141415,2,LARGE
halide,choose_hints,floyd-warshall,5,10.260371,2,LARGE
halide,choose_hints,heat-3d,1,1.096970,2,LARGE
halide,choose_hints,heat-3d,2,1.140183,2,LARGE
halide,choose_hints,heat-3d,3,1.146303,2,LARGE
halide,choose_hints,heat-3d,4,0.972144,2,LARGE
halide,choose_hints,heat-3d,5,1.188478,2,LARGE
halide,choose_hints,jacobi-2d,1,0.459457,2,LARGE
halide,choose_hints,jacobi-2d,2,0.464379,2,LARGE
halide,choose_hints,jacobi-2d,3,0.409073,2,LARGE
halide,choose_hints,jacobi-2d,4,0.417477,2,LARGE
halide,choose_hints,jacobi-2d,5,0.402180,2,LARGE
halide,choose_hints,lu,1,6.413442,2,LARGE
halide,choose_hints,lu,2,6.502977,2,LARGE
halide,choose_hints,lu,3,6.433161,2,LARGE
halide,choose_hints,lu,4,6.462153,2,LARGE
halide,choose_hints,lu,5,6.464554,2,LARGE
halide,choose_hints,mvt,1,0.024344,2,LARGE
halide,choose_hints,mvt,2,0.022207,2,LARGE
halide,choose_hints,mvt,3,0.025583,2,LARGE
halide,choose_hints,mvt,4,0.025330,2,LARGE
halide,choose_hints,mvt,5,0.021968,2,LARGE
halide,choose_hints,adi,1,24.103277,3,LARGE
halide,choose_hints,adi,2,23.161086,3,LARGE
halide,choose_hints,adi,3,24.582390,3,LARGE
halide,choose_hints,adi,4,23.521373,3,LARGE
halide,choose_hints,adi,5,23.574875,3,LARGE
halide,choose_hints,deriche,1,1.384484,3,LARGE
halide,choose_hints,deriche,2,1.417675,3,LARGE
halide,choose_hints,deriche,3,1.385154,3,LARGE
halide,choose_hints,deriche,4,1.389687,3,LARGE
halide,choose_hints,deriche,5,1.421335,3,LARGE
halide,choose_hints,floyd-warshall,1,25.160066,3,LARGE
halide,choose_hints,floyd-warshall,2,25.310527,3,LARGE
halide,choose_hints,floyd-warshall,3,24.276286,3,LARGE
halide,choose_hints,floyd-warshall,4,27.079995,3,LARGE
halide,choose_hints,floyd-warshall,5,26.056033,3,LARGE
halide,choose_hints,heat-3d,1,0.858462,3,LARGE
halide,choose_hints,heat-3d,2,0.766174,3,LARGE
halide,choose_hints,heat-3d,3,0.718995,3,LARGE
halide,choose_hints,heat-3d,4,0.890201,3,LARGE
halide,choose_hints,heat-3d,5,0.763369,3,LARGE
halide,choose_hints,jacobi-1d,1,0.917611,3,LARGE
halide,choose_hints,jacobi-1d,2,0.938832,3,LARGE
halide,choose_hints,jacobi-1d,3,1.006967,3,LARGE
halide,choose_hints,jacobi-1d,4,0.994992,3,LARGE
halide,choose_hints,jacobi-1d,5,0.991214,3,LARGE
halide,choose_hints,jacobi-2d,1,0.555407,3,LARGE
halide,choose_hints,jacobi-2d,2,0.681440,3,LARGE
halide,choose_hints,jacobi-2d,3,0.624321,3,LARGE
halide,choose_hints,jacobi-2d,4,0.619161,3,LARGE
halide,choose_hints,jacobi-2d,5,0.642906,3,LARGE
halide,choose_hints,nussinov,1,6.744199,3,LARGE
halide,choose_hints,nussinov,2,6.847086,3,LARGE
halide,choose_hints,nussinov,3,6.831075,3,LARGE
halide,choose_hints,nussinov,4,6.859625,3,LARGE
halide,choose_hints,nussinov,5,6.765563,3,LARGE
halide,choose_hints,symm,1,0.031610,3,LARGE
halide,choose_hints,symm,2,0.034683,3,LARGE
halide,choose_hints,symm,3,0.034126,3,LARGE
halide,choose_hints,symm,4,0.036968,3,LARGE
halide,choose_hints,symm,5,0.035714,3,LARGE
halide,choose_hints,syrk,1,0.026081,3,LARGE
halide,choose_hints,syrk,2,0.024684,3,LARGE
halide,choose_hints,syrk,3,0.024088,3,LARGE
halide,choose_hints,syrk,4,0.024071,3,LARGE
halide,choose_hints,syrk,5,0.024344,3,LARGE
halide,choose_hints,adi,1,11.321660,4,LARGE
halide,choose_hints,adi,2,11.379200,4,LARGE
halide,choose_hints,adi,3,11.411778,4,LARGE
halide,choose_hints,adi,4,11.331601,4,LARGE
halide,choose_hints,adi,5,11.228357,4,LARGE
halide,choose_hints,deriche,1,0.343105,4,LARGE
halide,choose_hints,deriche,2,0.342697,4,LARGE
halide,choose_hints,deriche,3,0.343488,4,LARGE
halide,choose_hints,deriche,4,0.344505,4,LARGE
halide,choose_hints,deriche,5,0.340576,4,LARGE
halide,choose_hints,doitgen,1,0.009709,4,LARGE
halide,choose_hints,doitgen,2,0.009363,4,LARGE
halide,choose_hints,doitgen,3,0.009510,4,LARGE
halide,choose_hints,doitgen,4,0.009991,4,LARGE
halide,choose_hints,doitgen,5,0.009757,4,LARGE
halide,choose_hints,floyd-warshall,1,10.323823,4,LARGE
halide,choose_hints,floyd-warshall,2,11.027172,4,LARGE
halide,choose_hints,floyd-warshall,3,12.037495,4,LARGE
halide,choose_hints,floyd-warshall,4,11.661212,4,LARGE
halide,choose_hints,floyd-warshall,5,11.322588,4,LARGE
halide,choose_hints,heat-3d,1,1.144253,4,LARGE
halide,choose_hints,heat-3d,2,1.164131,4,LARGE
halide,choose_hints,heat-3d,3,1.017550,4,LARGE
halide,choose_hints,heat-3d,4,1.141891,4,LARGE
halide,choose_hints,heat-3d,5,1.135103,4,LARGE
halide,choose_hints,jacobi-1d,1,0.002303,4,LARGE
halide,choose_hints,jacobi-1d,2,0.002143,4,LARGE
halide,choose_hints,jacobi-1d,3,0.002112,4,LARGE
halide,choose_hints,jacobi-1d,4,0.002138,4,LARGE
halide,choose_hints,jacobi-1d,5,0.003419,4,LARGE
halide,choose_hints,jacobi-2d,1,0.415690,4,LARGE
halide,choose_hints,jacobi-2d,2,0.414591,4,LARGE
halide,choose_hints,jacobi-2d,3,0.507561,4,LARGE
halide,choose_hints,jacobi-2d,4,0.433817,4,LARGE
halide,choose_hints,jacobi-2d,5,0.403537,4,LARGE
halide,choose_hints,lu,1,6.648713,4,LARGE
halide,choose_hints,lu,2,6.704703,4,LARGE
halide,choose_hints,lu,3,6.642090,4,LARGE
halide,choose_hints,lu,4,6.707849,4,LARGE
halide,choose_hints,lu,5,6.705863,4,LARGE
halide,choose_hints,symm,1,0.027313,4,LARGE
halide,choose_hints,symm,2,0.026158,4,LARGE
halide,choose_hints,symm,3,0.027683,4,LARGE
halide,choose_hints,symm,4,0.027987,4,LARGE
halide,choose_hints,symm,5,0.027335,4,LARGE
halide,choose_hints,syrk,1,0.016042,4,LARGE
halide,choose_hints,syrk,2,0.015804,4,LARGE
halide,choose_hints,syrk,3,0.016047,4,LARGE
halide,choose_hints,syrk,4,0.015699,4,LARGE
halide,choose_hints,syrk,5,0.015832,4,LARGE
halide,choose_hints,trisolv,1,0.005473,4,LARGE
halide,choose_hints,trisolv,2,0.005586,4,LARGE
halide,choose_hints,trisolv,3,0.005344,4,LARGE
halide,choose_hints,trisolv,4,0.005411,4,LARGE
halide,choose_hints,trisolv,5,0.005400,4,LARGE
halide,choose_hints,covariance,1,0.108723,5,LARGE
halide,choose_hints,covariance,2,0.103945,5,LARGE
halide,choose_hints,covariance,3,0.104671,5,LARGE
halide,choose_hints,covariance,4,0.108940,5,LARGE
halide,choose_hints,covariance,5,0.106044,5,LARGE
halide,choose_hints,deriche,1,0.343973,5,LARGE
halide,choose_hints,deriche,2,0.326853,5,LARGE
halide,choose_hints,deriche,3,0.343506,5,LARGE
halide,choose_hints,deriche,4,0.341892,5,LARGE
halide,choose_hints,deriche,5,0.342866,5,LARGE
halide,choose_hints,doitgen,1,0.009627,5,LARGE
halide,choose_hints,doitgen,2,0.009508,5,LARGE
halide,choose_hints,doitgen,3,0.009615,5,LARGE
halide,choose_hints,doitgen,4,0.009558,5,LARGE
halide,choose_hints,doitgen,5,0.009614,5,LARGE
halide,choose_hints,fdtd-2d,1,10.117778,5,LARGE
halide,choose_hints,fdtd-2d,2,10.137652,5,LARGE
halide,choose_hints,fdtd-2d,3,10.362710,5,LARGE
halide,choose_hints,fdtd-2d,4,9.924969,5,LARGE
halide,choose_hints,fdtd-2d,5,9.948252,5,LARGE
halide,choose_hints,floyd-warshall,1,25.316970,5,LARGE
halide,choose_hints,floyd-warshall,2,24.336889,5,LARGE
halide,choose_hints,floyd-warshall,3,27.279151,5,LARGE
halide,choose_hints,floyd-warshall,4,28.044699,5,LARGE
halide,choose_hints,floyd-warshall,5,24.224556,5,LARGE
halide,choose_hints,heat-3d,1,54.366873,5,LARGE
halide,choose_hints,heat-3d,2,54.424212,5,LARGE
halide,choose_hints,heat-3d,3,54.353306,5,LARGE
halide,choose_hints,heat-3d,4,57.215974,5,LARGE
halide,choose_hints,heat-3d,5,54.726837,5,LARGE
halide,choose_hints,lu,1,7.854705,5,LARGE
halide,choose_hints,lu,2,7.950320,5,LARGE
halide,choose_hints,lu,3,8.016740,5,LARGE
halide,choose_hints,lu,4,7.914143,5,LARGE
halide,choose_hints,lu,5,8.006270,5,LARGE
exo,choose_hints,2mm,1,0.064763,1,LARGE
exo,choose_hints,2mm,2,0.066784,1,LARGE
exo,choose_hints,2mm,3,0.067206,1,LARGE
exo,choose_hints,2mm,4,0.067213,1,LARGE
exo,choose_hints,2mm,5,0.066935,1,LARGE
exo,choose_hints,3mm,1,0.036343,1,LARGE
exo,choose_hints,3mm,2,0.036629,1,LARGE
exo,choose_hints,3mm,3,0.036311,1,LARGE
exo,choose_hints,3mm,4,0.037414,1,LARGE
exo,choose_hints,3mm,5,0.036883,1,LARGE
exo,choose_hints,adi,1,0.604200,1,LARGE
exo,choose_hints,adi,2,0.596686,1,LARGE
exo,choose_hints,adi,3,0.575414,1,LARGE
exo,choose_hints,adi,4,0.608829,1,LARGE
exo,choose_hints,adi,5,0.620008,1,LARGE
exo,choose_hints,atax,1,0.002389,1,LARGE
exo,choose_hints,atax,2,0.002374,1,LARGE
exo,choose_hints,atax,3,0.002447,1,LARGE
exo,choose_hints,atax,4,0.002379,1,LARGE
exo,choose_hints,atax,5,0.002347,1,LARGE
exo,choose_hints,bicg,1,0.006509,1,LARGE
exo,choose_hints,bicg,2,0.006545,1,LARGE
exo,choose_hints,bicg,3,0.006532,1,LARGE
exo,choose_hints,bicg,4,0.006482,1,LARGE
exo,choose_hints,bicg,5,0.006649,1,LARGE
exo,choose_hints,correlation,1,0.076823,1,LARGE
exo,choose_hints,correlation,2,0.076520,1,LARGE
exo,choose_hints,correlation,3,0.075481,1,LARGE
exo,choose_hints,correlation,4,0.076176,1,LARGE
exo,choose_hints,correlation,5,0.076048,1,LARGE
exo,choose_hints,covariance,1,0.073804,1,LARGE
exo,choose_hints,covariance,2,0.072739,1,LARGE
exo,choose_hints,covariance,3,0.073112,1,LARGE
exo,choose_hints,covariance,4,0.076888,1,LARGE
exo,choose_hints,covariance,5,0.073463,1,LARGE
exo,choose_hints,doitgen,1,0.005081,1,LARGE
exo,choose_hints,doitgen,2,0.005823,1,LARGE
exo,choose_hints,doitgen,3,0.005216,1,LARGE
exo,choose_hints,doitgen,4,0.005288,1,LARGE
exo,choose_hints,doitgen,5,0.005017,1,LARGE
exo,choose_hints,durbin,1,0.004262,1,LARGE
exo,choose_hints,durbin,2,0.004260,1,LARGE
exo,choose_hints,durbin,3,0.004267,1,LARGE
exo,choose_hints,durbin,4,0.004261,1,LARGE
exo,choose_hints,durbin,5,0.004266,1,LARGE
exo,choose_hints,floyd-warshall,1,0.949356,1,LARGE
exo,choose_hints,floyd-warshall,2,0.959340,1,LARGE
exo,choose_hints,floyd-warshall,3,0.833261,1,LARGE
exo,choose_hints,floyd-warshall,4,1.140469,1,LARGE
exo,choose_hints,floyd-warshall,5,1.191707,1,LARGE
exo,choose_hints,gemm,1,0.057937,1,LARGE
exo,choose_hints,gemm,2,0.058554,1,LARGE
exo,choose_hints,gemm,3,0.057671,1,LARGE
exo,choose_hints,gemm,4,0.057939,1,LARGE
exo,choose_hints,gemm,5,0.057431,1,LARGE
exo,choose_hints,gemver,1,0.004737,1,LARGE
exo,choose_hints,gemver,2,0.004693,1,LARGE
exo,choose_hints,gemver,3,0.004587,1,LARGE
exo,choose_hints,gemver,4,0.004541,1,LARGE
exo,choose_hints,gemver,5,0.004852,1,LARGE
exo,choose_hints,gesummv,1,0.000931,1,LARGE
exo,choose_hints,gesummv,2,0.000895,1,LARGE
exo,choose_hints,gesummv,3,0.000954,1,LARGE
exo,choose_hints,gesummv,4,0.000919,1,LARGE
exo,choose_hints,gesummv,5,0.000971,1,LARGE
exo,choose_hints,jacobi-1d,1,0.026868,1,LARGE
exo,choose_hints,jacobi-1d,2,0.026449,1,LARGE
exo,choose_hints,jacobi-1d,3,0.026652,1,LARGE
exo,choose_hints,jacobi-1d,4,0.026506,1,LARGE
exo,choose_hints,jacobi-1d,5,0.026902,1,LARGE
exo,choose_hints,jacobi-2d,1,0.182956,1,LARGE
exo,choose_hints,jacobi-2d,2,0.187017,1,LARGE
exo,choose_hints,jacobi-2d,3,0.190009,1,LARGE
exo,choose_hints,jacobi-2d,4,0.189363,1,LARGE
exo,choose_hints,jacobi-2d,5,0.185375,1,LARGE
exo,choose_hints,lu,1,2.912771,1,LARGE
exo,choose_hints,lu,2,2.935155,1,LARGE
exo,choose_hints,lu,3,2.928528,1,LARGE
exo,choose_hints,lu,4,2.927263,1,LARGE
exo,choose_hints,lu,5,2.950589,1,LARGE
exo,choose_hints,ludcmp,1,4.423827,1,LARGE
exo,choose_hints,ludcmp,2,4.420725,1,LARGE
exo,choose_hints,ludcmp,3,4.432556,1,LARGE
exo,choose_hints,ludcmp,4,4.392437,1,LARGE
exo,choose_hints,ludcmp,5,4.424674,1,LARGE
exo,choose_hints,mvt,1,0.006106,1,LARGE
exo,choose_hints,mvt,2,0.006108,1,LARGE
exo,choose_hints,mvt,3,0.006124,1,LARGE
exo,choose_hints,mvt,4,0.006199,1,LARGE
exo,choose_hints,mvt,5,0.006187,1,LARGE
exo,choose_hints,nussinov,1,7.647671,1,LARGE
exo,choose_hints,nussinov,2,7.600828,1,LARGE
exo,choose_hints,nussinov,3,7.627326,1,LARGE
exo,choose_hints,nussinov,4,7.597282,1,LARGE
exo,choose_hints,nussinov,5,7.638498,1,LARGE
exo,choose_hints,seidel-2d,1,30.741683,1,LARGE
exo,choose_hints,seidel-2d,2,30.748874,1,LARGE
exo,choose_hints,seidel-2d,3,30.748951,1,LARGE
exo,choose_hints,seidel-2d,4,30.741516,1,LARGE
exo,choose_hints,seidel-2d,5,30.745836,1,LARGE
exo,choose_hints,syrk,1,0.076410,1,LARGE
exo,choose_hints,syrk,2,0.076033,1,LARGE
exo,choose_hints,syrk,3,0.076235,1,LARGE
exo,choose_hints,syrk,4,0.075038,1,LARGE
exo,choose_hints,syrk,5,0.076538,1,LARGE
exo,choose_hints,trisolv,1,0.003114,1,LARGE
exo,choose_hints,trisolv,2,0.003162,1,LARGE
exo,choose_hints,trisolv,3,0.003091,1,LARGE
exo,choose_hints,trisolv,4,0.003136,1,LARGE
exo,choose_hints,trisolv,5,0.003126,1,LARGE
exo,choose_hints,2mm,1,0.054597,2,LARGE
exo,choose_hints,2mm,2,0.054701,2,LARGE
exo,choose_hints,2mm,3,0.055396,2,LARGE
exo,choose_hints,2mm,4,0.054670,2,LARGE
exo,choose_hints,2mm,5,0.054629,2,LARGE
exo,choose_hints,3mm,1,0.034354,2,LARGE
exo,choose_hints,3mm,2,0.035206,2,LARGE
exo,choose_hints,3mm,3,0.033737,2,LARGE
exo,choose_hints,3mm,4,0.034601,2,LARGE
exo,choose_hints,3mm,5,0.034637,2,LARGE
exo,choose_hints,adi,1,0.590679,2,LARGE
exo,choose_hints,adi,2,0.593064,2,LARGE
exo,choose_hints,adi,3,0.618336,2,LARGE
exo,choose_hints,adi,4,0.601857,2,LARGE
exo,choose_hints,adi,5,0.606123,2,LARGE
exo,choose_hints,atax,1,0.004950,2,LARGE
exo,choose_hints,atax,2,0.004914,2,LARGE
exo,choose_hints,atax,3,0.004936,2,LARGE
exo,choose_hints,atax,4,0.004956,2,LARGE
exo,choose_hints,atax,5,0.004962,2,LARGE
exo,choose_hints,bicg,1,0.007066,2,LARGE
exo,choose_hints,bicg,2,0.007138,2,LARGE
exo,choose_hints,bicg,3,0.007080,2,LARGE
exo,choose_hints,bicg,4,0.007052,2,LARGE
exo,choose_hints,bicg,5,0.006972,2,LARGE
exo,choose_hints,cholesky,1,1.896104,2,LARGE
exo,choose_hints,cholesky,2,1.893740,2,LARGE
exo,choose_hints,cholesky,3,1.891401,2,LARGE
exo,choose_hints,cholesky,4,1.894876,2,LARGE
exo,choose_hints,cholesky,5,1.892746,2,LARGE
exo,choose_hints,correlation,1,0.074309,2,LARGE
exo,choose_hints,correlation,2,0.073433,2,LARGE
exo,choose_hints,correlation,3,0.073895,2,LARGE
exo,choose_hints,correlation,4,0.074475,2,LARGE
exo,choose_hints,correlation,5,0.074137,2,LARGE
exo,choose_hints,covariance,1,0.453067,2,LARGE
exo,choose_hints,covariance,2,0.455564,2,LARGE
exo,choose_hints,covariance,3,0.452946,2,LARGE
exo,choose_hints,covariance,4,0.448137,2,LARGE
exo,choose_hints,covariance,5,0.451133,2,LARGE
exo,choose_hints,deriche,1,0.054170,2,LARGE
exo,choose_hints,deriche,2,0.056098,2,LARGE
exo,choose_hints,deriche,3,0.056368,2,LARGE
exo,choose_hints,deriche,4,0.055718,2,LARGE
exo,choose_hints,deriche,5,0.054766,2,LARGE
exo,choose_hints,doitgen,1,0.005055,2,LARGE
exo,choose_hints,doitgen,2,0.005823,2,LARGE
exo,choose_hints,doitgen,3,0.012126,2,LARGE
exo,choose_hints,doitgen,4,0.005372,2,LARGE
exo,choose_hints,doitgen,5,0.005451,2,LARGE
exo,choose_hints,durbin,1,0.006401,2,LARGE
exo,choose_hints,durbin,2,0.006412,2,LARGE
exo,choose_hints,durbin,3,0.006457,2,LARGE
exo,choose_hints,durbin,4,0.006480,2,LARGE
exo,choose_hints,durbin,5,0.006359,2,LARGE
exo,choose_hints,gemm,1,0.052471,2,LARGE
exo,choose_hints,gemm,2,0.054078,2,LARGE
exo,choose_hints,gemm,3,0.052521,2,LARGE
exo,choose_hints,gemm,4,0.052440,2,LARGE
exo,choose_hints,gemm,5,0.052478,2,LARGE
exo,choose_hints,gemver,1,0.003660,2,LARGE
exo,choose_hints,gemver,2,0.003523,2,LARGE
exo,choose_hints,gemver,3,0.003528,2,LARGE
exo,choose_hints,gemver,4,0.003517,2,LARGE
exo,choose_hints,gemver,5,0.003445,2,LARGE
exo,choose_hints,jacobi-2d,1,0.178718,2,LARGE
exo,choose_hints,jacobi-2d,2,0.185092,2,LARGE
exo,choose_hints,jacobi-2d,3,0.183958,2,LARGE
exo,choose_hints,jacobi-2d,4,0.185418,2,LARGE
exo,choose_hints,jacobi-2d,5,0.185256,2,LARGE
exo,choose_hints,lu,1,2.491750,2,LARGE
exo,choose_hints,lu,2,2.441765,2,LARGE
exo,choose_hints,lu,3,2.417040,2,LARGE
exo,choose_hints,lu,4,2.435744,2,LARGE
exo,choose_hints,lu,5,2.527833,2,LARGE
exo,choose_hints,mvt,1,0.006102,2,LARGE
exo,choose_hints,mvt,2,0.005977,2,LARGE
exo,choose_hints,mvt,3,0.006033,2,LARGE
exo,choose_hints,mvt,4,0.006056,2,LARGE
exo,choose_hints,mvt,5,0.006032,2,LARGE
exo,choose_hints,nussinov,1,0.175671,2,LARGE
exo,choose_hints,nussinov,2,0.175774,2,LARGE
exo,choose_hints,nussinov,3,0.176454,2,LARGE
exo,choose_hints,nussinov,4,0.175682,2,LARGE
exo,choose_hints,nussinov,5,0.176286,2,LARGE
exo,choose_hints,symm,1,1.039328,2,LARGE
exo,choose_hints,symm,2,0.999023,2,LARGE
exo,choose_hints,symm,3,1.033227,2,LARGE
exo,choose_hints,symm,4,1.029531,2,LARGE
exo,choose_hints,symm,5,1.024663,2,LARGE
exo,choose_hints,syr2k,1,0.036171,2,LARGE
exo,choose_hints,syr2k,2,0.035261,2,LARGE
exo,choose_hints,syr2k,3,0.035148,2,LARGE
exo,choose_hints,syr2k,4,0.035847,2,LARGE
exo,choose_hints,syr2k,5,0.035364,2,LARGE
exo,choose_hints,syrk,1,0.080941,2,LARGE
exo,choose_hints,syrk,2,0.081260,2,LARGE
exo,choose_hints,syrk,3,0.080322,2,LARGE
exo,choose_hints,syrk,4,0.081130,2,LARGE
exo,choose_hints,syrk,5,0.080880,2,LARGE
exo,choose_hints,trisolv,1,0.003115,2,LARGE
exo,choose_hints,trisolv,2,0.003100,2,LARGE
exo,choose_hints,trisolv,3,0.003119,2,LARGE
exo,choose_hints,trisolv,4,0.003149,2,LARGE
exo,choose_hints,trisolv,5,0.003112,2,LARGE
exo,choose_hints,trmm,1,0.455856,2,LARGE
exo,choose_hints,trmm,2,0.455972,2,LARGE
exo,choose_hints,trmm,3,0.456486,2,LARGE
exo,choose_hints,trmm,4,0.456307,2,LARGE
exo,choose_hints,trmm,5,0.456114,2,LARGE
exo,choose_hints,2mm,1,0.020231,3,LARGE
exo,choose_hints,2mm,2,0.020027,3,LARGE
exo,choose_hints,2mm,3,0.019344,3,LARGE
exo,choose_hints,2mm,4,0.020213,3,LARGE
exo,choose_hints,2mm,5,0.020527,3,LARGE
exo,choose_hints,3mm,1,0.035971,3,LARGE
exo,choose_hints,3mm,2,0.036050,3,LARGE
exo,choose_hints,3mm,3,0.036412,3,LARGE
exo,choose_hints,3mm,4,0.036326,3,LARGE
exo,choose_hints,3mm,5,0.035890,3,LARGE
exo,choose_hints,atax,1,0.019321,3,LARGE
exo,choose_hints,atax,2,0.019389,3,LARGE
exo,choose_hints,atax,3,0.019369,3,LARGE
exo,choose_hints,atax,4,0.019438,3,LARGE
exo,choose_hints,atax,5,0.019366,3,LARGE
exo,choose_hints,cholesky,1,1.898409,3,LARGE
exo,choose_hints,cholesky,2,1.900211,3,LARGE
exo,choose_hints,cholesky,3,1.900126,3,LARGE
exo,choose_hints,cholesky,4,1.897107,3,LARGE
exo,choose_hints,cholesky,5,1.897263,3,LARGE
exo,choose_hints,correlation,1,0.079531,3,LARGE
exo,choose_hints,correlation,2,0.078429,3,LARGE
exo,choose_hints,correlation,3,0.077834,3,LARGE
exo,choose_hints,correlation,4,0.078592,3,LARGE
exo,choose_hints,correlation,5,0.078583,3,LARGE
exo,choose_hints,covariance,1,0.072857,3,LARGE
exo,choose_hints,covariance,2,0.072999,3,LARGE
exo,choose_hints,covariance,3,0.073524,3,LARGE
exo,choose_hints,covariance,4,0.072987,3,LARGE
exo,choose_hints,covariance,5,0.072611,3,LARGE
exo,choose_hints,doitgen,1,0.005074,3,LARGE
exo,choose_hints,doitgen,2,0.005470,3,LARGE
exo,choose_hints,doitgen,3,0.004981,3,LARGE
exo,choose_hints,doitgen,4,0.005603,3,LARGE
exo,choose_hints,doitgen,5,0.005265,3,LARGE
exo,choose_hints,durbin,1,0.005838,3,LARGE
exo,choose_hints,durbin,2,0.005809,3,LARGE
exo,choose_hints,durbin,3,0.005905,3,LARGE
exo,choose_hints,durbin,4,0.005887,3,LARGE
exo,choose_hints,durbin,5,0.005835,3,LARGE
exo,choose_hints,gesummv,1,0.000930,3,LARGE
exo,choose_hints,gesummv,2,0.000960,3,LARGE
exo,choose_hints,gesummv,3,0.000945,3,LARGE
exo,choose_hints,gesummv,4,0.000972,3,LARGE
exo,choose_hints,gesummv,5,0.000953,3,LARGE
exo,choose_hints,heat-3d,1,1.591197,3,LARGE
exo,choose_hints,heat-3d,2,1.406949,3,LARGE
exo,choose_hints,heat-3d,3,1.543616,3,LARGE
exo,choose_hints,heat-3d,4,1.527411,3,LARGE
exo,choose_hints,heat-3d,5,1.462828,3,LARGE
exo,choose_hints,jacobi-1d,1,0.029866,3,LARGE
exo,choose_hints,jacobi-1d,2,0.029884,3,LARGE
exo,choose_hints,jacobi-1d,3,0.028891,3,LARGE
exo,choose_hints,jacobi-1d,4,0.029491,3,LARGE
exo,choose_hints,jacobi-1d,5,0.028896,3,LARGE
exo,choose_hints,lu,1,4.395723,3,LARGE
exo,choose_hints,lu,2,4.396029,3,LARGE
exo,choose_hints,lu,3,4.435693,3,LARGE
exo,choose_hints,lu,4,4.412915,3,LARGE
exo,choose_hints,lu,5,4.445476,3,LARGE
exo,choose_hints,ludcmp,1,2.474249,3,LARGE
exo,choose_hints,ludcmp,2,2.522859,3,LARGE
exo,choose_hints,ludcmp,3,2.458700,3,LARGE
exo,choose_hints,ludcmp,4,2.479444,3,LARGE
exo,choose_hints,ludcmp,5,2.469239,3,LARGE
exo,choose_hints,mvt,1,0.002224,3,LARGE
exo,choose_hints,mvt,2,0.002238,3,LARGE
exo,choose_hints,mvt,3,0.002199,3,LARGE
exo,choose_hints,mvt,4,0.002233,3,LARGE
exo,choose_hints,mvt,5,0.002242,3,LARGE
exo,choose_hints,nussinov,1,0.351510,3,LARGE
exo,choose_hints,nussinov,2,0.350300,3,LARGE
exo,choose_hints,nussinov,3,0.350239,3,LARGE
exo,choose_hints,nussinov,4,0.349082,3,LARGE
exo,choose_hints,nussinov,5,0.355088,3,LARGE
exo,choose_hints,symm,1,0.113263,3,LARGE
exo,choose_hints,symm,2,0.119828,3,LARGE
exo,choose_hints,symm,3,0.117075,3,LARGE
exo,choose_hints,symm,4,0.109626,3,LARGE
exo,choose_hints,symm,5,0.115012,3,LARGE
exo,choose_hints,syr2k,1,0.057079,3,LARGE
exo,choose_hints,syr2k,2,0.060150,3,LARGE
exo,choose_hints,syr2k,3,0.060262,3,LARGE
exo,choose_hints,syr2k,4,0.058968,3,LARGE
exo,choose_hints,syr2k,5,0.059751,3,LARGE
exo,choose_hints,trisolv,1,0.003109,3,LARGE
exo,choose_hints,trisolv,2,0.003149,3,LARGE
exo,choose_hints,trisolv,3,0.003143,3,LARGE
exo,choose_hints,trisolv,4,0.003095,3,LARGE
exo,choose_hints,trisolv,5,0.003078,3,LARGE
exo,choose_hints,2mm,1,0.068591,4,LARGE
exo,choose_hints,2mm,2,0.067618,4,LARGE
exo,choose_hints,2mm,3,0.068872,4,LARGE
exo,choose_hints,2mm,4,0.067558,4,LARGE
exo,choose_hints,2mm,5,0.068805,4,LARGE
exo,choose_hints,3mm,1,0.034592,4,LARGE
exo,choose_hints,3mm,2,0.034428,4,LARGE
exo,choose_hints,3mm,3,0.034211,4,LARGE
exo,choose_hints,3mm,4,0.034965,4,LARGE
exo,choose_hints,3mm,5,0.034176,4,LARGE
exo,choose_hints,adi,1,0.606424,4,LARGE
exo,choose_hints,adi,2,0.592024,4,LARGE
exo,choose_hints,adi,3,0.591342,4,LARGE
exo,choose_hints,adi,4,0.574113,4,LARGE
exo,choose_hints,adi,5,0.587995,4,LARGE
exo,choose_hints,atax,1,0.002133,4,LARGE
exo,choose_hints,atax,2,0.002117,4,LARGE
exo,choose_hints,atax,3,0.002129,4,LARGE
exo,choose_hints,atax,4,0.002108,4,LARGE
exo,choose_hints,atax,5,0.002150,4,LARGE
exo,choose_hints,bicg,1,0.014656,4,LARGE
exo,choose_hints,bicg,2,0.014669,4,LARGE
exo,choose_hints,bicg,3,0.014643,4,LARGE
exo,choose_hints,bicg,4,0.014680,4,LARGE
exo,choose_hints,bicg,5,0.014700,4,LARGE
exo,choose_hints,cholesky,1,1.905903,4,LARGE
exo,choose_hints,cholesky,2,1.906605,4,LARGE
exo,choose_hints,cholesky,3,1.905981,4,LARGE
exo,choose_hints,cholesky,4,1.903235,4,LARGE
exo,choose_hints,cholesky,5,1.907977,4,LARGE
exo,choose_hints,correlation,1,0.078967,4,LARGE
exo,choose_hints,correlation,2,0.076047,4,LARGE
exo,choose_hints,correlation,3,0.079464,4,LARGE
exo,choose_hints,correlation,4,0.075932,4,LARGE
exo,choose_hints,correlation,5,0.078649,4,LARGE
exo,choose_hints,doitgen,1,0.134651,4,LARGE
exo,choose_hints,doitgen,2,0.134233,4,LARGE
exo,choose_hints,doitgen,3,0.134347,4,LARGE
exo,choose_hints,doitgen,4,0.134172,4,LARGE
exo,choose_hints,doitgen,5,0.134259,4,LARGE
exo,choose_hints,durbin,1,1.591079,4,LARGE
exo,choose_hints,durbin,2,1.595563,4,LARGE
exo,choose_hints,durbin,3,1.592307,4,LARGE
exo,choose_hints,durbin,4,1.634639,4,LARGE
exo,choose_hints,durbin,5,1.582744,4,LARGE
exo,choose_hints,fdtd-2d,1,0.149248,4,LARGE
exo,choose_hints,fdtd-2d,2,0.148907,4,LARGE
exo,choose_hints,fdtd-2d,3,0.152944,4,LARGE
exo,choose_hints,fdtd-2d,4,0.153697,4,LARGE
exo,choose_hints,fdtd-2d,5,0.148975,4,LARGE
exo,choose_hints,floyd-warshall,1,0.579349,4,LARGE
exo,choose_hints,floyd-warshall,2,0.875917,4,LARGE
exo,choose_hints,floyd-warshall,3,0.593642,4,LARGE
exo,choose_hints,floyd-warshall,4,0.732551,4,LARGE
exo,choose_hints,floyd-warshall,5,0.662061,4,LARGE
exo,choose_hints,gemm,1,0.013717,4,LARGE
exo,choose_hints,gemm,2,0.014031,4,LARGE
exo,choose_hints,gemm,3,0.014020,4,LARGE
exo,choose_hints,gemm,4,0.014003,4,LARGE
exo,choose_hints,gemm,5,0.013950,4,LARGE
exo,choose_hints,gesummv,1,0.000937,4,LARGE
exo,choose_hints,gesummv,2,0.000925,4,LARGE
exo,choose_hints,gesummv,3,0.000959,4,LARGE
exo,choose_hints,gesummv,4,0.000922,4,LARGE
exo,choose_hints,gesummv,5,0.000932,4,LARGE
exo,choose_hints,heat-3d,1,1.409496,4,LARGE
exo,choose_hints,heat-3d,2,1.670348,4,LARGE
exo,choose_hints,heat-3d,3,1.596471,4,LARGE
exo,choose_hints,heat-3d,4,1.444357,4,LARGE
exo,choose_hints,heat-3d,5,1.397480,4,LARGE
exo,choose_hints,jacobi-1d,1,0.026569,4,LARGE
exo,choose_hints,jacobi-1d,2,0.026061,4,LARGE
exo,choose_hints,jacobi-1d,3,0.026543,4,LARGE
exo,choose_hints,jacobi-1d,4,0.026565,4,LARGE
exo,choose_hints,jacobi-1d,5,0.026572,4,LARGE
exo,choose_hints,jacobi-2d,1,0.144646,4,LARGE
exo,choose_hints,jacobi-2d,2,0.144656,4,LARGE
exo,choose_hints,jacobi-2d,3,0.141520,4,LARGE
exo,choose_hints,jacobi-2d,4,0.145752,4,LARGE
exo,choose_hints,jacobi-2d,5,0.143743,4,LARGE
exo,choose_hints,ludcmp,1,2.961954,4,LARGE
exo,choose_hints,ludcmp,2,2.956232,4,LARGE
exo,choose_hints,ludcmp,3,2.966620,4,LARGE
exo,choose_hints,ludcmp,4,2.963326,4,LARGE
exo,choose_hints,ludcmp,5,2.954340,4,LARGE
exo,choose_hints,mvt,1,0.006173,4,LARGE
exo,choose_hints,mvt,2,0.006142,4,LARGE
exo,choose_hints,mvt,3,0.006131,4,LARGE
exo,choose_hints,mvt,4,0.006110,4,LARGE
exo,choose_hints,mvt,5,0.006184,4,LARGE
exo,choose_hints,nussinov,1,0.176871,4,LARGE
exo,choose_hints,nussinov,2,0.175612,4,LARGE
exo,choose_hints,nussinov,3,0.177003,4,LARGE
exo,choose_hints,nussinov,4,0.176032,4,LARGE
exo,choose_hints,nussinov,5,0.176035,4,LARGE
exo,choose_hints,symm,1,0.270477,4,LARGE
exo,choose_hints,symm,2,0.263530,4,LARGE
exo,choose_hints,symm,3,0.264817,4,LARGE
exo,choose_hints,symm,4,0.283923,4,LARGE
exo,choose_hints,symm,5,0.266917,4,LARGE
exo,choose_hints,syr2k,1,0.059195,4,LARGE
exo,choose_hints,syr2k,2,0.056491,4,LARGE
exo,choose_hints,syr2k,3,0.059872,4,LARGE
exo,choose_hints,syr2k,4,0.060426,4,LARGE
exo,choose_hints,syr2k,5,0.057375,4,LARGE
exo,choose_hints,syrk,1,0.030195,4,LARGE
exo,choose_hints,syrk,2,0.030933,4,LARGE
exo,choose_hints,syrk,3,0.030849,4,LARGE
exo,choose_hints,syrk,4,0.030310,4,LARGE
exo,choose_hints,syrk,5,0.030694,4,LARGE
exo,choose_hints,trmm,1,0.207612,4,LARGE
exo,choose_hints,trmm,2,0.208815,4,LARGE
exo,choose_hints,trmm,3,0.207612,4,LARGE
exo,choose_hints,trmm,4,0.208113,4,LARGE
exo,choose_hints,trmm,5,0.207467,4,LARGE
exo,choose_hints,2mm,1,0.020645,5,LARGE
exo,choose_hints,2mm,2,0.020847,5,LARGE
exo,choose_hints,2mm,3,0.021148,5,LARGE
exo,choose_hints,2mm,4,0.020767,5,LARGE
exo,choose_hints,2mm,5,0.020512,5,LARGE
exo,choose_hints,adi,1,0.615997,5,LARGE
exo,choose_hints,adi,2,0.592926,5,LARGE
exo,choose_hints,adi,3,0.611439,5,LARGE
exo,choose_hints,adi,4,0.595149,5,LARGE
exo,choose_hints,adi,5,0.591687,5,LARGE
exo,choose_hints,atax,1,0.008549,5,LARGE
exo,choose_hints,atax,2,0.008519,5,LARGE
exo,choose_hints,atax,3,0.008534,5,LARGE
exo,choose_hints,atax,4,0.008527,5,LARGE
exo,choose_hints,atax,5,0.008490,5,LARGE
exo,choose_hints,bicg,1,0.014541,5,LARGE
exo,choose_hints,bicg,2,0.014489,5,LARGE
exo,choose_hints,bicg,3,0.014473,5,LARGE
exo,choose_hints,bicg,4,0.014478,5,LARGE
exo,choose_hints,bicg,5,0.014518,5,LARGE
exo,choose_hints,cholesky,1,1.895493,5,LARGE
exo,choose_hints,cholesky,2,1.898604,5,LARGE
exo,choose_hints,cholesky,3,1.893746,5,LARGE
exo,choose_hints,cholesky,4,1.892850,5,LARGE
exo,choose_hints,cholesky,5,1.893849,5,LARGE
exo,choose_hints,correlation,1,0.074491,5,LARGE
exo,choose_hints,correlation,2,0.077377,5,LARGE
exo,choose_hints,correlation,3,0.074479,5,LARGE
exo,choose_hints,correlation,4,0.074879,5,LARGE
exo,choose_hints,correlation,5,0.076504,5,LARGE
exo,choose_hints,covariance,1,0.078766,5,LARGE
exo,choose_hints,covariance,2,0.078053,5,LARGE
exo,choose_hints,covariance,3,0.079118,5,LARGE
exo,choose_hints,covariance,4,0.077959,5,LARGE
exo,choose_hints,covariance,5,0.077992,5,LARGE
exo,choose_hints,gesummv,1,0.000945,5,LARGE
exo,choose_hints,gesummv,2,0.000950,5,LARGE
exo,choose_hints,gesummv,3,0.000926,5,LARGE
exo,choose_hints,gesummv,4,0.000953,5,LARGE
exo,choose_hints,gesummv,5,0.000971,5,LARGE
exo,choose_hints,jacobi-1d,1,0.028181,5,LARGE
exo,choose_hints,jacobi-1d,2,0.029283,5,LARGE
exo,choose_hints,jacobi-1d,3,0.029133,5,LARGE
exo,choose_hints,jacobi-1d,4,0.033956,5,LARGE
exo,choose_hints,jacobi-1d,5,0.028878,5,LARGE
exo,choose_hints,mvt,1,0.002349,5,LARGE
exo,choose_hints,mvt,2,0.002324,5,LARGE
exo,choose_hints,mvt,3,0.002236,5,LARGE
exo,choose_hints,mvt,4,0.002272,5,LARGE
exo,choose_hints,mvt,5,0.002279,5,LARGE
exo,choose_hints,nussinov,1,0.175594,5,LARGE
exo,choose_hints,nussinov,2,0.175537,5,LARGE
exo,choose_hints,nussinov,3,0.176425,5,LARGE
exo,choose_hints,nussinov,4,0.175805,5,LARGE
exo,choose_hints,nussinov,5,0.176518,5,LARGE
exo,choose_hints,syr2k,1,0.058725,5,LARGE
exo,choose_hints,syr2k,2,0.058587,5,LARGE
exo,choose_hints,syr2k,3,0.058711,5,LARGE
exo,choose_hints,syr2k,4,0.057519,5,LARGE
exo,choose_hints,syr2k,5,0.056193,5,LARGE
exo,choose_hints,syrk,1,0.058948,5,LARGE
exo,choose_hints,syrk,2,0.056977,5,LARGE
exo,choose_hints,syrk,3,0.061398,5,LARGE
exo,choose_hints,syrk,4,0.048407,5,LARGE
exo,choose_hints,syrk,5,0.044614,5,LARGE
exo,choose_hints,trisolv,1,0.003048,5,LARGE
exo,choose_hints,trisolv,2,0.003023,5,LARGE
exo,choose_hints,trisolv,3,0.003031,5,LARGE
exo,choose_hints,trisolv,4,0.003031,5,LARGE
exo,choose_hints,trisolv,5,0.003039,5,LARGE
