,correlation,covariance,gemver,gesummv,symm,syr2k,syrk,trmm,3mm,atax,bicg,doitgen,mvt,cholesky,durbin,gramschmidt,lu,ludcmp,trisolv,deriche,nussinov,adi,fdtd-2d,jacobi-1d,jacobi-2d,seidel-2d,geom_mean,wins
C: AllHints,1.4740914489781027,1.006732934574496,3.61868488471392,1.42097674127014,31.42457957963831,0.5591924656511976,0.756105491055517,1.8140480540288462,0.5638082904652018,3.2199677938808366,2.255977927651747,160.38707344240478,1.3391829155060353,1.0082151694105401,1.0218222769963028,,0.22633672595531476,1.0848478109622117,1.025510868150462,19.18592499957172,11.745801484672295,1.0429370856071987,1.9076747248545107,0.2991023007869292,3.495246946034598,1.356755702491972,1.9817798699713773,7.0
C: ChooseHints,0.5594449110113916,0.24520467271229876,2.4956888428194497,1.4169792448112029,26.196620126625003,0.49561646339968024,1.5715327100962435,3.43083523994155,0.5738727799876612,2.9431851633794524,2.2504587155963303,182.45755097339017,1.7654331062058835,1.0095192105793127,1.0022091157284874,2.891845801656186,0.22138952582498775,1.1216052422861724,1.0215750849259653,4.4838313188375025,11.532062782614572,0.9731791316950434,2.0941818612093734,0.256353962697047,3.987566399586935,1.870681995877029,1.8251396299855802,6.0
C: FromPlan,0.13820413059064043,0.04170059404608095,0.9109960700680213,1.4167135445965373,4.003976545694763,0.4988001252043265,0.13335365153328568,1.9144703287278728,0.9103735056062968,0.49246379667027873,1.9229161222889994,3.7891112500132427,0.5843056230756766,2.8169037002630914,1.0303166645241462,,0.43076835409763076,1.1204543085642225,2.317489264074357,2.0019603578695855,10.250468363685071,1.080825801198305,0.5035047144887563,0.2830777967064168,2.9807323510075268,1.8945950100586015,0.9658522262458668,5.0
C: Naive,0.09451744211937975,0.04196105328951358,0.9166003322489098,1.3888480392156861,1.7586663179962116,0.04094008296330219,0.7299673202913445,0.1506373454691572,0.04015154884435917,0.4039595959595959,0.40407423676696685,3.4967425985853953,0.5870963364993216,1.008711888388824,1.028311771624078,3.4211841970618617,0.19806865546785832,0.8766125350732024,1.0220786633457866,2.229363349957135,1.1752944027859995,1.0068367905842648,0.9857908487010095,1.1791302765647742,2.7790955187118422,1.2670001579058363,0.6178590773116632,1.0
Exo: AllHints,0.5399004946929108,0.8680653477971528,1.735505643747645,1.4168021002625328,32.737074551322806,0.4987590908699975,0.6198050421735194,1.2835690537098325,0.5231040465042057,0.6728582004172555,0.3789782675867751,137.72651950858972,0.9887119255992505,1.006544280314606,0.9972212429753439,,0.1992224498351695,0.8964011126477684,1.025510868150462,3.8612274074491206,10.904271913668246,1.0353753057143702,1.780866349168711,0.07757361742877661,3.4281826080931577,0.9999724625030688,1.3199141643334367,0.0
Exo: ChooseHints,0.5468585140028747,0.23581980016144355,1.7303464384300018,1.4153865367803173,14.295876134093154,0.48955003661148333,0.6554375129932184,0.1374222651082048,0.589436679307984,1.632060071825008,0.37742332546927887,135.2286620319552,1.1473536274925753,1.007899666272822,0.9418873393920403,,0.19769638853873628,0.9019353778473007,1.0423336420161395,4.948115638944935,11.841721199832172,0.9718731785203053,1.8549801913051829,0.07847921914357683,3.5179969421604524,0.8837302392959769,1.1703181245863987,1.0
Exo: FromPlan,0.0892858236406157,0.03931804036411777,0.43564816528286676,1.4144149765990637,1.0677392215649348,0.5715195332568626,0.07493905045541877,0.13509750197608159,0.5280526915612357,0.4593402554442709,0.3618705743509048,3.094458391536666,0.46708118786230124,1.0026229556593589,0.884167754509184,,0.12110342260272802,0.1480061041224143,1.016120711890637,1.4163099355670918,10.59367189943053,1.5412145652985885,0.259823142732126,0.08593175052542947,,1.1508678303843811,0.47366265498434446,1.0
Exo: Naive,0.5269777123624054,0.6929109069042855,1.6850971097714222,1.4171564336626234,25.63117764267266,0.5057699913430223,0.7199936093238881,1.289737891158026,0.5825678221086864,0.4409261300992282,0.40202130565419275,3.102532977395723,0.9869078302123486,1.0066161503796582,0.9978006017221704,,0.24397599219363506,0.8108461990953342,1.0279191128506198,1.6125838192542261,0.682867965940585,1.0524656241625734,1.910787955414996,0.07867787658967432,3.4035182955427503,0.8835274867451718,0.9594404760444804,0.0
Halide: AllHints,0.020180087265086095,,,,,,0.6669846945260187,,,,0.21627578910245104,,1.4172152893780092,0.3650128745006577,,,,0.44222300493429356,,0.9642054005282751,0.8614072323507217,,0.5840031287711548,,,,0.40938898744944824,0.0
Halide: ChooseHints,,0.1869238508583551,,,,,,,,,,,0.3223809204497195,1.0055276187356423,,,0.10026044829907284,0.4061518281229986,0.8567482928102301,0.5927168136659593,0.8793920275733823,0.11118690985996192,0.3348951682514839,0.0013004286066601286,,,0.21818976793504388,0.0
Halide: FromPlan,,,,,147.5933610149095,1.0619525252509168,1.3568745726037743,,,,0.20442802377909883,,0.35115811001639374,,0.16809809946273205,,0.09041974206324822,,0.9291054456262823,0.5980813377232956,,0.1420620845888275,0.291716868031292,0.19401532842344768,,,0.5640359963085763,2.0
Halide: Naive,,0.315771542670589,,1.0184677600539205,,,,,,0.0285080465800609,,,1.1014407901435699,1.0033946784867804,,,,0.44442454638629747,0.7213351887794339,0.5894910226760922,,0.6103056293924392,0.6202852977661111,,,,0.48531888362700354,0.0
Noarr: AllHints,0.027750478774560883,0.04174325328192784,1.4261655066571532,1.4111567675258372,69.06877184384629,0.02557142473433532,0.03421662857240661,2.196591343241858,0.5114859040993134,0.7245977677924336,0.37976055320466506,3.4421058088999783,0.8651723586339278,,1.8893254233292738,,0.1876417974198007,0.6243104860756118,1.054441797596424,2.8564918530358234,,1.0265538533348728,2.0549536293964232,1.2426653883029721,3.465596904973171,1.3567422699817442,0.7426248826947981,2.0
Noarr: ChooseHints,0.07750608732230624,0.041717866533221314,1.124596602972399,0.9798547466712778,1.678944070920694,0.02017584337686372,0.03378960272080741,0.13580797573828784,0.015209043212737451,0.4043516945725148,0.3777914677344833,3.4412906533841188,0.5250136504277134,,1.058832595724068,,0.11796973261625378,0.5186465696785358,1.0446000053032112,2.8408409677978494,,1.00303250948644,2.1443066784081517,0.599796381137489,3.4899878103376056,1.3570085282866131,0.4242913675844043,1.0
Noarr: FromPlan,0.03630725981274995,0.041055575022252204,0.7163180991405833,0.5341597341691607,1.6245382614164985,0.0512929866212741,0.03352311504422993,0.16301275322149889,0.014699226019807356,0.42006638376538796,0.3871935178364726,3.485232067510548,0.3996102624725244,,1.0616845126393641,,0.1882819838130805,0.5161129558718984,1.0401594761577861,2.8309908998988877,,0.8619717427652033,0.6488103462315609,1.2383909803172177,0.37864595842600385,1.3567796394902447,0.36639003423526967,0.0
Noarr: Naive,0.07699554735997982,0.041676586032601805,0.7138323248386184,0.5402455011321654,1.669248007929322,0.05181261971514531,0.03397909756529887,0.1353000254727292,0.01496984382350227,0.40642276422764223,0.3971612067569755,3.455699627045933,0.5277479631165536,,1.0617782782451262,,0.18872995289192127,0.5189525522010647,1.0489389461352077,2.253989977257633,,0.12868905835721392,0.7539821217948498,0.6665466700951401,3.277816158136163,1.3569382223136686,0.3743622954189559,0.0
geom_mean,0.1492019004761919,0.13068249742039661,1.243232072600091,1.154477812715211,9.213156299849704,0.19479942163020597,0.24629058947200916,0.5167979182029966,0.1877646248874257,0.5650031259449045,0.5097899700648527,12.104199463822741,0.7345225452722802,1.0079086000460893,0.920535062093435,3.145399363668441,0.1792950102832779,0.6217826441257472,1.044149781589189,2.126467128637901,4.038746394013517,0.6604657705549652,0.916565064674973,0.19997208797730248,2.7612249143983516,1.2755811904160075,0.6687732617953135,
