framework,version,algorithm,category,share_pct,repetitions
c,AllHints,2mm,invalid_algorithm,0.0,5
c,AllHints,2mm,invalid_code,0.0,5
c,AllHints,2mm,slowdown,0.0,5
c,AllHints,2mm,speedup_over,100.0,5
c,AllHints,2mm,speedup_under,0.0,5
c,AllHints,3mm,invalid_algorithm,0.0,5
c,AllHints,3mm,invalid_code,20.0,5
c,AllHints,3mm,slowdown,0.0,5
c,AllHints,3mm,speedup_over,80.0,5
c,AllHints,3mm,speedup_under,0.0,5
c,AllHints,adi,invalid_algorithm,0.0,5
c,AllHints,adi,invalid_code,0.0,5
c,AllHints,adi,slowdown,0.0,5
c,AllHints,adi,speedup_over,100.0,5
c,AllHints,adi,speedup_under,0.0,5
c,AllHints,atax,invalid_algorithm,0.0,5
c,AllHints,atax,invalid_code,0.0,5
c,AllHints,atax,slowdown,80.0,5
c,AllHints,atax,speedup_over,20.0,5
c,AllHints,atax,speedup_under,0.0,5
c,AllHints,bicg,invalid_algorithm,0.0,5
c,AllHints,bicg,invalid_code,20.0,5
c,AllHints,bicg,slowdown,0.0,5
c,AllHints,bicg,speedup_over,80.0,5
c,AllHints,bicg,speedup_under,0.0,5
c,AllHints,cholesky,invalid_algorithm,0.0,5
c,AllHints,cholesky,invalid_code,0.0,5
c,AllHints,cholesky,slowdown,20.0,5
c,AllHints,cholesky,speedup_over,0.0,5
c,AllHints,cholesky,speedup_under,80.0,5
c,AllHints,correlation,invalid_algorithm,0.0,5
c,AllHints,correlation,invalid_code,20.0,5
c,AllHints,correlation,slowdown,0.0,5
c,AllHints,correlation,speedup_over,80.0,5
c,AllHints,correlation,speedup_under,0.0,5
c,AllHints,covariance,invalid_algorithm,20.0,5
c,AllHints,covariance,invalid_code,0.0,5
c,AllHints,covariance,slowdown,0.0,5
c,AllHints,covariance,speedup_over,80.0,5
c,AllHints,covariance,speedup_under,0.0,5
c,AllHints,deriche,invalid_algorithm,0.0,5
c,AllHints,deriche,invalid_code,0.0,5
c,AllHints,deriche,slowdown,0.0,5
c,AllHints,deriche,speedup_over,100.0,5
c,AllHints,deriche,speedup_under,0.0,5
c,AllHints,doitgen,invalid_algorithm,0.0,5
c,AllHints,doitgen,invalid_code,0.0,5
c,AllHints,doitgen,slowdown,0.0,5
c,AllHints,doitgen,speedup_over,100.0,5
c,AllHints,doitgen,speedup_under,0.0,5
c,AllHints,durbin,invalid_algorithm,0.0,5
c,AllHints,durbin,invalid_code,20.0,5
c,AllHints,durbin,slowdown,40.0,5
c,AllHints,durbin,speedup_over,20.0,5
c,AllHints,durbin,speedup_under,20.0,5
c,AllHints,fdtd-2d,invalid_algorithm,0.0,5
c,AllHints,fdtd-2d,invalid_code,40.0,5
c,AllHints,fdtd-2d,slowdown,60.0,5
c,AllHints,fdtd-2d,speedup_over,0.0,5
c,AllHints,fdtd-2d,speedup_under,0.0,5
c,AllHints,floyd-warshall,invalid_algorithm,0.0,5
c,AllHints,floyd-warshall,invalid_code,0.0,5
c,AllHints,floyd-warshall,slowdown,0.0,5
c,AllHints,floyd-warshall,speedup_over,100.0,5
c,AllHints,floyd-warshall,speedup_under,0.0,5
c,AllHints,gemm,invalid_algorithm,0.0,5
c,AllHints,gemm,invalid_code,20.0,5
c,AllHints,gemm,slowdown,0.0,5
c,AllHints,gemm,speedup_over,80.0,5
c,AllHints,gemm,speedup_under,0.0,5
c,AllHints,gemver,invalid_algorithm,0.0,5
c,AllHints,gemver,invalid_code,0.0,5
c,AllHints,gemver,slowdown,20.0,5
c,AllHints,gemver,speedup_over,60.0,5
c,AllHints,gemver,speedup_under,20.0,5
c,AllHints,gesummv,invalid_algorithm,0.0,5
c,AllHints,gesummv,invalid_code,0.0,5
c,AllHints,gesummv,slowdown,0.0,5
c,AllHints,gesummv,speedup_over,100.0,5
c,AllHints,gesummv,speedup_under,0.0,5
c,AllHints,gramschmidt,invalid_algorithm,100.0,5
c,AllHints,gramschmidt,invalid_code,0.0,5
c,AllHints,gramschmidt,slowdown,0.0,5
c,AllHints,gramschmidt,speedup_over,0.0,5
c,AllHints,gramschmidt,speedup_under,0.0,5
c,AllHints,heat-3d,invalid_algorithm,0.0,5
c,AllHints,heat-3d,invalid_code,20.0,5
c,AllHints,heat-3d,slowdown,40.0,5
c,AllHints,heat-3d,speedup_over,40.0,5
c,AllHints,heat-3d,speedup_under,0.0,5
c,AllHints,jacobi-1d,invalid_algorithm,0.0,5
c,AllHints,jacobi-1d,invalid_code,20.0,5
c,AllHints,jacobi-1d,slowdown,80.0,5
c,AllHints,jacobi-1d,speedup_over,0.0,5
c,AllHints,jacobi-1d,speedup_under,0.0,5
c,AllHints,jacobi-2d,invalid_algorithm,0.0,5
c,AllHints,jacobi-2d,invalid_code,0.0,5
c,AllHints,jacobi-2d,slowdown,20.0,5
c,AllHints,jacobi-2d,speedup_over,40.0,5
c,AllHints,jacobi-2d,speedup_under,40.0,5
c,AllHints,lu,invalid_algorithm,0.0,5
c,AllHints,lu,invalid_code,0.0,5
c,AllHints,lu,slowdown,20.0,5
c,AllHints,lu,speedup_over,80.0,5
c,AllHints,lu,speedup_under,0.0,5
c,AllHints,ludcmp,invalid_algorithm,0.0,5
c,AllHints,ludcmp,invalid_code,20.0,5
c,AllHints,ludcmp,slowdown,0.0,5
c,AllHints,ludcmp,speedup_over,40.0,5
c,AllHints,ludcmp,speedup_under,40.0,5
c,AllHints,mvt,invalid_algorithm,20.0,5
c,AllHints,mvt,invalid_code,0.0,5
c,AllHints,mvt,slowdown,0.0,5
c,AllHints,mvt,speedup_over,80.0,5
c,AllHints,mvt,speedup_under,0.0,5
c,AllHints,nussinov,invalid_algorithm,0.0,5
c,AllHints,nussinov,invalid_code,40.0,5
c,AllHints,nussinov,slowdown,0.0,5
c,AllHints,nussinov,speedup_over,60.0,5
c,AllHints,nussinov,speedup_under,0.0,5
c,AllHints,seidel-2d,invalid_algorithm,0.0,5
c,AllHints,seidel-2d,invalid_code,0.0,5
c,AllHints,seidel-2d,slowdown,60.0,5
c,AllHints,seidel-2d,speedup_over,40.0,5
c,AllHints,seidel-2d,speedup_under,0.0,5
c,AllHints,symm,invalid_algorithm,0.0,5
c,AllHints,symm,invalid_code,0.0,5
c,AllHints,symm,slowdown,40.0,5
c,AllHints,symm,speedup_over,60.0,5
c,AllHints,symm,speedup_under,0.0,5
c,AllHints,syr2k,invalid_algorithm,0.0,5
c,AllHints,syr2k,invalid_code,0.0,5
c,AllHints,syr2k,slowdown,0.0,5
c,AllHints,syr2k,speedup_over,100.0,5
c,AllHints,syr2k,speedup_under,0.0,5
c,AllHints,syrk,invalid_algorithm,0.0,5
c,AllHints,syrk,invalid_code,0.0,5
c,AllHints,syrk,slowdown,0.0,5
c,AllHints,syrk,speedup_over,100.0,5
c,AllHints,syrk,speedup_under,0.0,5
c,AllHints,trisolv,invalid_algorithm,40.0,5
c,AllHints,trisolv,invalid_code,0.0,5
c,AllHints,trisolv,slowdown,40.0,5
c,AllHints,trisolv,speedup_over,0.0,5
c,AllHints,trisolv,speedup_under,20.0,5
c,AllHints,trmm,invalid_algorithm,0.0,5
c,AllHints,trmm,invalid_code,0.0,5
c,AllHints,trmm,slowdown,0.0,5
c,AllHints,trmm,speedup_over,100.0,5
c,AllHints,trmm,speedup_under,0.0,5
c,ChooseHints,2mm,invalid_algorithm,0.0,5
c,ChooseHints,2mm,invalid_code,0.0,5
c,ChooseHints,2mm,slowdown,0.0,5
c,ChooseHints,2mm,speedup_over,100.0,5
c,ChooseHints,2mm,speedup_under,0.0,5
c,ChooseHints,3mm,invalid_algorithm,0.0,5
c,ChooseHints,3mm,invalid_code,20.0,5
c,ChooseHints,3mm,slowdown,0.0,5
c,ChooseHints,3mm,speedup_over,80.0,5
c,ChooseHints,3mm,speedup_under,0.0,5
c,ChooseHints,adi,invalid_algorithm,0.0,5
c,ChooseHints,adi,invalid_code,20.0,5
c,ChooseHints,adi,slowdown,20.0,5
c,ChooseHints,adi,speedup_over,60.0,5
c,ChooseHints,adi,speedup_under,0.0,5
c,ChooseHints,atax,invalid_algorithm,0.0,5
c,ChooseHints,atax,invalid_code,0.0,5
c,ChooseHints,atax,slowdown,40.0,5
c,ChooseHints,atax,speedup_over,60.0,5
c,ChooseHints,atax,speedup_under,0.0,5
c,ChooseHints,bicg,invalid_algorithm,0.0,5
c,ChooseHints,bicg,invalid_code,0.0,5
c,ChooseHints,bicg,slowdown,0.0,5
c,ChooseHints,bicg,speedup_over,100.0,5
c,ChooseHints,bicg,speedup_under,0.0,5
c,ChooseHints,cholesky,invalid_algorithm,0.0,5
c,ChooseHints,cholesky,invalid_code,40.0,5
c,ChooseHints,cholesky,slowdown,0.0,5
c,ChooseHints,cholesky,speedup_over,0.0,5
c,ChooseHints,cholesky,speedup_under,60.0,5
c,ChooseHints,correlation,invalid_algorithm,0.0,5
c,ChooseHints,correlation,invalid_code,20.0,5
c,ChooseHints,correlation,slowdown,0.0,5
c,ChooseHints,correlation,speedup_over,80.0,5
c,ChooseHints,correlation,speedup_under,0.0,5
c,ChooseHints,covariance,invalid_algorithm,0.0,5
c,ChooseHints,covariance,invalid_code,0.0,5
c,ChooseHints,covariance,slowdown,0.0,5
c,ChooseHints,covariance,speedup_over,100.0,5
c,ChooseHints,covariance,speedup_under,0.0,5
c,ChooseHints,deriche,invalid_algorithm,0.0,5
c,ChooseHints,deriche,invalid_code,0.0,5
c,ChooseHints,deriche,slowdown,20.0,5
c,ChooseHints,deriche,speedup_over,80.0,5
c,ChooseHints,deriche,speedup_under,0.0,5
c,ChooseHints,doitgen,invalid_algorithm,0.0,5
c,ChooseHints,doitgen,invalid_code,0.0,5
c,ChooseHints,doitgen,slowdown,0.0,5
c,ChooseHints,doitgen,speedup_over,100.0,5
c,ChooseHints,doitgen,speedup_under,0.0,5
c,ChooseHints,durbin,invalid_algorithm,0.0,5
c,ChooseHints,durbin,invalid_code,0.0,5
c,ChooseHints,durbin,slowdown,60.0,5
c,ChooseHints,durbin,speedup_over,40.0,5
c,ChooseHints,durbin,speedup_under,0.0,5
c,ChooseHints,fdtd-2d,invalid_algorithm,0.0,5
c,ChooseHints,fdtd-2d,invalid_code,40.0,5
c,ChooseHints,fdtd-2d,slowdown,60.0,5
c,ChooseHints,fdtd-2d,speedup_over,0.0,5
c,ChooseHints,fdtd-2d,speedup_under,0.0,5
c,ChooseHints,floyd-warshall,invalid_algorithm,0.0,5
c,ChooseHints,floyd-warshall,invalid_code,0.0,5
c,ChooseHints,floyd-warshall,slowdown,20.0,5
c,ChooseHints,floyd-warshall,speedup_over,80.0,5
c,ChooseHints,floyd-warshall,speedup_under,0.0,5
c,ChooseHints,gemm,invalid_algorithm,0.0,5
c,ChooseHints,gemm,invalid_code,0.0,5
c,ChooseHints,gemm,slowdown,0.0,5
c,ChooseHints,gemm,speedup_over,100.0,5
c,ChooseHints,gemm,speedup_under,0.0,5
c,ChooseHints,gemver,invalid_algorithm,0.0,5
c,ChooseHints,gemver,invalid_code,0.0,5
c,ChooseHints,gemver,slowdown,20.0,5
c,ChooseHints,gemver,speedup_over,80.0,5
c,ChooseHints,gemver,speedup_under,0.0,5
c,ChooseHints,gesummv,invalid_algorithm,0.0,5
c,ChooseHints,gesummv,invalid_code,0.0,5
c,ChooseHints,gesummv,slowdown,0.0,5
c,ChooseHints,gesummv,speedup_over,100.0,5
c,ChooseHints,gesummv,speedup_under,0.0,5
c,ChooseHints,gramschmidt,invalid_algorithm,40.0,5
c,ChooseHints,gramschmidt,invalid_code,20.0,5
c,ChooseHints,gramschmidt,slowdown,0.0,5
c,ChooseHints,gramschmidt,speedup_over,40.0,5
c,ChooseHints,gramschmidt,speedup_under,0.0,5
c,ChooseHints,heat-3d,invalid_algorithm,0.0,5
c,ChooseHints,heat-3d,invalid_code,0.0,5
c,ChooseHints,heat-3d,slowdown,80.0,5
c,ChooseHints,heat-3d,speedup_over,0.0,5
c,ChooseHints,heat-3d,speedup_under,20.0,5
c,ChooseHints,jacobi-1d,invalid_algorithm,0.0,5
c,ChooseHints,jacobi-1d,invalid_code,20.0,5
c,ChooseHints,jacobi-1d,slowdown,80.0,5
c,ChooseHints,jacobi-1d,speedup_over,0.0,5
c,ChooseHints,jacobi-1d,speedup_under,0.0,5
c,ChooseHints,jacobi-2d,invalid_algorithm,0.0,5
c,ChooseHints,jacobi-2d,invalid_code,0.0,5
c,ChooseHints,jacobi-2d,slowdown,60.0,5
c,ChooseHints,jacobi-2d,speedup_over,40.0,5
c,ChooseHints,jacobi-2d,speedup_under,0.0,5
c,ChooseHints,lu,invalid_algorithm,0.0,5
c,ChooseHints,lu,invalid_code,0.0,5
c,ChooseHints,lu,slowdown,20.0,5
c,ChooseHints,lu,speedup_over,80.0,5
c,ChooseHints,lu,speedup_under,0.0,5
c,ChooseHints,ludcmp,invalid_algorithm,0.0,5
c,ChooseHints,ludcmp,invalid_code,0.0,5
c,ChooseHints,ludcmp,slowdown,80.0,5
c,ChooseHints,ludcmp,speedup_over,20.0,5
c,ChooseHints,ludcmp,speedup_under,0.0,5
c,ChooseHints,mvt,invalid_algorithm,0.0,5
c,ChooseHints,mvt,invalid_code,20.0,5
c,ChooseHints,mvt,slowdown,0.0,5
c,ChooseHints,mvt,speedup_over,60.0,5
c,ChooseHints,mvt,speedup_under,20.0,5
c,ChooseHints,nussinov,invalid_algorithm,0.0,5
c,ChooseHints,nussinov,invalid_code,20.0,5
c,ChooseHints,nussinov,slowdown,0.0,5
c,ChooseHints,nussinov,speedup_over,80.0,5
c,ChooseHints,nussinov,speedup_under,0.0,5
c,ChooseHints,seidel-2d,invalid_algorithm,0.0,5
c,ChooseHints,seidel-2d,invalid_code,0.0,5
c,ChooseHints,seidel-2d,slowdown,40.0,5
c,ChooseHints,seidel-2d,speedup_over,60.0,5
c,ChooseHints,seidel-2d,speedup_under,0.0,5
c,ChooseHints,symm,invalid_algorithm,0.0,5
c,ChooseHints,symm,invalid_code,0.0,5
c,ChooseHints,symm,slowdown,20.0,5
c,ChooseHints,symm,speedup_over,80.0,5
c,ChooseHints,symm,speedup_under,0.0,5
c,ChooseHints,syr2k,invalid_algorithm,0.0,5
c,ChooseHints,syr2k,invalid_code,20.0,5
c,ChooseHints,syr2k,slowdown,0.0,5
c,ChooseHints,syr2k,speedup_over,80.0,5
c,ChooseHints,syr2k,speedup_under,0.0,5
c,ChooseHints,syrk,invalid_algorithm,0.0,5
c,ChooseHints,syrk,invalid_code,0.0,5
c,ChooseHints,syrk,slowdown,0.0,5
c,ChooseHints,syrk,speedup_over,100.0,5
c,ChooseHints,syrk,speedup_under,0.0,5
c,ChooseHints,trisolv,invalid_algorithm,60.0,5
c,ChooseHints,trisolv,invalid_code,0.0,5
c,ChooseHints,trisolv,slowdown,40.0,5
c,ChooseHints,trisolv,speedup_over,0.0,5
c,ChooseHints,trisolv,speedup_under,0.0,5
c,ChooseHints,trmm,invalid_algorithm,0.0,5
c,ChooseHints,trmm,invalid_code,0.0,5
c,ChooseHints,trmm,slowdown,0.0,5
c,ChooseHints,trmm,speedup_over,100.0,5
c,ChooseHints,trmm,speedup_under,0.0,5
c,FromPlan,2mm,invalid_algorithm,0.0,5
c,FromPlan,2mm,invalid_code,0.0,5
c,FromPlan,2mm,slowdown,0.0,5
c,FromPlan,2mm,speedup_over,100.0,5
c,FromPlan,2mm,speedup_under,0.0,5
c,FromPlan,3mm,invalid_algorithm,0.0,5
c,FromPlan,3mm,invalid_code,0.0,5
c,FromPlan,3mm,slowdown,0.0,5
c,FromPlan,3mm,speedup_over,100.0,5
c,FromPlan,3mm,speedup_under,0.0,5
c,FromPlan,adi,invalid_algorithm,0.0,5
c,FromPlan,adi,invalid_code,0.0,5
c,FromPlan,adi,slowdown,0.0,5
c,FromPlan,adi,speedup_over,100.0,5
c,FromPlan,adi,speedup_under,0.0,5
c,FromPlan,atax,invalid_algorithm,0.0,5
c,FromPlan,atax,invalid_code,20.0,5
c,FromPlan,atax,slowdown,0.0,5
c,FromPlan,atax,speedup_over,20.0,5
c,FromPlan,atax,speedup_under,60.0,5
c,FromPlan,bicg,invalid_algorithm,0.0,5
c,FromPlan,bicg,invalid_code,0.0,5
c,FromPlan,bicg,slowdown,0.0,5
c,FromPlan,bicg,speedup_over,100.0,5
c,FromPlan,bicg,speedup_under,0.0,5
c,FromPlan,cholesky,invalid_algorithm,0.0,5
c,FromPlan,cholesky,invalid_code,0.0,5
c,FromPlan,cholesky,slowdown,0.0,5
c,FromPlan,cholesky,speedup_over,60.0,5
c,FromPlan,cholesky,speedup_under,40.0,5
c,FromPlan,correlation,invalid_algorithm,0.0,5
c,FromPlan,correlation,invalid_code,0.0,5
c,FromPlan,correlation,slowdown,0.0,5
c,FromPlan,correlation,speedup_over,100.0,5
c,FromPlan,correlation,speedup_under,0.0,5
c,FromPlan,covariance,invalid_algorithm,0.0,5
c,FromPlan,covariance,invalid_code,0.0,5
c,FromPlan,covariance,slowdown,0.0,5
c,FromPlan,covariance,speedup_over,100.0,5
c,FromPlan,covariance,speedup_under,0.0,5
c,FromPlan,deriche,invalid_algorithm,0.0,5
c,FromPlan,deriche,invalid_code,0.0,5
c,FromPlan,deriche,slowdown,0.0,5
c,FromPlan,deriche,speedup_over,100.0,5
c,FromPlan,deriche,speedup_under,0.0,5
c,FromPlan,doitgen,invalid_algorithm,0.0,5
c,FromPlan,doitgen,invalid_code,0.0,5
c,FromPlan,doitgen,slowdown,0.0,5
c,FromPlan,doitgen,speedup_over,100.0,5
c,FromPlan,doitgen,speedup_under,0.0,5
c,FromPlan,durbin,invalid_algorithm,0.0,5
c,FromPlan,durbin,invalid_code,0.0,5
c,FromPlan,durbin,slowdown,0.0,5
c,FromPlan,durbin,speedup_over,80.0,5
c,FromPlan,durbin,speedup_under,20.0,5
c,FromPlan,fdtd-2d,invalid_algorithm,0.0,5
c,FromPlan,fdtd-2d,invalid_code,20.0,5
c,FromPlan,fdtd-2d,slowdown,60.0,5
c,FromPlan,fdtd-2d,speedup_over,0.0,5
c,FromPlan,fdtd-2d,speedup_under,20.0,5
c,FromPlan,floyd-warshall,invalid_algorithm,0.0,5
c,FromPlan,floyd-warshall,invalid_code,0.0,5
c,FromPlan,floyd-warshall,slowdown,0.0,5
c,FromPlan,floyd-warshall,speedup_over,100.0,5
c,FromPlan,floyd-warshall,speedup_under,0.0,5
c,FromPlan,gemm,invalid_algorithm,0.0,5
c,FromPlan,gemm,invalid_code,20.0,5
c,FromPlan,gemm,slowdown,0.0,5
c,FromPlan,gemm,speedup_over,80.0,5
c,FromPlan,gemm,speedup_under,0.0,5
c,FromPlan,gemver,invalid_algorithm,0.0,5
c,FromPlan,gemver,invalid_code,20.0,5
c,FromPlan,gemver,slowdown,0.0,5
c,FromPlan,gemver,speedup_over,80.0,5
c,FromPlan,gemver,speedup_under,0.0,5
c,FromPlan,gesummv,invalid_algorithm,0.0,5
c,FromPlan,gesummv,invalid_code,0.0,5
c,FromPlan,gesummv,slowdown,0.0,5
c,FromPlan,gesummv,speedup_over,100.0,5
c,FromPlan,gesummv,speedup_under,0.0,5
c,FromPlan,gramschmidt,invalid_algorithm,100.0,5
c,FromPlan,gramschmidt,invalid_code,0.0,5
c,FromPlan,gramschmidt,slowdown,0.0,5
c,FromPlan,gramschmidt,speedup_over,0.0,5
c,FromPlan,gramschmidt,speedup_under,0.0,5
c,FromPlan,heat-3d,invalid_algorithm,0.0,5
c,FromPlan,heat-3d,invalid_code,0.0,5
c,FromPlan,heat-3d,slowdown,100.0,5
c,FromPlan,heat-3d,speedup_over,0.0,5
c,FromPlan,heat-3d,speedup_under,0.0,5
c,FromPlan,jacobi-1d,invalid_algorithm,0.0,5
c,FromPlan,jacobi-1d,invalid_code,20.0,5
c,FromPlan,jacobi-1d,slowdown,80.0,5
c,FromPlan,jacobi-1d,speedup_over,0.0,5
c,FromPlan,jacobi-1d,speedup_under,0.0,5
c,FromPlan,jacobi-2d,invalid_algorithm,0.0,5
c,FromPlan,jacobi-2d,invalid_code,0.0,5
c,FromPlan,jacobi-2d,slowdown,80.0,5
c,FromPlan,jacobi-2d,speedup_over,20.0,5
c,FromPlan,jacobi-2d,speedup_under,0.0,5
c,FromPlan,lu,invalid_algorithm,0.0,5
c,FromPlan,lu,invalid_code,0.0,5
c,FromPlan,lu,slowdown,20.0,5
c,FromPlan,lu,speedup_over,60.0,5
c,FromPlan,lu,speedup_under,20.0,5
c,FromPlan,ludcmp,invalid_algorithm,0.0,5
c,FromPlan,ludcmp,invalid_code,20.0,5
c,FromPlan,ludcmp,slowdown,0.0,5
c,FromPlan,ludcmp,speedup_over,80.0,5
c,FromPlan,ludcmp,speedup_under,0.0,5
c,FromPlan,mvt,invalid_algorithm,0.0,5
c,FromPlan,mvt,invalid_code,0.0,5
c,FromPlan,mvt,slowdown,0.0,5
c,FromPlan,mvt,speedup_over,100.0,5
c,FromPlan,mvt,speedup_under,0.0,5
c,FromPlan,nussinov,invalid_algorithm,0.0,5
c,FromPlan,nussinov,invalid_code,20.0,5
c,FromPlan,nussinov,slowdown,0.0,5
c,FromPlan,nussinov,speedup_over,80.0,5
c,FromPlan,nussinov,speedup_under,0.0,5
c,FromPlan,seidel-2d,invalid_algorithm,0.0,5
c,FromPlan,seidel-2d,invalid_code,0.0,5
c,FromPlan,seidel-2d,slowdown,0.0,5
c,FromPlan,seidel-2d,speedup_over,100.0,5
c,FromPlan,seidel-2d,speedup_under,0.0,5
c,FromPlan,symm,invalid_algorithm,0.0,5
c,FromPlan,symm,invalid_code,0.0,5
c,FromPlan,symm,slowdown,0.0,5
c,FromPlan,symm,speedup_over,100.0,5
c,FromPlan,symm,speedup_under,0.0,5
c,FromPlan,syr2k,invalid_algorithm,0.0,5
c,FromPlan,syr2k,invalid_code,20.0,5
c,FromPlan,syr2k,slowdown,0.0,5
c,FromPlan,syr2k,speedup_over,80.0,5
c,FromPlan,syr2k,speedup_under,0.0,5
c,FromPlan,syrk,invalid_algorithm,0.0,5
c,FromPlan,syrk,invalid_code,0.0,5
c,FromPlan,syrk,slowdown,40.0,5
c,FromPlan,syrk,speedup_over,60.0,5
c,FromPlan,syrk,speedup_under,0.0,5
c,FromPlan,trisolv,invalid_algorithm,0.0,5
c,FromPlan,trisolv,invalid_code,0.0,5
c,FromPlan,trisolv,slowdown,40.0,5
c,FromPlan,trisolv,speedup_over,60.0,5
c,FromPlan,trisolv,speedup_under,0.0,5
c,FromPlan,trmm,invalid_algorithm,0.0,5
c,FromPlan,trmm,invalid_code,0.0,5
c,FromPlan,trmm,slowdown,0.0,5
c,FromPlan,trmm,speedup_over,100.0,5
c,FromPlan,trmm,speedup_under,0.0,5
c,Naive,2mm,invalid_algorithm,0.0,5
c,Naive,2mm,invalid_code,0.0,5
c,Naive,2mm,slowdown,0.0,5
c,Naive,2mm,speedup_over,100.0,5
c,Naive,2mm,speedup_under,0.0,5
c,Naive,3mm,invalid_algorithm,0.0,5
c,Naive,3mm,invalid_code,0.0,5
c,Naive,3mm,slowdown,0.0,5
c,Naive,3mm,speedup_over,100.0,5
c,Naive,3mm,speedup_under,0.0,5
c,Naive,adi,invalid_algorithm,0.0,5
c,Naive,adi,invalid_code,0.0,5
c,Naive,adi,slowdown,20.0,5
c,Naive,adi,speedup_over,60.0,5
c,Naive,adi,speedup_under,20.0,5
c,Naive,atax,invalid_algorithm,0.0,5
c,Naive,atax,invalid_code,20.0,5
c,Naive,atax,slowdown,0.0,5
c,Naive,atax,speedup_over,20.0,5
c,Naive,atax,speedup_under,60.0,5
c,Naive,bicg,invalid_algorithm,0.0,5
c,Naive,bicg,invalid_code,0.0,5
c,Naive,bicg,slowdown,0.0,5
c,Naive,bicg,speedup_over,100.0,5
c,Naive,bicg,speedup_under,0.0,5
c,Naive,cholesky,invalid_algorithm,0.0,5
c,Naive,cholesky,invalid_code,0.0,5
c,Naive,cholesky,slowdown,0.0,5
c,Naive,cholesky,speedup_over,0.0,5
c,Naive,cholesky,speedup_under,100.0,5
c,Naive,correlation,invalid_algorithm,0.0,5
c,Naive,correlation,invalid_code,0.0,5
c,Naive,correlation,slowdown,0.0,5
c,Naive,correlation,speedup_over,100.0,5
c,Naive,correlation,speedup_under,0.0,5
c,Naive,covariance,invalid_algorithm,0.0,5
c,Naive,covariance,invalid_code,0.0,5
c,Naive,covariance,slowdown,0.0,5
c,Naive,covariance,speedup_over,100.0,5
c,Naive,covariance,speedup_under,0.0,5
c,Naive,deriche,invalid_algorithm,0.0,5
c,Naive,deriche,invalid_code,0.0,5
c,Naive,deriche,slowdown,60.0,5
c,Naive,deriche,speedup_over,40.0,5
c,Naive,deriche,speedup_under,0.0,5
c,Naive,doitgen,invalid_algorithm,0.0,5
c,Naive,doitgen,invalid_code,0.0,5
c,Naive,doitgen,slowdown,0.0,5
c,Naive,doitgen,speedup_over,100.0,5
c,Naive,doitgen,speedup_under,0.0,5
c,Naive,durbin,invalid_algorithm,0.0,5
c,Naive,durbin,invalid_code,0.0,5
c,Naive,durbin,slowdown,20.0,5
c,Naive,durbin,speedup_over,40.0,5
c,Naive,durbin,speedup_under,40.0,5
c,Naive,fdtd-2d,invalid_algorithm,0.0,5
c,Naive,fdtd-2d,invalid_code,0.0,5
c,Naive,fdtd-2d,slowdown,20.0,5
c,Naive,fdtd-2d,speedup_over,40.0,5
c,Naive,fdtd-2d,speedup_under,40.0,5
c,Naive,floyd-warshall,invalid_algorithm,0.0,5
c,Naive,floyd-warshall,invalid_code,0.0,5
c,Naive,floyd-warshall,slowdown,20.0,5
c,Naive,floyd-warshall,speedup_over,80.0,5
c,Naive,floyd-warshall,speedup_under,0.0,5
c,Naive,gemm,invalid_algorithm,0.0,5
c,Naive,gemm,invalid_code,0.0,5
c,Naive,gemm,slowdown,40.0,5
c,Naive,gemm,speedup_over,40.0,5
c,Naive,gemm,speedup_under,20.0,5
c,Naive,gemver,invalid_algorithm,0.0,5
c,Naive,gemver,invalid_code,0.0,5
c,Naive,gemver,slowdown,0.0,5
c,Naive,gemver,speedup_over,100.0,5
c,Naive,gemver,speedup_under,0.0,5
c,Naive,gesummv,invalid_algorithm,0.0,5
c,Naive,gesummv,invalid_code,0.0,5
c,Naive,gesummv,slowdown,0.0,5
c,Naive,gesummv,speedup_over,100.0,5
c,Naive,gesummv,speedup_under,0.0,5
c,Naive,gramschmidt,invalid_algorithm,80.0,5
c,Naive,gramschmidt,invalid_code,0.0,5
c,Naive,gramschmidt,slowdown,0.0,5
c,Naive,gramschmidt,speedup_over,20.0,5
c,Naive,gramschmidt,speedup_under,0.0,5
c,Naive,heat-3d,invalid_algorithm,0.0,5
c,Naive,heat-3d,invalid_code,20.0,5
c,Naive,heat-3d,slowdown,80.0,5
c,Naive,heat-3d,speedup_over,0.0,5
c,Naive,heat-3d,speedup_under,0.0,5
c,Naive,jacobi-1d,invalid_algorithm,0.0,5
c,Naive,jacobi-1d,invalid_code,20.0,5
c,Naive,jacobi-1d,slowdown,20.0,5
c,Naive,jacobi-1d,speedup_over,0.0,5
c,Naive,jacobi-1d,speedup_under,60.0,5
c,Naive,jacobi-2d,invalid_algorithm,0.0,5
c,Naive,jacobi-2d,invalid_code,20.0,5
c,Naive,jacobi-2d,slowdown,20.0,5
c,Naive,jacobi-2d,speedup_over,0.0,5
c,Naive,jacobi-2d,speedup_under,60.0,5
c,Naive,lu,invalid_algorithm,0.0,5
c,Naive,lu,invalid_code,0.0,5
c,Naive,lu,slowdown,0.0,5
c,Naive,lu,speedup_over,100.0,5
c,Naive,lu,speedup_under,0.0,5
c,Naive,ludcmp,invalid_algorithm,20.0,5
c,Naive,ludcmp,invalid_code,20.0,5
c,Naive,ludcmp,slowdown,20.0,5
c,Naive,ludcmp,speedup_over,20.0,5
c,Naive,ludcmp,speedup_under,20.0,5
c,Naive,mvt,invalid_algorithm,0.0,5
c,Naive,mvt,invalid_code,0.0,5
c,Naive,mvt,slowdown,0.0,5
c,Naive,mvt,speedup_over,100.0,5
c,Naive,mvt,speedup_under,0.0,5
c,Naive,nussinov,invalid_algorithm,0.0,5
c,Naive,nussinov,invalid_code,20.0,5
c,Naive,nussinov,slowdown,0.0,5
c,Naive,nussinov,speedup_over,80.0,5
c,Naive,nussinov,speedup_under,0.0,5
c,Naive,seidel-2d,invalid_algorithm,0.0,5
c,Naive,seidel-2d,invalid_code,20.0,5
c,Naive,seidel-2d,slowdown,40.0,5
c,Naive,seidel-2d,speedup_over,40.0,5
c,Naive,seidel-2d,speedup_under,0.0,5
c,Naive,symm,invalid_algorithm,0.0,5
c,Naive,symm,invalid_code,0.0,5
c,Naive,symm,slowdown,20.0,5
c,Naive,symm,speedup_over,80.0,5
c,Naive,symm,speedup_under,0.0,5
c,Naive,syr2k,invalid_algorithm,0.0,5
c,Naive,syr2k,invalid_code,0.0,5
c,Naive,syr2k,slowdown,0.0,5
c,Naive,syr2k,speedup_over,80.0,5
c,Naive,syr2k,speedup_under,20.0,5
c,Naive,syrk,invalid_algorithm,0.0,5
c,Naive,syrk,invalid_code,0.0,5
c,Naive,syrk,slowdown,80.0,5
c,Naive,syrk,speedup_over,20.0,5
c,Naive,syrk,speedup_under,0.0,5
c,Naive,trisolv,invalid_algorithm,0.0,5
c,Naive,trisolv,invalid_code,20.0,5
c,Naive,trisolv,slowdown,40.0,5
c,Naive,trisolv,speedup_over,20.0,5
c,Naive,trisolv,speedup_under,20.0,5
c,Naive,trmm,invalid_algorithm,0.0,5
c,Naive,trmm,invalid_code,0.0,5
c,Naive,trmm,slowdown,0.0,5
c,Naive,trmm,speedup_over,100.0,5
c,Naive,trmm,speedup_under,0.0,5
exo,AllHints,2mm,invalid_algorithm,0.0,5
exo,AllHints,2mm,invalid_code,20.0,5
exo,AllHints,2mm,slowdown,0.0,5
exo,AllHints,2mm,speedup_over,80.0,5
exo,AllHints,2mm,speedup_under,0.0,5
exo,AllHints,3mm,invalid_algorithm,0.0,5
exo,AllHints,3mm,invalid_code,60.0,5
exo,AllHints,3mm,slowdown,0.0,5
exo,AllHints,3mm,speedup_over,40.0,5
exo,AllHints,3mm,speedup_under,0.0,5
exo,AllHints,adi,invalid_algorithm,20.0,5
exo,AllHints,adi,invalid_code,0.0,5
exo,AllHints,adi,slowdown,0.0,5
exo,AllHints,adi,speedup_over,80.0,5
exo,AllHints,adi,speedup_under,0.0,5
exo,AllHints,atax,invalid_algorithm,0.0,5
exo,AllHints,atax,invalid_code,40.0,5
exo,AllHints,atax,slowdown,60.0,5
exo,AllHints,atax,speedup_over,0.0,5
exo,AllHints,atax,speedup_under,0.0,5
exo,AllHints,bicg,invalid_algorithm,0.0,5
exo,AllHints,bicg,invalid_code,20.0,5
exo,AllHints,bicg,slowdown,20.0,5
exo,AllHints,bicg,speedup_over,20.0,5
exo,AllHints,bicg,speedup_under,40.0,5
exo,AllHints,cholesky,invalid_algorithm,0.0,5
exo,AllHints,cholesky,invalid_code,20.0,5
exo,AllHints,cholesky,slowdown,40.0,5
exo,AllHints,cholesky,speedup_over,0.0,5
exo,AllHints,cholesky,speedup_under,40.0,5
exo,AllHints,correlation,invalid_algorithm,0.0,5
exo,AllHints,correlation,invalid_code,0.0,5
exo,AllHints,correlation,slowdown,0.0,5
exo,AllHints,correlation,speedup_over,100.0,5
exo,AllHints,correlation,speedup_under,0.0,5
exo,AllHints,covariance,invalid_algorithm,0.0,5
exo,AllHints,covariance,invalid_code,60.0,5
exo,AllHints,covariance,slowdown,20.0,5
exo,AllHints,covariance,speedup_over,20.0,5
exo,AllHints,covariance,speedup_under,0.0,5
exo,AllHints,deriche,invalid_algorithm,0.0,5
exo,AllHints,deriche,invalid_code,60.0,5
exo,AllHints,deriche,slowdown,20.0,5
exo,AllHints,deriche,speedup_over,20.0,5
exo,AllHints,deriche,speedup_under,0.0,5
exo,AllHints,doitgen,invalid_algorithm,0.0,5
exo,AllHints,doitgen,invalid_code,0.0,5
exo,AllHints,doitgen,slowdown,20.0,5
exo,AllHints,doitgen,speedup_over,80.0,5
exo,AllHints,doitgen,speedup_under,0.0,5
exo,AllHints,durbin,invalid_algorithm,20.0,5
exo,AllHints,durbin,invalid_code,20.0,5
exo,AllHints,durbin,slowdown,40.0,5
exo,AllHints,durbin,speedup_over,0.0,5
exo,AllHints,durbin,speedup_under,20.0,5
exo,AllHints,fdtd-2d,invalid_algorithm,0.0,5
exo,AllHints,fdtd-2d,invalid_code,40.0,5
exo,AllHints,fdtd-2d,slowdown,60.0,5
exo,AllHints,fdtd-2d,speedup_over,0.0,5
exo,AllHints,fdtd-2d,speedup_under,0.0,5
exo,AllHints,floyd-warshall,invalid_algorithm,0.0,5
exo,AllHints,floyd-warshall,invalid_code,0.0,5
exo,AllHints,floyd-warshall,slowdown,0.0,5
exo,AllHints,floyd-warshall,speedup_over,100.0,5
exo,AllHints,floyd-warshall,speedup_under,0.0,5
exo,AllHints,gemm,invalid_algorithm,0.0,5
exo,AllHints,gemm,invalid_code,20.0,5
exo,AllHints,gemm,slowdown,0.0,5
exo,AllHints,gemm,speedup_over,80.0,5
exo,AllHints,gemm,speedup_under,0.0,5
exo,AllHints,gemver,invalid_algorithm,0.0,5
exo,AllHints,gemver,invalid_code,0.0,5
exo,AllHints,gemver,slowdown,20.0,5
exo,AllHints,gemver,speedup_over,20.0,5
exo,AllHints,gemver,speedup_under,60.0,5
exo,AllHints,gesummv,invalid_algorithm,0.0,5
exo,AllHints,gesummv,invalid_code,20.0,5
exo,AllHints,gesummv,slowdown,0.0,5
exo,AllHints,gesummv,speedup_over,80.0,5
exo,AllHints,gesummv,speedup_under,0.0,5
exo,AllHints,gramschmidt,invalid_algorithm,80.0,5
exo,AllHints,gramschmidt,invalid_code,20.0,5
exo,AllHints,gramschmidt,slowdown,0.0,5
exo,AllHints,gramschmidt,speedup_over,0.0,5
exo,AllHints,gramschmidt,speedup_under,0.0,5
exo,AllHints,heat-3d,invalid_algorithm,0.0,5
exo,AllHints,heat-3d,invalid_code,60.0,5
exo,AllHints,heat-3d,slowdown,40.0,5
exo,AllHints,heat-3d,speedup_over,0.0,5
exo,AllHints,heat-3d,speedup_under,0.0,5
exo,AllHints,jacobi-1d,invalid_algorithm,0.0,5
exo,AllHints,jacobi-1d,invalid_code,0.0,5
exo,AllHints,jacobi-1d,slowdown,100.0,5
exo,AllHints,jacobi-1d,speedup_over,0.0,5
exo,AllHints,jacobi-1d,speedup_under,0.0,5
exo,AllHints,jacobi-2d,invalid_algorithm,0.0,5
exo,AllHints,jacobi-2d,invalid_code,60.0,5
exo,AllHints,jacobi-2d,slowdown,40.0,5
exo,AllHints,jacobi-2d,speedup_over,0.0,5
exo,AllHints,jacobi-2d,speedup_under,0.0,5
exo,AllHints,lu,invalid_algorithm,0.0,5
exo,AllHints,lu,invalid_code,0.0,5
exo,AllHints,lu,slowdown,100.0,5
exo,AllHints,lu,speedup_over,0.0,5
exo,AllHints,lu,speedup_under,0.0,5
exo,AllHints,ludcmp,invalid_algorithm,0.0,5
exo,AllHints,ludcmp,invalid_code,60.0,5
exo,AllHints,ludcmp,slowdown,40.0,5
exo,AllHints,ludcmp,speedup_over,0.0,5
exo,AllHints,ludcmp,speedup_under,0.0,5
exo,AllHints,mvt,invalid_algorithm,0.0,5
exo,AllHints,mvt,invalid_code,0.0,5
exo,AllHints,mvt,slowdown,0.0,5
exo,AllHints,mvt,speedup_over,100.0,5
exo,AllHints,mvt,speedup_under,0.0,5
exo,AllHints,nussinov,invalid_algorithm,0.0,5
exo,AllHints,nussinov,invalid_code,40.0,5
exo,AllHints,nussinov,slowdown,0.0,5
exo,AllHints,nussinov,speedup_over,60.0,5
exo,AllHints,nussinov,speedup_under,0.0,5
exo,AllHints,seidel-2d,invalid_algorithm,20.0,5
exo,AllHints,seidel-2d,invalid_code,60.0,5
exo,AllHints,seidel-2d,slowdown,20.0,5
exo,AllHints,seidel-2d,speedup_over,0.0,5
exo,AllHints,seidel-2d,speedup_under,0.0,5
exo,AllHints,symm,invalid_algorithm,0.0,5
exo,AllHints,symm,invalid_code,60.0,5
exo,AllHints,symm,slowdown,0.0,5
exo,AllHints,symm,speedup_over,40.0,5
exo,AllHints,symm,speedup_under,0.0,5
exo,AllHints,syr2k,invalid_algorithm,0.0,5
exo,AllHints,syr2k,invalid_code,0.0,5
exo,AllHints,syr2k,slowdown,0.0,5
exo,AllHints,syr2k,speedup_over,100.0,5
exo,AllHints,syr2k,speedup_under,0.0,5
exo,AllHints,syrk,invalid_algorithm,0.0,5
exo,AllHints,syrk,invalid_code,20.0,5
exo,AllHints,syrk,slowdown,0.0,5
exo,AllHints,syrk,speedup_over,80.0,5
exo,AllHints,syrk,speedup_under,0.0,5
exo,AllHints,trisolv,invalid_algorithm,0.0,5
exo,AllHints,trisolv,invalid_code,0.0,5
exo,AllHints,trisolv,slowdown,100.0,5
exo,AllHints,trisolv,speedup_over,0.0,5
exo,AllHints,trisolv,speedup_under,0.0,5
exo,AllHints,trmm,invalid_algorithm,0.0,5
exo,AllHints,trmm,invalid_code,20.0,5
exo,AllHints,trmm,slowdown,40.0,5
exo,AllHints,trmm,speedup_over,20.0,5
exo,AllHints,trmm,speedup_under,20.0,5
exo,ChooseHints,2mm,invalid_algorithm,0.0,5
exo,ChooseHints,2mm,invalid_code,0.0,5
exo,ChooseHints,2mm,slowdown,0.0,5
exo,ChooseHints,2mm,speedup_over,100.0,5
exo,ChooseHints,2mm,speedup_under,0.0,5
exo,ChooseHints,3mm,invalid_algorithm,0.0,5
exo,ChooseHints,3mm,invalid_code,20.0,5
exo,ChooseHints,3mm,slowdown,0.0,5
exo,ChooseHints,3mm,speedup_over,80.0,5
exo,ChooseHints,3mm,speedup_under,0.0,5
exo,ChooseHints,adi,invalid_algorithm,20.0,5
exo,ChooseHints,adi,invalid_code,0.0,5
exo,ChooseHints,adi,slowdown,0.0,5
exo,ChooseHints,adi,speedup_over,80.0,5
exo,ChooseHints,adi,speedup_under,0.0,5
exo,ChooseHints,atax,invalid_algorithm,0.0,5
exo,ChooseHints,atax,invalid_code,0.0,5
exo,ChooseHints,atax,slowdown,100.0,5
exo,ChooseHints,atax,speedup_over,0.0,5
exo,ChooseHints,atax,speedup_under,0.0,5
exo,ChooseHints,bicg,invalid_algorithm,0.0,5
exo,ChooseHints,bicg,invalid_code,20.0,5
exo,ChooseHints,bicg,slowdown,40.0,5
exo,ChooseHints,bicg,speedup_over,40.0,5
exo,ChooseHints,bicg,speedup_under,0.0,5
exo,ChooseHints,cholesky,invalid_algorithm,0.0,5
exo,ChooseHints,cholesky,invalid_code,20.0,5
exo,ChooseHints,cholesky,slowdown,20.0,5
exo,ChooseHints,cholesky,speedup_over,0.0,5
exo,ChooseHints,cholesky,speedup_under,60.0,5
exo,ChooseHints,correlation,invalid_algorithm,0.0,5
exo,ChooseHints,correlation,invalid_code,0.0,5
exo,ChooseHints,correlation,slowdown,0.0,5
exo,ChooseHints,correlation,speedup_over,100.0,5
exo,ChooseHints,correlation,speedup_under,0.0,5
exo,ChooseHints,covariance,invalid_algorithm,0.0,5
exo,ChooseHints,covariance,invalid_code,20.0,5
exo,ChooseHints,covariance,slowdown,0.0,5
exo,ChooseHints,covariance,speedup_over,80.0,5
exo,ChooseHints,covariance,speedup_under,0.0,5
exo,ChooseHints,deriche,invalid_algorithm,0.0,5
exo,ChooseHints,deriche,invalid_code,80.0,5
exo,ChooseHints,deriche,slowdown,0.0,5
exo,ChooseHints,deriche,speedup_over,20.0,5
exo,ChooseHints,deriche,speedup_under,0.0,5
exo,ChooseHints,doitgen,invalid_algorithm,0.0,5
exo,ChooseHints,doitgen,invalid_code,20.0,5
exo,ChooseHints,doitgen,slowdown,0.0,5
exo,ChooseHints,doitgen,speedup_over,80.0,5
exo,ChooseHints,doitgen,speedup_under,0.0,5
exo,ChooseHints,durbin,invalid_algorithm,0.0,5
exo,ChooseHints,durbin,invalid_code,20.0,5
exo,ChooseHints,durbin,slowdown,80.0,5
exo,ChooseHints,durbin,speedup_over,0.0,5
exo,ChooseHints,durbin,speedup_under,0.0,5
exo,ChooseHints,fdtd-2d,invalid_algorithm,0.0,5
exo,ChooseHints,fdtd-2d,invalid_code,80.0,5
exo,ChooseHints,fdtd-2d,slowdown,20.0,5
exo,ChooseHints,fdtd-2d,speedup_over,0.0,5
exo,ChooseHints,fdtd-2d,speedup_under,0.0,5
exo,ChooseHints,floyd-warshall,invalid_algorithm,0.0,5
exo,ChooseHints,floyd-warshall,invalid_code,60.0,5
exo,ChooseHints,floyd-warshall,slowdown,0.0,5
exo,ChooseHints,floyd-warshall,speedup_over,40.0,5
exo,ChooseHints,floyd-warshall,speedup_under,0.0,5
exo,ChooseHints,gemm,invalid_algorithm,0.0,5
exo,ChooseHints,gemm,invalid_code,40.0,5
exo,ChooseHints,gemm,slowdown,0.0,5
exo,ChooseHints,gemm,speedup_over,60.0,5
exo,ChooseHints,gemm,speedup_under,0.0,5
exo,ChooseHints,gemver,invalid_algorithm,0.0,5
exo,ChooseHints,gemver,invalid_code,60.0,5
exo,ChooseHints,gemver,slowdown,0.0,5
exo,ChooseHints,gemver,speedup_over,20.0,5
exo,ChooseHints,gemver,speedup_under,20.0,5
exo,ChooseHints,gesummv,invalid_algorithm,0.0,5
exo,ChooseHints,gesummv,invalid_code,20.0,5
exo,ChooseHints,gesummv,slowdown,0.0,5
exo,ChooseHints,gesummv,speedup_over,80.0,5
exo,ChooseHints,gesummv,speedup_under,0.0,5
exo,ChooseHints,gramschmidt,invalid_algorithm,80.0,5
exo,ChooseHints,gramschmidt,invalid_code,20.0,5
exo,ChooseHints,gramschmidt,slowdown,0.0,5
exo,ChooseHints,gramschmidt,speedup_over,0.0,5
exo,ChooseHints,gramschmidt,speedup_under,0.0,5
exo,ChooseHints,heat-3d,invalid_algorithm,0.0,5
exo,ChooseHints,heat-3d,invalid_code,60.0,5
exo,ChooseHints,heat-3d,slowdown,40.0,5
exo,ChooseHints,heat-3d,speedup_over,0.0,5
exo,ChooseHints,heat-3d,speedup_under,0.0,5
exo,ChooseHints,jacobi-1d,invalid_algorithm,0.0,5
exo,ChooseHints,jacobi-1d,invalid_code,20.0,5
exo,ChooseHints,jacobi-1d,slowdown,80.0,5
exo,ChooseHints,jacobi-1d,speedup_over,0.0,5
exo,ChooseHints,jacobi-1d,speedup_under,0.0,5
exo,ChooseHints,jacobi-2d,invalid_algorithm,0.0,5
exo,ChooseHints,jacobi-2d,invalid_code,40.0,5
exo,ChooseHints,jacobi-2d,slowdown,60.0,5
exo,ChooseHints,jacobi-2d,speedup_over,0.0,5
exo,ChooseHints,jacobi-2d,speedup_under,0.0,5
exo,ChooseHints,lu,invalid_algorithm,0.0,5
exo,ChooseHints,lu,invalid_code,40.0,5
exo,ChooseHints,lu,slowdown,20.0,5
exo,ChooseHints,lu,speedup_over,20.0,5
exo,ChooseHints,lu,speedup_under,20.0,5
exo,ChooseHints,ludcmp,invalid_algorithm,0.0,5
exo,ChooseHints,ludcmp,invalid_code,40.0,5
exo,ChooseHints,ludcmp,slowdown,40.0,5
exo,ChooseHints,ludcmp,speedup_over,20.0,5
exo,ChooseHints,ludcmp,speedup_under,0.0,5
exo,ChooseHints,mvt,invalid_algorithm,0.0,5
exo,ChooseHints,mvt,invalid_code,0.0,5
exo,ChooseHints,mvt,slowdown,20.0,5
exo,ChooseHints,mvt,speedup_over,60.0,5
exo,ChooseHints,mvt,speedup_under,20.0,5
exo,ChooseHints,nussinov,invalid_algorithm,0.0,5
exo,ChooseHints,nussinov,invalid_code,0.0,5
exo,ChooseHints,nussinov,slowdown,0.0,5
exo,ChooseHints,nussinov,speedup_over,80.0,5
exo,ChooseHints,nussinov,speedup_under,20.0,5
exo,ChooseHints,seidel-2d,invalid_algorithm,0.0,5
exo,ChooseHints,seidel-2d,invalid_code,80.0,5
exo,ChooseHints,seidel-2d,slowdown,20.0,5
exo,ChooseHints,seidel-2d,speedup_over,0.0,5
exo,ChooseHints,seidel-2d,speedup_under,0.0,5
exo,ChooseHints,symm,invalid_algorithm,0.0,5
exo,ChooseHints,symm,invalid_code,40.0,5
exo,ChooseHints,symm,slowdown,40.0,5
exo,ChooseHints,symm,speedup_over,20.0,5
exo,ChooseHints,symm,speedup_under,0.0,5
exo,ChooseHints,syr2k,invalid_algorithm,0.0,5
exo,ChooseHints,syr2k,invalid_code,20.0,5
exo,ChooseHints,syr2k,slowdown,0.0,5
exo,ChooseHints,syr2k,speedup_over,80.0,5
exo,ChooseHints,syr2k,speedup_under,0.0,5
exo,ChooseHints,syrk,invalid_algorithm,0.0,5
exo,ChooseHints,syrk,invalid_code,20.0,5
exo,ChooseHints,syrk,slowdown,0.0,5
exo,ChooseHints,syrk,speedup_over,80.0,5
exo,ChooseHints,syrk,speedup_under,0.0,5
exo,ChooseHints,trisolv,invalid_algorithm,0.0,5
exo,ChooseHints,trisolv,invalid_code,20.0,5
exo,ChooseHints,trisolv,slowdown,60.0,5
exo,ChooseHints,trisolv,speedup_over,0.0,5
exo,ChooseHints,trisolv,speedup_under,20.0,5
exo,ChooseHints,trmm,invalid_algorithm,0.0,5
exo,ChooseHints,trmm,invalid_code,60.0,5
exo,ChooseHints,trmm,slowdown,0.0,5
exo,ChooseHints,trmm,speedup_over,40.0,5
exo,ChooseHints,trmm,speedup_under,0.0,5
exo,FromPlan,2mm,invalid_algorithm,0.0,5
exo,FromPlan,2mm,invalid_code,60.0,5
exo,FromPlan,2mm,slowdown,0.0,5
exo,FromPlan,2mm,speedup_over,40.0,5
exo,FromPlan,2mm,speedup_under,0.0,5
exo,FromPlan,3mm,invalid_algorithm,0.0,5
exo,FromPlan,3mm,invalid_code,40.0,5
exo,FromPlan,3mm,slowdown,0.0,5
exo,FromPlan,3mm,speedup_over,60.0,5
exo,FromPlan,3mm,speedup_under,0.0,5
exo,FromPlan,adi,invalid_algorithm,0.0,5
exo,FromPlan,adi,invalid_code,60.0,5
exo,FromPlan,adi,slowdown,0.0,5
exo,FromPlan,adi,speedup_over,20.0,5
exo,FromPlan,adi,speedup_under,20.0,5
exo,FromPlan,atax,invalid_algorithm,0.0,5
exo,FromPlan,atax,invalid_code,40.0,5
exo,FromPlan,atax,slowdown,60.0,5
exo,FromPlan,atax,speedup_over,0.0,5
exo,FromPlan,atax,speedup_under,0.0,5
exo,FromPlan,bicg,invalid_algorithm,0.0,5
exo,FromPlan,bicg,invalid_code,80.0,5
exo,FromPlan,bicg,slowdown,0.0,5
exo,FromPlan,bicg,speedup_over,0.0,5
exo,FromPlan,bicg,speedup_under,20.0,5
exo,FromPlan,cholesky,invalid_algorithm,0.0,5
exo,FromPlan,cholesky,invalid_code,20.0,5
exo,FromPlan,cholesky,slowdown,0.0,5
exo,FromPlan,cholesky,speedup_over,0.0,5
exo,FromPlan,cholesky,speedup_under,80.0,5
exo,FromPlan,correlation,invalid_algorithm,0.0,5
exo,FromPlan,correlation,invalid_code,40.0,5
exo,FromPlan,correlation,slowdown,0.0,5
exo,FromPlan,correlation,speedup_over,60.0,5
exo,FromPlan,correlation,speedup_under,0.0,5
exo,FromPlan,covariance,invalid_algorithm,0.0,5
exo,FromPlan,covariance,invalid_code,20.0,5
exo,FromPlan,covariance,slowdown,0.0,5
exo,FromPlan,covariance,speedup_over,80.0,5
exo,FromPlan,covariance,speedup_under,0.0,5
exo,FromPlan,deriche,invalid_algorithm,0.0,5
exo,FromPlan,deriche,invalid_code,80.0,5
exo,FromPlan,deriche,slowdown,0.0,5
exo,FromPlan,deriche,speedup_over,20.0,5
exo,FromPlan,deriche,speedup_under,0.0,5
exo,FromPlan,doitgen,invalid_algorithm,0.0,5
exo,FromPlan,doitgen,invalid_code,40.0,5
exo,FromPlan,doitgen,slowdown,0.0,5
exo,FromPlan,doitgen,speedup_over,60.0,5
exo,FromPlan,doitgen,speedup_under,0.0,5
exo,FromPlan,durbin,invalid_algorithm,0.0,5
exo,FromPlan,durbin,invalid_code,60.0,5
exo,FromPlan,durbin,slowdown,40.0,5
exo,FromPlan,durbin,speedup_over,0.0,5
exo,FromPlan,durbin,speedup_under,0.0,5
exo,FromPlan,fdtd-2d,invalid_algorithm,0.0,5
exo,FromPlan,fdtd-2d,invalid_code,60.0,5
exo,FromPlan,fdtd-2d,slowdown,40.0,5
exo,FromPlan,fdtd-2d,speedup_over,0.0,5
exo,FromPlan,fdtd-2d,speedup_under,0.0,5
exo,FromPlan,floyd-warshall,invalid_algorithm,20.0,5
exo,FromPlan,floyd-warshall,invalid_code,0.0,5
exo,FromPlan,floyd-warshall,slowdown,40.0,5
exo,FromPlan,floyd-warshall,speedup_over,20.0,5
exo,FromPlan,floyd-warshall,speedup_under,20.0,5
exo,FromPlan,gemm,invalid_algorithm,0.0,5
exo,FromPlan,gemm,invalid_code,20.0,5
exo,FromPlan,gemm,slowdown,40.0,5
exo,FromPlan,gemm,speedup_over,40.0,5
exo,FromPlan,gemm,speedup_under,0.0,5
exo,FromPlan,gemver,invalid_algorithm,0.0,5
exo,FromPlan,gemver,invalid_code,60.0,5
exo,FromPlan,gemver,slowdown,40.0,5
exo,FromPlan,gemver,speedup_over,0.0,5
exo,FromPlan,gemver,speedup_under,0.0,5
exo,FromPlan,gesummv,invalid_algorithm,0.0,5
exo,FromPlan,gesummv,invalid_code,40.0,5
exo,FromPlan,gesummv,slowdown,0.0,5
exo,FromPlan,gesummv,speedup_over,60.0,5
exo,FromPlan,gesummv,speedup_under,0.0,5
exo,FromPlan,gramschmidt,invalid_algorithm,20.0,5
exo,FromPlan,gramschmidt,invalid_code,80.0,5
exo,FromPlan,gramschmidt,slowdown,0.0,5
exo,FromPlan,gramschmidt,speedup_over,0.0,5
exo,FromPlan,gramschmidt,speedup_under,0.0,5
exo,FromPlan,heat-3d,invalid_algorithm,0.0,5
exo,FromPlan,heat-3d,invalid_code,100.0,5
exo,FromPlan,heat-3d,slowdown,0.0,5
exo,FromPlan,heat-3d,speedup_over,0.0,5
exo,FromPlan,heat-3d,speedup_under,0.0,5
exo,FromPlan,jacobi-1d,invalid_algorithm,0.0,5
exo,FromPlan,jacobi-1d,invalid_code,60.0,5
exo,FromPlan,jacobi-1d,slowdown,40.0,5
exo,FromPlan,jacobi-1d,speedup_over,0.0,5
exo,FromPlan,jacobi-1d,speedup_under,0.0,5
exo,FromPlan,jacobi-2d,invalid_algorithm,0.0,5
exo,FromPlan,jacobi-2d,invalid_code,100.0,5
exo,FromPlan,jacobi-2d,slowdown,0.0,5
exo,FromPlan,jacobi-2d,speedup_over,0.0,5
exo,FromPlan,jacobi-2d,speedup_under,0.0,5
exo,FromPlan,lu,invalid_algorithm,0.0,5
exo,FromPlan,lu,invalid_code,80.0,5
exo,FromPlan,lu,slowdown,0.0,5
exo,FromPlan,lu,speedup_over,0.0,5
exo,FromPlan,lu,speedup_under,20.0,5
exo,FromPlan,ludcmp,invalid_algorithm,0.0,5
exo,FromPlan,ludcmp,invalid_code,80.0,5
exo,FromPlan,ludcmp,slowdown,20.0,5
exo,FromPlan,ludcmp,speedup_over,0.0,5
exo,FromPlan,ludcmp,speedup_under,0.0,5
exo,FromPlan,mvt,invalid_algorithm,0.0,5
exo,FromPlan,mvt,invalid_code,40.0,5
exo,FromPlan,mvt,slowdown,60.0,5
exo,FromPlan,mvt,speedup_over,0.0,5
exo,FromPlan,mvt,speedup_under,0.0,5
exo,FromPlan,nussinov,invalid_algorithm,0.0,5
exo,FromPlan,nussinov,invalid_code,60.0,5
exo,FromPlan,nussinov,slowdown,0.0,5
exo,FromPlan,nussinov,speedup_over,20.0,5
exo,FromPlan,nussinov,speedup_under,20.0,5
exo,FromPlan,seidel-2d,invalid_algorithm,0.0,5
exo,FromPlan,seidel-2d,invalid_code,60.0,5
exo,FromPlan,seidel-2d,slowdown,0.0,5
exo,FromPlan,seidel-2d,speedup_over,0.0,5
exo,FromPlan,seidel-2d,speedup_under,40.0,5
exo,FromPlan,symm,invalid_algorithm,0.0,5
exo,FromPlan,symm,invalid_code,60.0,5
exo,FromPlan,symm,slowdown,40.0,5
exo,FromPlan,symm,speedup_over,0.0,5
exo,FromPlan,symm,speedup_under,0.0,5
exo,FromPlan,syr2k,invalid_algorithm,0.0,5
exo,FromPlan,syr2k,invalid_code,20.0,5
exo,FromPlan,syr2k,slowdown,60.0,5
exo,FromPlan,syr2k,speedup_over,20.0,5
exo,FromPlan,syr2k,speedup_under,0.0,5
exo,FromPlan,syrk,invalid_algorithm,0.0,5
exo,FromPlan,syrk,invalid_code,80.0,5
exo,FromPlan,syrk,slowdown,0.0,5
exo,FromPlan,syrk,speedup_over,20.0,5
exo,FromPlan,syrk,speedup_under,0.0,5
exo,FromPlan,trisolv,invalid_algorithm,0.0,5
exo,FromPlan,trisolv,invalid_code,40.0,5
exo,FromPlan,trisolv,slowdown,60.0,5
exo,FromPlan,trisolv,speedup_over,0.0,5
exo,FromPlan,trisolv,speedup_under,0.0,5
exo,FromPlan,trmm,invalid_algorithm,0.0,5
exo,FromPlan,trmm,invalid_code,60.0,5
exo,FromPlan,trmm,slowdown,0.0,5
exo,FromPlan,trmm,speedup_over,40.0,5
exo,FromPlan,trmm,speedup_under,0.0,5
exo,Naive,2mm,invalid_algorithm,0.0,5
exo,Naive,2mm,invalid_code,40.0,5
exo,Naive,2mm,slowdown,0.0,5
exo,Naive,2mm,speedup_over,60.0,5
exo,Naive,2mm,speedup_under,0.0,5
exo,Naive,3mm,invalid_algorithm,0.0,5
exo,Naive,3mm,invalid_code,0.0,5
exo,Naive,3mm,slowdown,0.0,5
exo,Naive,3mm,speedup_over,80.0,5
exo,Naive,3mm,speedup_under,20.0,5
exo,Naive,adi,invalid_algorithm,0.0,5
exo,Naive,adi,invalid_code,40.0,5
exo,Naive,adi,slowdown,0.0,5
exo,Naive,adi,speedup_over,60.0,5
exo,Naive,adi,speedup_under,0.0,5
exo,Naive,atax,invalid_algorithm,0.0,5
exo,Naive,atax,invalid_code,80.0,5
exo,Naive,atax,slowdown,20.0,5
exo,Naive,atax,speedup_over,0.0,5
exo,Naive,atax,speedup_under,0.0,5
exo,Naive,bicg,invalid_algorithm,0.0,5
exo,Naive,bicg,invalid_code,0.0,5
exo,Naive,bicg,slowdown,80.0,5
exo,Naive,bicg,speedup_over,20.0,5
exo,Naive,bicg,speedup_under,0.0,5
exo,Naive,cholesky,invalid_algorithm,20.0,5
exo,Naive,cholesky,invalid_code,0.0,5
exo,Naive,cholesky,slowdown,40.0,5
exo,Naive,cholesky,speedup_over,0.0,5
exo,Naive,cholesky,speedup_under,40.0,5
exo,Naive,correlation,invalid_algorithm,0.0,5
exo,Naive,correlation,invalid_code,40.0,5
exo,Naive,correlation,slowdown,0.0,5
exo,Naive,correlation,speedup_over,60.0,5
exo,Naive,correlation,speedup_under,0.0,5
exo,Naive,covariance,invalid_algorithm,0.0,5
exo,Naive,covariance,invalid_code,20.0,5
exo,Naive,covariance,slowdown,20.0,5
exo,Naive,covariance,speedup_over,60.0,5
exo,Naive,covariance,speedup_under,0.0,5
exo,Naive,deriche,invalid_algorithm,0.0,5
exo,Naive,deriche,invalid_code,80.0,5
exo,Naive,deriche,slowdown,0.0,5
exo,Naive,deriche,speedup_over,20.0,5
exo,Naive,deriche,speedup_under,0.0,5
exo,Naive,doitgen,invalid_algorithm,0.0,5
exo,Naive,doitgen,invalid_code,20.0,5
exo,Naive,doitgen,slowdown,20.0,5
exo,Naive,doitgen,speedup_over,60.0,5
exo,Naive,doitgen,speedup_under,0.0,5
exo,Naive,durbin,invalid_algorithm,0.0,5
exo,Naive,durbin,invalid_code,60.0,5
exo,Naive,durbin,slowdown,20.0,5
exo,Naive,durbin,speedup_over,0.0,5
exo,Naive,durbin,speedup_under,20.0,5
exo,Naive,fdtd-2d,invalid_algorithm,0.0,5
exo,Naive,fdtd-2d,invalid_code,40.0,5
exo,Naive,fdtd-2d,slowdown,60.0,5
exo,Naive,fdtd-2d,speedup_over,0.0,5
exo,Naive,fdtd-2d,speedup_under,0.0,5
exo,Naive,floyd-warshall,invalid_algorithm,0.0,5
exo,Naive,floyd-warshall,invalid_code,40.0,5
exo,Naive,floyd-warshall,slowdown,0.0,5
exo,Naive,floyd-warshall,speedup_over,60.0,5
exo,Naive,floyd-warshall,speedup_under,0.0,5
exo,Naive,gemm,invalid_algorithm,0.0,5
exo,Naive,gemm,invalid_code,40.0,5
exo,Naive,gemm,slowdown,20.0,5
exo,Naive,gemm,speedup_over,40.0,5
exo,Naive,gemm,speedup_under,0.0,5
exo,Naive,gemver,invalid_algorithm,0.0,5
exo,Naive,gemver,invalid_code,80.0,5
exo,Naive,gemver,slowdown,0.0,5
exo,Naive,gemver,speedup_over,20.0,5
exo,Naive,gemver,speedup_under,0.0,5
exo,Naive,gesummv,invalid_algorithm,0.0,5
exo,Naive,gesummv,invalid_code,0.0,5
exo,Naive,gesummv,slowdown,40.0,5
exo,Naive,gesummv,speedup_over,40.0,5
exo,Naive,gesummv,speedup_under,20.0,5
exo,Naive,gramschmidt,invalid_algorithm,60.0,5
exo,Naive,gramschmidt,invalid_code,40.0,5
exo,Naive,gramschmidt,slowdown,0.0,5
exo,Naive,gramschmidt,speedup_over,0.0,5
exo,Naive,gramschmidt,speedup_under,0.0,5
exo,Naive,heat-3d,invalid_algorithm,0.0,5
exo,Naive,heat-3d,invalid_code,40.0,5
exo,Naive,heat-3d,slowdown,60.0,5
exo,Naive,heat-3d,speedup_over,0.0,5
exo,Naive,heat-3d,speedup_under,0.0,5
exo,Naive,jacobi-1d,invalid_algorithm,0.0,5
exo,Naive,jacobi-1d,invalid_code,40.0,5
exo,Naive,jacobi-1d,slowdown,60.0,5
exo,Naive,jacobi-1d,speedup_over,0.0,5
exo,Naive,jacobi-1d,speedup_under,0.0,5
exo,Naive,jacobi-2d,invalid_algorithm,0.0,5
exo,Naive,jacobi-2d,invalid_code,80.0,5
exo,Naive,jacobi-2d,slowdown,20.0,5
exo,Naive,jacobi-2d,speedup_over,0.0,5
exo,Naive,jacobi-2d,speedup_under,0.0,5
exo,Naive,lu,invalid_algorithm,0.0,5
exo,Naive,lu,invalid_code,0.0,5
exo,Naive,lu,slowdown,20.0,5
exo,Naive,lu,speedup_over,80.0,5
exo,Naive,lu,speedup_under,0.0,5
exo,Naive,ludcmp,invalid_algorithm,0.0,5
exo,Naive,ludcmp,invalid_code,20.0,5
exo,Naive,ludcmp,slowdown,40.0,5
exo,Naive,ludcmp,speedup_over,20.0,5
exo,Naive,ludcmp,speedup_under,20.0,5
exo,Naive,mvt,invalid_algorithm,0.0,5
exo,Naive,mvt,invalid_code,40.0,5
exo,Naive,mvt,slowdown,0.0,5
exo,Naive,mvt,speedup_over,60.0,5
exo,Naive,mvt,speedup_under,0.0,5
exo,Naive,nussinov,invalid_algorithm,0.0,5
exo,Naive,nussinov,invalid_code,60.0,5
exo,Naive,nussinov,slowdown,0.0,5
exo,Naive,nussinov,speedup_over,0.0,5
exo,Naive,nussinov,speedup_under,40.0,5
exo,Naive,seidel-2d,invalid_algorithm,20.0,5
exo,Naive,seidel-2d,invalid_code,60.0,5
exo,Naive,seidel-2d,slowdown,20.0,5
exo,Naive,seidel-2d,speedup_over,0.0,5
exo,Naive,seidel-2d,speedup_under,0.0,5
exo,Naive,symm,invalid_algorithm,0.0,5
exo,Naive,symm,invalid_code,20.0,5
exo,Naive,symm,slowdown,20.0,5
exo,Naive,symm,speedup_over,40.0,5
exo,Naive,symm,speedup_under,20.0,5
exo,Naive,syr2k,invalid_algorithm,0.0,5
exo,Naive,syr2k,invalid_code,0.0,5
exo,Naive,syr2k,slowdown,40.0,5
exo,Naive,syr2k,speedup_over,60.0,5
exo,Naive,syr2k,speedup_under,0.0,5
exo,Naive,syrk,invalid_algorithm,0.0,5
exo,Naive,syrk,invalid_code,20.0,5
exo,Naive,syrk,slowdown,20.0,5
exo,Naive,syrk,speedup_over,60.0,5
exo,Naive,syrk,speedup_under,0.0,5
exo,Naive,trisolv,invalid_algorithm,0.0,5
exo,Naive,trisolv,invalid_code,20.0,5
exo,Naive,trisolv,slowdown,80.0,5
exo,Naive,trisolv,speedup_over,0.0,5
exo,Naive,trisolv,speedup_under,0.0,5
exo,Naive,trmm,invalid_algorithm,0.0,5
exo,Naive,trmm,invalid_code,20.0,5
exo,Naive,trmm,slowdown,20.0,5
exo,Naive,trmm,speedup_over,40.0,5
exo,Naive,trmm,speedup_under,20.0,5
halide,AllHints,2mm,invalid_algorithm,40.0,5
halide,AllHints,2mm,invalid_code,60.0,5
halide,AllHints,2mm,slowdown,0.0,5
halide,AllHints,2mm,speedup_over,0.0,5
halide,AllHints,2mm,speedup_under,0.0,5
halide,AllHints,3mm,invalid_algorithm,60.0,5
halide,AllHints,3mm,invalid_code,40.0,5
halide,AllHints,3mm,slowdown,0.0,5
halide,AllHints,3mm,speedup_over,0.0,5
halide,AllHints,3mm,speedup_under,0.0,5
halide,AllHints,adi,invalid_algorithm,40.0,5
halide,AllHints,adi,invalid_code,60.0,5
halide,AllHints,adi,slowdown,0.0,5
halide,AllHints,adi,speedup_over,0.0,5
halide,AllHints,adi,speedup_under,0.0,5
halide,AllHints,atax,invalid_algorithm,20.0,5
halide,AllHints,atax,invalid_code,80.0,5
halide,AllHints,atax,slowdown,0.0,5
halide,AllHints,atax,speedup_over,0.0,5
halide,AllHints,atax,speedup_under,0.0,5
halide,AllHints,bicg,invalid_algorithm,20.0,5
halide,AllHints,bicg,invalid_code,60.0,5
halide,AllHints,bicg,slowdown,20.0,5
halide,AllHints,bicg,speedup_over,0.0,5
halide,AllHints,bicg,speedup_under,0.0,5
halide,AllHints,cholesky,invalid_algorithm,60.0,5
halide,AllHints,cholesky,invalid_code,20.0,5
halide,AllHints,cholesky,slowdown,20.0,5
halide,AllHints,cholesky,speedup_over,0.0,5
halide,AllHints,cholesky,speedup_under,0.0,5
halide,AllHints,correlation,invalid_algorithm,60.0,5
halide,AllHints,correlation,invalid_code,20.0,5
halide,AllHints,correlation,slowdown,20.0,5
halide,AllHints,correlation,speedup_over,0.0,5
halide,AllHints,correlation,speedup_under,0.0,5
halide,AllHints,covariance,invalid_algorithm,40.0,5
halide,AllHints,covariance,invalid_code,60.0,5
halide,AllHints,covariance,slowdown,0.0,5
halide,AllHints,covariance,speedup_over,0.0,5
halide,AllHints,covariance,speedup_under,0.0,5
halide,AllHints,deriche,invalid_algorithm,0.0,5
halide,AllHints,deriche,invalid_code,40.0,5
halide,AllHints,deriche,slowdown,60.0,5
halide,AllHints,deriche,speedup_over,0.0,5
halide,AllHints,deriche,speedup_under,0.0,5
halide,AllHints,doitgen,invalid_algorithm,40.0,5
halide,AllHints,doitgen,invalid_code,60.0,5
halide,AllHints,doitgen,slowdown,0.0,5
halide,AllHints,doitgen,speedup_over,0.0,5
halide,AllHints,doitgen,speedup_under,0.0,5
halide,AllHints,durbin,invalid_algorithm,0.0,5
halide,AllHints,durbin,invalid_code,100.0,5
halide,AllHints,durbin,slowdown,0.0,5
halide,AllHints,durbin,speedup_over,0.0,5
halide,AllHints,durbin,speedup_under,0.0,5
halide,AllHints,fdtd-2d,invalid_algorithm,20.0,5
halide,AllHints,fdtd-2d,invalid_code,60.0,5
halide,AllHints,fdtd-2d,slowdown,20.0,5
halide,AllHints,fdtd-2d,speedup_over,0.0,5
halide,AllHints,fdtd-2d,speedup_under,0.0,5
halide,AllHints,floyd-warshall,invalid_algorithm,100.0,5
halide,AllHints,floyd-warshall,invalid_code,0.0,5
halide,AllHints,floyd-warshall,slowdown,0.0,5
halide,AllHints,floyd-warshall,speedup_over,0.0,5
halide,AllHints,floyd-warshall,speedup_under,0.0,5
halide,AllHints,gemm,invalid_algorithm,0.0,5
halide,AllHints,gemm,invalid_code,100.0,5
halide,AllHints,gemm,slowdown,0.0,5
halide,AllHints,gemm,speedup_over,0.0,5
halide,AllHints,gemm,speedup_under,0.0,5
halide,AllHints,gemver,invalid_algorithm,0.0,5
halide,AllHints,gemver,invalid_code,100.0,5
halide,AllHints,gemver,slowdown,0.0,5
halide,AllHints,gemver,speedup_over,0.0,5
halide,AllHints,gemver,speedup_under,0.0,5
halide,AllHints,gesummv,invalid_algorithm,0.0,5
halide,AllHints,gesummv,invalid_code,100.0,5
halide,AllHints,gesummv,slowdown,0.0,5
halide,AllHints,gesummv,speedup_over,0.0,5
halide,AllHints,gesummv,speedup_under,0.0,5
halide,AllHints,gramschmidt,invalid_algorithm,0.0,5
halide,AllHints,gramschmidt,invalid_code,100.0,5
halide,AllHints,gramschmidt,slowdown,0.0,5
halide,AllHints,gramschmidt,speedup_over,0.0,5
halide,AllHints,gramschmidt,speedup_under,0.0,5
halide,AllHints,heat-3d,invalid_algorithm,0.0,5
halide,AllHints,heat-3d,invalid_code,0.0,5
halide,AllHints,heat-3d,slowdown,100.0,5
halide,AllHints,heat-3d,speedup_over,0.0,5
halide,AllHints,heat-3d,speedup_under,0.0,5
halide,AllHints,jacobi-1d,invalid_algorithm,60.0,5
halide,AllHints,jacobi-1d,invalid_code,40.0,5
halide,AllHints,jacobi-1d,slowdown,0.0,5
halide,AllHints,jacobi-1d,speedup_over,0.0,5
halide,AllHints,jacobi-1d,speedup_under,0.0,5
halide,AllHints,jacobi-2d,invalid_algorithm,60.0,5
halide,AllHints,jacobi-2d,invalid_code,40.0,5
halide,AllHints,jacobi-2d,slowdown,0.0,5
halide,AllHints,jacobi-2d,speedup_over,0.0,5
halide,AllHints,jacobi-2d,speedup_under,0.0,5
halide,AllHints,lu,invalid_algorithm,0.0,5
halide,AllHints,lu,invalid_code,100.0,5
halide,AllHints,lu,slowdown,0.0,5
halide,AllHints,lu,speedup_over,0.0,5
halide,AllHints,lu,speedup_under,0.0,5
halide,AllHints,ludcmp,invalid_algorithm,0.0,5
halide,AllHints,ludcmp,invalid_code,60.0,5
halide,AllHints,ludcmp,slowdown,40.0,5
halide,AllHints,ludcmp,speedup_over,0.0,5
halide,AllHints,ludcmp,speedup_under,0.0,5
halide,AllHints,mvt,invalid_algorithm,0.0,5
halide,AllHints,mvt,invalid_code,60.0,5
halide,AllHints,mvt,slowdown,40.0,5
halide,AllHints,mvt,speedup_over,0.0,5
halide,AllHints,mvt,speedup_under,0.0,5
halide,AllHints,nussinov,invalid_algorithm,0.0,5
halide,AllHints,nussinov,invalid_code,80.0,5
halide,AllHints,nussinov,slowdown,0.0,5
halide,AllHints,nussinov,speedup_over,20.0,5
halide,AllHints,nussinov,speedup_under,0.0,5
halide,AllHints,seidel-2d,invalid_algorithm,40.0,5
halide,AllHints,seidel-2d,invalid_code,60.0,5
halide,AllHints,seidel-2d,slowdown,0.0,5
halide,AllHints,seidel-2d,speedup_over,0.0,5
halide,AllHints,seidel-2d,speedup_under,0.0,5
halide,AllHints,symm,invalid_algorithm,0.0,5
halide,AllHints,symm,invalid_code,100.0,5
halide,AllHints,symm,slowdown,0.0,5
halide,AllHints,symm,speedup_over,0.0,5
halide,AllHints,symm,speedup_under,0.0,5
halide,AllHints,syr2k,invalid_algorithm,20.0,5
halide,AllHints,syr2k,invalid_code,80.0,5
halide,AllHints,syr2k,slowdown,0.0,5
halide,AllHints,syr2k,speedup_over,0.0,5
halide,AllHints,syr2k,speedup_under,0.0,5
halide,AllHints,syrk,invalid_algorithm,40.0,5
halide,AllHints,syrk,invalid_code,40.0,5
halide,AllHints,syrk,slowdown,0.0,5
halide,AllHints,syrk,speedup_over,20.0,5
halide,AllHints,syrk,speedup_under,0.0,5
halide,AllHints,trisolv,invalid_algorithm,0.0,5
halide,AllHints,trisolv,invalid_code,100.0,5
halide,AllHints,trisolv,slowdown,0.0,5
halide,AllHints,trisolv,speedup_over,0.0,5
halide,AllHints,trisolv,speedup_under,0.0,5
halide,AllHints,trmm,invalid_algorithm,40.0,5
halide,AllHints,trmm,invalid_code,60.0,5
halide,AllHints,trmm,slowdown,0.0,5
halide,AllHints,trmm,speedup_over,0.0,5
halide,AllHints,trmm,speedup_under,0.0,5
halide,ChooseHints,2mm,invalid_algorithm,80.0,5
halide,ChooseHints,2mm,invalid_code,20.0,5
halide,ChooseHints,2mm,slowdown,0.0,5
halide,ChooseHints,2mm,speedup_over,0.0,5
halide,ChooseHints,2mm,speedup_under,0.0,5
halide,ChooseHints,3mm,invalid_algorithm,40.0,5
halide,ChooseHints,3mm,invalid_code,60.0,5
halide,ChooseHints,3mm,slowdown,0.0,5
halide,ChooseHints,3mm,speedup_over,0.0,5
halide,ChooseHints,3mm,speedup_under,0.0,5
halide,ChooseHints,adi,invalid_algorithm,20.0,5
halide,ChooseHints,adi,invalid_code,20.0,5
halide,ChooseHints,adi,slowdown,60.0,5
halide,ChooseHints,adi,speedup_over,0.0,5
halide,ChooseHints,adi,speedup_under,0.0,5
halide,ChooseHints,atax,invalid_algorithm,0.0,5
halide,ChooseHints,atax,invalid_code,100.0,5
halide,ChooseHints,atax,slowdown,0.0,5
halide,ChooseHints,atax,speedup_over,0.0,5
halide,ChooseHints,atax,speedup_under,0.0,5
halide,ChooseHints,bicg,invalid_algorithm,0.0,5
halide,ChooseHints,bicg,invalid_code,100.0,5
halide,ChooseHints,bicg,slowdown,0.0,5
halide,ChooseHints,bicg,speedup_over,0.0,5
halide,ChooseHints,bicg,speedup_under,0.0,5
halide,ChooseHints,cholesky,invalid_algorithm,0.0,5
halide,ChooseHints,cholesky,invalid_code,80.0,5
halide,ChooseHints,cholesky,slowdown,20.0,5
halide,ChooseHints,cholesky,speedup_over,0.0,5
halide,ChooseHints,cholesky,speedup_under,0.0,5
halide,ChooseHints,correlation,invalid_algorithm,60.0,5
halide,ChooseHints,correlation,invalid_code,40.0,5
halide,ChooseHints,correlation,slowdown,0.0,5
halide,ChooseHints,correlation,speedup_over,0.0,5
halide,ChooseHints,correlation,speedup_under,0.0,5
halide,ChooseHints,covariance,invalid_algorithm,20.0,5
halide,ChooseHints,covariance,invalid_code,60.0,5
halide,ChooseHints,covariance,slowdown,0.0,5
halide,ChooseHints,covariance,speedup_over,20.0,5
halide,ChooseHints,covariance,speedup_under,0.0,5
halide,ChooseHints,deriche,invalid_algorithm,0.0,5
halide,ChooseHints,deriche,invalid_code,20.0,5
halide,ChooseHints,deriche,slowdown,80.0,5
halide,ChooseHints,deriche,speedup_over,0.0,5
halide,ChooseHints,deriche,speedup_under,0.0,5
halide,ChooseHints,doitgen,invalid_algorithm,80.0,5
halide,ChooseHints,doitgen,invalid_code,20.0,5
halide,ChooseHints,doitgen,slowdown,0.0,5
halide,ChooseHints,doitgen,speedup_over,0.0,5
halide,ChooseHints,doitgen,speedup_under,0.0,5
halide,ChooseHints,durbin,invalid_algorithm,0.0,5
halide,ChooseHints,durbin,invalid_code,100.0,5
halide,ChooseHints,durbin,slowdown,0.0,5
halide,ChooseHints,durbin,speedup_over,0.0,5
halide,ChooseHints,durbin,speedup_under,0.0,5
halide,ChooseHints,fdtd-2d,invalid_algorithm,20.0,5
halide,ChooseHints,fdtd-2d,invalid_code,60.0,5
halide,ChooseHints,fdtd-2d,slowdown,20.0,5
halide,ChooseHints,fdtd-2d,speedup_over,0.0,5
halide,ChooseHints,fdtd-2d,speedup_under,0.0,5
halide,ChooseHints,floyd-warshall,invalid_algorithm,40.0,5
halide,ChooseHints,floyd-warshall,invalid_code,20.0,5
halide,ChooseHints,floyd-warshall,slowdown,40.0,5
halide,ChooseHints,floyd-warshall,speedup_over,0.0,5
halide,ChooseHints,floyd-warshall,speedup_under,0.0,5
halide,ChooseHints,gemm,invalid_algorithm,0.0,5
halide,ChooseHints,gemm,invalid_code,100.0,5
halide,ChooseHints,gemm,slowdown,0.0,5
halide,ChooseHints,gemm,speedup_over,0.0,5
halide,ChooseHints,gemm,speedup_under,0.0,5
halide,ChooseHints,gemver,invalid_algorithm,0.0,5
halide,ChooseHints,gemver,invalid_code,100.0,5
halide,ChooseHints,gemver,slowdown,0.0,5
halide,ChooseHints,gemver,speedup_over,0.0,5
halide,ChooseHints,gemver,speedup_under,0.0,5
halide,ChooseHints,gesummv,invalid_algorithm,0.0,5
halide,ChooseHints,gesummv,invalid_code,100.0,5
halide,ChooseHints,gesummv,slowdown,0.0,5
halide,ChooseHints,gesummv,speedup_over,0.0,5
halide,ChooseHints,gesummv,speedup_under,0.0,5
halide,ChooseHints,gramschmidt,invalid_algorithm,0.0,5
halide,ChooseHints,gramschmidt,invalid_code,100.0,5
halide,ChooseHints,gramschmidt,slowdown,0.0,5
halide,ChooseHints,gramschmidt,speedup_over,0.0,5
halide,ChooseHints,gramschmidt,speedup_under,0.0,5
halide,ChooseHints,heat-3d,invalid_algorithm,0.0,5
halide,ChooseHints,heat-3d,invalid_code,0.0,5
halide,ChooseHints,heat-3d,slowdown,100.0,5
halide,ChooseHints,heat-3d,speedup_over,0.0,5
halide,ChooseHints,heat-3d,speedup_under,0.0,5
halide,ChooseHints,jacobi-1d,invalid_algorithm,20.0,5
halide,ChooseHints,jacobi-1d,invalid_code,60.0,5
halide,ChooseHints,jacobi-1d,slowdown,20.0,5
halide,ChooseHints,jacobi-1d,speedup_over,0.0,5
halide,ChooseHints,jacobi-1d,speedup_under,0.0,5
halide,ChooseHints,jacobi-2d,invalid_algorithm,80.0,5
halide,ChooseHints,jacobi-2d,invalid_code,20.0,5
halide,ChooseHints,jacobi-2d,slowdown,0.0,5
halide,ChooseHints,jacobi-2d,speedup_over,0.0,5
halide,ChooseHints,jacobi-2d,speedup_under,0.0,5
halide,ChooseHints,lu,invalid_algorithm,0.0,5
halide,ChooseHints,lu,invalid_code,40.0,5
halide,ChooseHints,lu,slowdown,60.0,5
halide,ChooseHints,lu,speedup_over,0.0,5
halide,ChooseHints,lu,speedup_under,0.0,5
halide,ChooseHints,ludcmp,invalid_algorithm,0.0,5
halide,ChooseHints,ludcmp,invalid_code,80.0,5
halide,ChooseHints,ludcmp,slowdown,20.0,5
halide,ChooseHints,ludcmp,speedup_over,0.0,5
halide,ChooseHints,ludcmp,speedup_under,0.0,5
halide,ChooseHints,mvt,invalid_algorithm,20.0,5
halide,ChooseHints,mvt,invalid_code,60.0,5
halide,ChooseHints,mvt,slowdown,20.0,5
halide,ChooseHints,mvt,speedup_over,0.0,5
halide,ChooseHints,mvt,speedup_under,0.0,5
halide,ChooseHints,nussinov,invalid_algorithm,20.0,5
halide,ChooseHints,nussinov,invalid_code,60.0,5
halide,ChooseHints,nussinov,slowdown,20.0,5
halide,ChooseHints,nussinov,speedup_over,0.0,5
halide,ChooseHints,nussinov,speedup_under,0.0,5
halide,ChooseHints,seidel-2d,invalid_algorithm,20.0,5
halide,ChooseHints,seidel-2d,invalid_code,80.0,5
halide,ChooseHints,seidel-2d,slowdown,0.0,5
halide,ChooseHints,seidel-2d,speedup_over,0.0,5
halide,ChooseHints,seidel-2d,speedup_under,0.0,5
halide,ChooseHints,symm,invalid_algorithm,40.0,5
halide,ChooseHints,symm,invalid_code,60.0,5
halide,ChooseHints,symm,slowdown,0.0,5
halide,ChooseHints,symm,speedup_over,0.0,5
halide,ChooseHints,symm,speedup_under,0.0,5
halide,ChooseHints,syr2k,invalid_algorithm,20.0,5
halide,ChooseHints,syr2k,invalid_code,80.0,5
halide,ChooseHints,syr2k,slowdown,0.0,5
halide,ChooseHints,syr2k,speedup_over,0.0,5
halide,ChooseHints,syr2k,speedup_under,0.0,5
halide,ChooseHints,syrk,invalid_algorithm,60.0,5
halide,ChooseHints,syrk,invalid_code,40.0,5
halide,ChooseHints,syrk,slowdown,0.0,5
halide,ChooseHints,syrk,speedup_over,0.0,5
halide,ChooseHints,syrk,speedup_under,0.0,5
halide,ChooseHints,trisolv,invalid_algorithm,0.0,5
halide,ChooseHints,trisolv,invalid_code,80.0,5
halide,ChooseHints,trisolv,slowdown,20.0,5
halide,ChooseHints,trisolv,speedup_over,0.0,5
halide,ChooseHints,trisolv,speedup_under,0.0,5
halide,ChooseHints,trmm,invalid_algorithm,0.0,5
halide,ChooseHints,trmm,invalid_code,100.0,5
halide,ChooseHints,trmm,slowdown,0.0,5
halide,ChooseHints,trmm,speedup_over,0.0,5
halide,ChooseHints,trmm,speedup_under,0.0,5
halide,FromPlan,2mm,invalid_algorithm,60.0,5
halide,FromPlan,2mm,invalid_code,40.0,5
halide,FromPlan,2mm,slowdown,0.0,5
halide,FromPlan,2mm,speedup_over,0.0,5
halide,FromPlan,2mm,speedup_under,0.0,5
halide,FromPlan,3mm,invalid_algorithm,20.0,5
halide,FromPlan,3mm,invalid_code,80.0,5
halide,FromPlan,3mm,slowdown,0.0,5
halide,FromPlan,3mm,speedup_over,0.0,5
halide,FromPlan,3mm,speedup_under,0.0,5
halide,FromPlan,adi,invalid_algorithm,20.0,5
halide,FromPlan,adi,invalid_code,60.0,5
halide,FromPlan,adi,slowdown,0.0,5
halide,FromPlan,adi,speedup_over,0.0,5
halide,FromPlan,adi,speedup_under,20.0,5
halide,FromPlan,atax,invalid_algorithm,0.0,5
halide,FromPlan,atax,invalid_code,100.0,5
halide,FromPlan,atax,slowdown,0.0,5
halide,FromPlan,atax,speedup_over,0.0,5
halide,FromPlan,atax,speedup_under,0.0,5
halide,FromPlan,bicg,invalid_algorithm,0.0,5
halide,FromPlan,bicg,invalid_code,60.0,5
halide,FromPlan,bicg,slowdown,40.0,5
halide,FromPlan,bicg,speedup_over,0.0,5
halide,FromPlan,bicg,speedup_under,0.0,5
halide,FromPlan,cholesky,invalid_algorithm,0.0,5
halide,FromPlan,cholesky,invalid_code,100.0,5
halide,FromPlan,cholesky,slowdown,0.0,5
halide,FromPlan,cholesky,speedup_over,0.0,5
halide,FromPlan,cholesky,speedup_under,0.0,5
halide,FromPlan,correlation,invalid_algorithm,0.0,5
halide,FromPlan,correlation,invalid_code,100.0,5
halide,FromPlan,correlation,slowdown,0.0,5
halide,FromPlan,correlation,speedup_over,0.0,5
halide,FromPlan,correlation,speedup_under,0.0,5
halide,FromPlan,covariance,invalid_algorithm,0.0,5
halide,FromPlan,covariance,invalid_code,100.0,5
halide,FromPlan,covariance,slowdown,0.0,5
halide,FromPlan,covariance,speedup_over,0.0,5
halide,FromPlan,covariance,speedup_under,0.0,5
halide,FromPlan,deriche,invalid_algorithm,0.0,5
halide,FromPlan,deriche,invalid_code,40.0,5
halide,FromPlan,deriche,slowdown,60.0,5
halide,FromPlan,deriche,speedup_over,0.0,5
halide,FromPlan,deriche,speedup_under,0.0,5
halide,FromPlan,doitgen,invalid_algorithm,20.0,5
halide,FromPlan,doitgen,invalid_code,80.0,5
halide,FromPlan,doitgen,slowdown,0.0,5
halide,FromPlan,doitgen,speedup_over,0.0,5
halide,FromPlan,doitgen,speedup_under,0.0,5
halide,FromPlan,durbin,invalid_algorithm,0.0,5
halide,FromPlan,durbin,invalid_code,80.0,5
halide,FromPlan,durbin,slowdown,20.0,5
halide,FromPlan,durbin,speedup_over,0.0,5
halide,FromPlan,durbin,speedup_under,0.0,5
halide,FromPlan,fdtd-2d,invalid_algorithm,20.0,5
halide,FromPlan,fdtd-2d,invalid_code,60.0,5
halide,FromPlan,fdtd-2d,slowdown,20.0,5
halide,FromPlan,fdtd-2d,speedup_over,0.0,5
halide,FromPlan,fdtd-2d,speedup_under,0.0,5
halide,FromPlan,floyd-warshall,invalid_algorithm,80.0,5
halide,FromPlan,floyd-warshall,invalid_code,0.0,5
halide,FromPlan,floyd-warshall,slowdown,20.0,5
halide,FromPlan,floyd-warshall,speedup_over,0.0,5
halide,FromPlan,floyd-warshall,speedup_under,0.0,5
halide,FromPlan,gemm,invalid_algorithm,0.0,5
halide,FromPlan,gemm,invalid_code,40.0,5
halide,FromPlan,gemm,slowdown,60.0,5
halide,FromPlan,gemm,speedup_over,0.0,5
halide,FromPlan,gemm,speedup_under,0.0,5
halide,FromPlan,gemver,invalid_algorithm,0.0,5
halide,FromPlan,gemver,invalid_code,100.0,5
halide,FromPlan,gemver,slowdown,0.0,5
halide,FromPlan,gemver,speedup_over,0.0,5
halide,FromPlan,gemver,speedup_under,0.0,5
halide,FromPlan,gesummv,invalid_algorithm,20.0,5
halide,FromPlan,gesummv,invalid_code,80.0,5
halide,FromPlan,gesummv,slowdown,0.0,5
halide,FromPlan,gesummv,speedup_over,0.0,5
halide,FromPlan,gesummv,speedup_under,0.0,5
halide,FromPlan,gramschmidt,invalid_algorithm,0.0,5
halide,FromPlan,gramschmidt,invalid_code,100.0,5
halide,FromPlan,gramschmidt,slowdown,0.0,5
halide,FromPlan,gramschmidt,speedup_over,0.0,5
halide,FromPlan,gramschmidt,speedup_under,0.0,5
halide,FromPlan,heat-3d,invalid_algorithm,20.0,5
halide,FromPlan,heat-3d,invalid_code,20.0,5
halide,FromPlan,heat-3d,slowdown,60.0,5
halide,FromPlan,heat-3d,speedup_over,0.0,5
halide,FromPlan,heat-3d,speedup_under,0.0,5
halide,FromPlan,jacobi-1d,invalid_algorithm,40.0,5
halide,FromPlan,jacobi-1d,invalid_code,40.0,5
halide,FromPlan,jacobi-1d,slowdown,20.0,5
halide,FromPlan,jacobi-1d,speedup_over,0.0,5
halide,FromPlan,jacobi-1d,speedup_under,0.0,5
halide,FromPlan,jacobi-2d,invalid_algorithm,100.0,5
halide,FromPlan,jacobi-2d,invalid_code,0.0,5
halide,FromPlan,jacobi-2d,slowdown,0.0,5
halide,FromPlan,jacobi-2d,speedup_over,0.0,5
halide,FromPlan,jacobi-2d,speedup_under,0.0,5
halide,FromPlan,lu,invalid_algorithm,0.0,5
halide,FromPlan,lu,invalid_code,80.0,5
halide,FromPlan,lu,slowdown,20.0,5
halide,FromPlan,lu,speedup_over,0.0,5
halide,FromPlan,lu,speedup_under,0.0,5
halide,FromPlan,ludcmp,invalid_algorithm,0.0,5
halide,FromPlan,ludcmp,invalid_code,100.0,5
halide,FromPlan,ludcmp,slowdown,0.0,5
halide,FromPlan,ludcmp,speedup_over,0.0,5
halide,FromPlan,ludcmp,speedup_under,0.0,5
halide,FromPlan,mvt,invalid_algorithm,0.0,5
halide,FromPlan,mvt,invalid_code,80.0,5
halide,FromPlan,mvt,slowdown,20.0,5
halide,FromPlan,mvt,speedup_over,0.0,5
halide,FromPlan,mvt,speedup_under,0.0,5
halide,FromPlan,nussinov,invalid_algorithm,0.0,5
halide,FromPlan,nussinov,invalid_code,100.0,5
halide,FromPlan,nussinov,slowdown,0.0,5
halide,FromPlan,nussinov,speedup_over,0.0,5
halide,FromPlan,nussinov,speedup_under,0.0,5
halide,FromPlan,seidel-2d,invalid_algorithm,0.0,5
halide,FromPlan,seidel-2d,invalid_code,100.0,5
halide,FromPlan,seidel-2d,slowdown,0.0,5
halide,FromPlan,seidel-2d,speedup_over,0.0,5
halide,FromPlan,seidel-2d,speedup_under,0.0,5
halide,FromPlan,symm,invalid_algorithm,0.0,5
halide,FromPlan,symm,invalid_code,60.0,5
halide,FromPlan,symm,slowdown,0.0,5
halide,FromPlan,symm,speedup_over,40.0,5
halide,FromPlan,symm,speedup_under,0.0,5
halide,FromPlan,syr2k,invalid_algorithm,20.0,5
halide,FromPlan,syr2k,invalid_code,60.0,5
halide,FromPlan,syr2k,slowdown,20.0,5
halide,FromPlan,syr2k,speedup_over,0.0,5
halide,FromPlan,syr2k,speedup_under,0.0,5
halide,FromPlan,syrk,invalid_algorithm,0.0,5
halide,FromPlan,syrk,invalid_code,60.0,5
halide,FromPlan,syrk,slowdown,0.0,5
halide,FromPlan,syrk,speedup_over,40.0,5
halide,FromPlan,syrk,speedup_under,0.0,5
halide,FromPlan,trisolv,invalid_algorithm,0.0,5
halide,FromPlan,trisolv,invalid_code,80.0,5
halide,FromPlan,trisolv,slowdown,20.0,5
halide,FromPlan,trisolv,speedup_over,0.0,5
halide,FromPlan,trisolv,speedup_under,0.0,5
halide,FromPlan,trmm,invalid_algorithm,0.0,5
halide,FromPlan,trmm,invalid_code,100.0,5
halide,FromPlan,trmm,slowdown,0.0,5
halide,FromPlan,trmm,speedup_over,0.0,5
halide,FromPlan,trmm,speedup_under,0.0,5
halide,Naive,2mm,invalid_algorithm,60.0,5
halide,Naive,2mm,invalid_code,40.0,5
halide,Naive,2mm,slowdown,0.0,5
halide,Naive,2mm,speedup_over,0.0,5
halide,Naive,2mm,speedup_under,0.0,5
halide,Naive,3mm,invalid_algorithm,60.0,5
halide,Naive,3mm,invalid_code,40.0,5
halide,Naive,3mm,slowdown,0.0,5
halide,Naive,3mm,speedup_over,0.0,5
halide,Naive,3mm,speedup_under,0.0,5
halide,Naive,adi,invalid_algorithm,40.0,5
halide,Naive,adi,invalid_code,20.0,5
halide,Naive,adi,slowdown,40.0,5
halide,Naive,adi,speedup_over,0.0,5
halide,Naive,adi,speedup_under,0.0,5
halide,Naive,atax,invalid_algorithm,0.0,5
halide,Naive,atax,invalid_code,80.0,5
halide,Naive,atax,slowdown,20.0,5
halide,Naive,atax,speedup_over,0.0,5
halide,Naive,atax,speedup_under,0.0,5
halide,Naive,bicg,invalid_algorithm,40.0,5
halide,Naive,bicg,invalid_code,60.0,5
halide,Naive,bicg,slowdown,0.0,5
halide,Naive,bicg,speedup_over,0.0,5
halide,Naive,bicg,speedup_under,0.0,5
halide,Naive,cholesky,invalid_algorithm,80.0,5
halide,Naive,cholesky,invalid_code,0.0,5
halide,Naive,cholesky,slowdown,0.0,5
halide,Naive,cholesky,speedup_over,0.0,5
halide,Naive,cholesky,speedup_under,20.0,5
halide,Naive,correlation,invalid_algorithm,100.0,5
halide,Naive,correlation,invalid_code,0.0,5
halide,Naive,correlation,slowdown,0.0,5
halide,Naive,correlation,speedup_over,0.0,5
halide,Naive,correlation,speedup_under,0.0,5
halide,Naive,covariance,invalid_algorithm,40.0,5
halide,Naive,covariance,invalid_code,40.0,5
halide,Naive,covariance,slowdown,0.0,5
halide,Naive,covariance,speedup_over,20.0,5
halide,Naive,covariance,speedup_under,0.0,5
halide,Naive,deriche,invalid_algorithm,0.0,5
halide,Naive,deriche,invalid_code,80.0,5
halide,Naive,deriche,slowdown,20.0,5
halide,Naive,deriche,speedup_over,0.0,5
halide,Naive,deriche,speedup_under,0.0,5
halide,Naive,doitgen,invalid_algorithm,80.0,5
halide,Naive,doitgen,invalid_code,20.0,5
halide,Naive,doitgen,slowdown,0.0,5
halide,Naive,doitgen,speedup_over,0.0,5
halide,Naive,doitgen,speedup_under,0.0,5
halide,Naive,durbin,invalid_algorithm,0.0,5
halide,Naive,durbin,invalid_code,100.0,5
halide,Naive,durbin,slowdown,0.0,5
halide,Naive,durbin,speedup_over,0.0,5
halide,Naive,durbin,speedup_under,0.0,5
halide,Naive,fdtd-2d,invalid_algorithm,20.0,5
halide,Naive,fdtd-2d,invalid_code,40.0,5
halide,Naive,fdtd-2d,slowdown,40.0,5
halide,Naive,fdtd-2d,speedup_over,0.0,5
halide,Naive,fdtd-2d,speedup_under,0.0,5
halide,Naive,floyd-warshall,invalid_algorithm,40.0,5
halide,Naive,floyd-warshall,invalid_code,0.0,5
halide,Naive,floyd-warshall,slowdown,60.0,5
halide,Naive,floyd-warshall,speedup_over,0.0,5
halide,Naive,floyd-warshall,speedup_under,0.0,5
halide,Naive,gemm,invalid_algorithm,0.0,5
halide,Naive,gemm,invalid_code,100.0,5
halide,Naive,gemm,slowdown,0.0,5
halide,Naive,gemm,speedup_over,0.0,5
halide,Naive,gemm,speedup_under,0.0,5
halide,Naive,gemver,invalid_algorithm,0.0,5
halide,Naive,gemver,invalid_code,100.0,5
halide,Naive,gemver,slowdown,0.0,5
halide,Naive,gemver,speedup_over,0.0,5
halide,Naive,gemver,speedup_under,0.0,5
halide,Naive,gesummv,invalid_algorithm,0.0,5
halide,Naive,gesummv,invalid_code,60.0,5
halide,Naive,gesummv,slowdown,40.0,5
halide,Naive,gesummv,speedup_over,0.0,5
halide,Naive,gesummv,speedup_under,0.0,5
halide,Naive,gramschmidt,invalid_algorithm,0.0,5
halide,Naive,gramschmidt,invalid_code,100.0,5
halide,Naive,gramschmidt,slowdown,0.0,5
halide,Naive,gramschmidt,speedup_over,0.0,5
halide,Naive,gramschmidt,speedup_under,0.0,5
halide,Naive,heat-3d,invalid_algorithm,0.0,5
halide,Naive,heat-3d,invalid_code,20.0,5
halide,Naive,heat-3d,slowdown,80.0,5
halide,Naive,heat-3d,speedup_over,0.0,5
halide,Naive,heat-3d,speedup_under,0.0,5
halide,Naive,jacobi-1d,invalid_algorithm,80.0,5
halide,Naive,jacobi-1d,invalid_code,20.0,5
halide,Naive,jacobi-1d,slowdown,0.0,5
halide,Naive,jacobi-1d,speedup_over,0.0,5
halide,Naive,jacobi-1d,speedup_under,0.0,5
halide,Naive,jacobi-2d,invalid_algorithm,80.0,5
halide,Naive,jacobi-2d,invalid_code,20.0,5
halide,Naive,jacobi-2d,slowdown,0.0,5
halide,Naive,jacobi-2d,speedup_over,0.0,5
halide,Naive,jacobi-2d,speedup_under,0.0,5
halide,Naive,lu,invalid_algorithm,0.0,5
halide,Naive,lu,invalid_code,100.0,5
halide,Naive,lu,slowdown,0.0,5
halide,Naive,lu,speedup_over,0.0,5
halide,Naive,lu,speedup_under,0.0,5
halide,Naive,ludcmp,invalid_algorithm,0.0,5
halide,Naive,ludcmp,invalid_code,80.0,5
halide,Naive,ludcmp,slowdown,20.0,5
halide,Naive,ludcmp,speedup_over,0.0,5
halide,Naive,ludcmp,speedup_under,0.0,5
halide,Naive,mvt,invalid_algorithm,0.0,5
halide,Naive,mvt,invalid_code,60.0,5
halide,Naive,mvt,slowdown,40.0,5
halide,Naive,mvt,speedup_over,0.0,5
halide,Naive,mvt,speedup_under,0.0,5
halide,Naive,nussinov,invalid_algorithm,0.0,5
halide,Naive,nussinov,invalid_code,100.0,5
halide,Naive,nussinov,slowdown,0.0,5
halide,Naive,nussinov,speedup_over,0.0,5
halide,Naive,nussinov,speedup_under,0.0,5
halide,Naive,seidel-2d,invalid_algorithm,60.0,5
halide,Naive,seidel-2d,invalid_code,40.0,5
halide,Naive,seidel-2d,slowdown,0.0,5
halide,Naive,seidel-2d,speedup_over,0.0,5
halide,Naive,seidel-2d,speedup_under,0.0,5
halide,Naive,symm,invalid_algorithm,20.0,5
halide,Naive,symm,invalid_code,80.0,5
halide,Naive,symm,slowdown,0.0,5
halide,Naive,symm,speedup_over,0.0,5
halide,Naive,symm,speedup_under,0.0,5
halide,Naive,syr2k,invalid_algorithm,40.0,5
halide,Naive,syr2k,invalid_code,60.0,5
halide,Naive,syr2k,slowdown,0.0,5
halide,Naive,syr2k,speedup_over,0.0,5
halide,Naive,syr2k,speedup_under,0.0,5
halide,Naive,syrk,invalid_algorithm,60.0,5
halide,Naive,syrk,invalid_code,40.0,5
halide,Naive,syrk,slowdown,0.0,5
halide,Naive,syrk,speedup_over,0.0,5
halide,Naive,syrk,speedup_under,0.0,5
halide,Naive,trisolv,invalid_algorithm,20.0,5
halide,Naive,trisolv,invalid_code,60.0,5
halide,Naive,trisolv,slowdown,20.0,5
halide,Naive,trisolv,speedup_over,0.0,5
halide,Naive,trisolv,speedup_under,0.0,5
halide,Naive,trmm,invalid_algorithm,0.0,5
halide,Naive,trmm,invalid_code,100.0,5
halide,Naive,trmm,slowdown,0.0,5
halide,Naive,trmm,speedup_over,0.0,5
halide,Naive,trmm,speedup_under,0.0,5
noarr,AllHints,2mm,invalid_algorithm,0.0,5
noarr,AllHints,2mm,invalid_code,0.0,5
noarr,AllHints,2mm,slowdown,0.0,5
noarr,AllHints,2mm,speedup_over,100.0,5
noarr,AllHints,2mm,speedup_under,0.0,5
noarr,AllHints,3mm,invalid_algorithm,0.0,5
noarr,AllHints,3mm,invalid_code,0.0,5
noarr,AllHints,3mm,slowdown,0.0,5
noarr,AllHints,3mm,speedup_over,80.0,5
noarr,AllHints,3mm,speedup_under,20.0,5
noarr,AllHints,adi,invalid_algorithm,0.0,5
noarr,AllHints,adi,invalid_code,0.0,5
noarr,AllHints,adi,slowdown,20.0,5
noarr,AllHints,adi,speedup_over,80.0,5
noarr,AllHints,adi,speedup_under,0.0,5
noarr,AllHints,atax,invalid_algorithm,0.0,5
noarr,AllHints,atax,invalid_code,0.0,5
noarr,AllHints,atax,slowdown,40.0,5
noarr,AllHints,atax,speedup_over,60.0,5
noarr,AllHints,atax,speedup_under,0.0,5
noarr,AllHints,bicg,invalid_algorithm,0.0,5
noarr,AllHints,bicg,invalid_code,0.0,5
noarr,AllHints,bicg,slowdown,20.0,5
noarr,AllHints,bicg,speedup_over,80.0,5
noarr,AllHints,bicg,speedup_under,0.0,5
noarr,AllHints,cholesky,invalid_algorithm,0.0,5
noarr,AllHints,cholesky,invalid_code,100.0,5
noarr,AllHints,cholesky,slowdown,0.0,5
noarr,AllHints,cholesky,speedup_over,0.0,5
noarr,AllHints,cholesky,speedup_under,0.0,5
noarr,AllHints,correlation,invalid_algorithm,0.0,5
noarr,AllHints,correlation,invalid_code,0.0,5
noarr,AllHints,correlation,slowdown,0.0,5
noarr,AllHints,correlation,speedup_over,60.0,5
noarr,AllHints,correlation,speedup_under,40.0,5
noarr,AllHints,covariance,invalid_algorithm,0.0,5
noarr,AllHints,covariance,invalid_code,0.0,5
noarr,AllHints,covariance,slowdown,20.0,5
noarr,AllHints,covariance,speedup_over,80.0,5
noarr,AllHints,covariance,speedup_under,0.0,5
noarr,AllHints,deriche,invalid_algorithm,40.0,5
noarr,AllHints,deriche,invalid_code,0.0,5
noarr,AllHints,deriche,slowdown,0.0,5
noarr,AllHints,deriche,speedup_over,60.0,5
noarr,AllHints,deriche,speedup_under,0.0,5
noarr,AllHints,doitgen,invalid_algorithm,0.0,5
noarr,AllHints,doitgen,invalid_code,0.0,5
noarr,AllHints,doitgen,slowdown,0.0,5
noarr,AllHints,doitgen,speedup_over,100.0,5
noarr,AllHints,doitgen,speedup_under,0.0,5
noarr,AllHints,durbin,invalid_algorithm,0.0,5
noarr,AllHints,durbin,invalid_code,0.0,5
noarr,AllHints,durbin,slowdown,20.0,5
noarr,AllHints,durbin,speedup_over,80.0,5
noarr,AllHints,durbin,speedup_under,0.0,5
noarr,AllHints,fdtd-2d,invalid_algorithm,0.0,5
noarr,AllHints,fdtd-2d,invalid_code,40.0,5
noarr,AllHints,fdtd-2d,slowdown,40.0,5
noarr,AllHints,fdtd-2d,speedup_over,0.0,5
noarr,AllHints,fdtd-2d,speedup_under,20.0,5
noarr,AllHints,floyd-warshall,invalid_algorithm,0.0,5
noarr,AllHints,floyd-warshall,invalid_code,0.0,5
noarr,AllHints,floyd-warshall,slowdown,0.0,5
noarr,AllHints,floyd-warshall,speedup_over,100.0,5
noarr,AllHints,floyd-warshall,speedup_under,0.0,5
noarr,AllHints,gemm,invalid_algorithm,0.0,5
noarr,AllHints,gemm,invalid_code,20.0,5
noarr,AllHints,gemm,slowdown,80.0,5
noarr,AllHints,gemm,speedup_over,0.0,5
noarr,AllHints,gemm,speedup_under,0.0,5
noarr,AllHints,gemver,invalid_algorithm,0.0,5
noarr,AllHints,gemver,invalid_code,0.0,5
noarr,AllHints,gemver,slowdown,60.0,5
noarr,AllHints,gemver,speedup_over,40.0,5
noarr,AllHints,gemver,speedup_under,0.0,5
noarr,AllHints,gesummv,invalid_algorithm,0.0,5
noarr,AllHints,gesummv,invalid_code,0.0,5
noarr,AllHints,gesummv,slowdown,20.0,5
noarr,AllHints,gesummv,speedup_over,80.0,5
noarr,AllHints,gesummv,speedup_under,0.0,5
noarr,AllHints,gramschmidt,invalid_algorithm,100.0,5
noarr,AllHints,gramschmidt,invalid_code,0.0,5
noarr,AllHints,gramschmidt,slowdown,0.0,5
noarr,AllHints,gramschmidt,speedup_over,0.0,5
noarr,AllHints,gramschmidt,speedup_under,0.0,5
noarr,AllHints,heat-3d,invalid_algorithm,0.0,5
noarr,AllHints,heat-3d,invalid_code,20.0,5
noarr,AllHints,heat-3d,slowdown,80.0,5
noarr,AllHints,heat-3d,speedup_over,0.0,5
noarr,AllHints,heat-3d,speedup_under,0.0,5
noarr,AllHints,jacobi-1d,invalid_algorithm,0.0,5
noarr,AllHints,jacobi-1d,invalid_code,0.0,5
noarr,AllHints,jacobi-1d,slowdown,40.0,5
noarr,AllHints,jacobi-1d,speedup_over,60.0,5
noarr,AllHints,jacobi-1d,speedup_under,0.0,5
noarr,AllHints,jacobi-2d,invalid_algorithm,0.0,5
noarr,AllHints,jacobi-2d,invalid_code,0.0,5
noarr,AllHints,jacobi-2d,slowdown,100.0,5
noarr,AllHints,jacobi-2d,speedup_over,0.0,5
noarr,AllHints,jacobi-2d,speedup_under,0.0,5
noarr,AllHints,lu,invalid_algorithm,0.0,5
noarr,AllHints,lu,invalid_code,0.0,5
noarr,AllHints,lu,slowdown,0.0,5
noarr,AllHints,lu,speedup_over,80.0,5
noarr,AllHints,lu,speedup_under,20.0,5
noarr,AllHints,ludcmp,invalid_algorithm,0.0,5
noarr,AllHints,ludcmp,invalid_code,0.0,5
noarr,AllHints,ludcmp,slowdown,20.0,5
noarr,AllHints,ludcmp,speedup_over,0.0,5
noarr,AllHints,ludcmp,speedup_under,80.0,5
noarr,AllHints,mvt,invalid_algorithm,0.0,5
noarr,AllHints,mvt,invalid_code,0.0,5
noarr,AllHints,mvt,slowdown,60.0,5
noarr,AllHints,mvt,speedup_over,40.0,5
noarr,AllHints,mvt,speedup_under,0.0,5
noarr,AllHints,nussinov,invalid_algorithm,0.0,5
noarr,AllHints,nussinov,invalid_code,100.0,5
noarr,AllHints,nussinov,slowdown,0.0,5
noarr,AllHints,nussinov,speedup_over,0.0,5
noarr,AllHints,nussinov,speedup_under,0.0,5
noarr,AllHints,seidel-2d,invalid_algorithm,0.0,5
noarr,AllHints,seidel-2d,invalid_code,0.0,5
noarr,AllHints,seidel-2d,slowdown,0.0,5
noarr,AllHints,seidel-2d,speedup_over,80.0,5
noarr,AllHints,seidel-2d,speedup_under,20.0,5
noarr,AllHints,symm,invalid_algorithm,0.0,5
noarr,AllHints,symm,invalid_code,0.0,5
noarr,AllHints,symm,slowdown,20.0,5
noarr,AllHints,symm,speedup_over,80.0,5
noarr,AllHints,symm,speedup_under,0.0,5
noarr,AllHints,syr2k,invalid_algorithm,0.0,5
noarr,AllHints,syr2k,invalid_code,0.0,5
noarr,AllHints,syr2k,slowdown,40.0,5
noarr,AllHints,syr2k,speedup_over,60.0,5
noarr,AllHints,syr2k,speedup_under,0.0,5
noarr,AllHints,syrk,invalid_algorithm,0.0,5
noarr,AllHints,syrk,invalid_code,0.0,5
noarr,AllHints,syrk,slowdown,40.0,5
noarr,AllHints,syrk,speedup_over,40.0,5
noarr,AllHints,syrk,speedup_under,20.0,5
noarr,AllHints,trisolv,invalid_algorithm,0.0,5
noarr,AllHints,trisolv,invalid_code,0.0,5
noarr,AllHints,trisolv,slowdown,0.0,5
noarr,AllHints,trisolv,speedup_over,80.0,5
noarr,AllHints,trisolv,speedup_under,20.0,5
noarr,AllHints,trmm,invalid_algorithm,0.0,5
noarr,AllHints,trmm,invalid_code,20.0,5
noarr,AllHints,trmm,slowdown,20.0,5
noarr,AllHints,trmm,speedup_over,60.0,5
noarr,AllHints,trmm,speedup_under,0.0,5
noarr,ChooseHints,2mm,invalid_algorithm,0.0,5
noarr,ChooseHints,2mm,invalid_code,0.0,5
noarr,ChooseHints,2mm,slowdown,0.0,5
noarr,ChooseHints,2mm,speedup_over,100.0,5
noarr,ChooseHints,2mm,speedup_under,0.0,5
noarr,ChooseHints,3mm,invalid_algorithm,0.0,5
noarr,ChooseHints,3mm,invalid_code,0.0,5
noarr,ChooseHints,3mm,slowdown,0.0,5
noarr,ChooseHints,3mm,speedup_over,100.0,5
noarr,ChooseHints,3mm,speedup_under,0.0,5
noarr,ChooseHints,adi,invalid_algorithm,0.0,5
noarr,ChooseHints,adi,invalid_code,0.0,5
noarr,ChooseHints,adi,slowdown,0.0,5
noarr,ChooseHints,adi,speedup_over,100.0,5
noarr,ChooseHints,adi,speedup_under,0.0,5
noarr,ChooseHints,atax,invalid_algorithm,0.0,5
noarr,ChooseHints,atax,invalid_code,0.0,5
noarr,ChooseHints,atax,slowdown,20.0,5
noarr,ChooseHints,atax,speedup_over,80.0,5
noarr,ChooseHints,atax,speedup_under,0.0,5
noarr,ChooseHints,bicg,invalid_algorithm,0.0,5
noarr,ChooseHints,bicg,invalid_code,0.0,5
noarr,ChooseHints,bicg,slowdown,0.0,5
noarr,ChooseHints,bicg,speedup_over,100.0,5
noarr,ChooseHints,bicg,speedup_under,0.0,5
noarr,ChooseHints,cholesky,invalid_algorithm,0.0,5
noarr,ChooseHints,cholesky,invalid_code,100.0,5
noarr,ChooseHints,cholesky,slowdown,0.0,5
noarr,ChooseHints,cholesky,speedup_over,0.0,5
noarr,ChooseHints,cholesky,speedup_under,0.0,5
noarr,ChooseHints,correlation,invalid_algorithm,0.0,5
noarr,ChooseHints,correlation,invalid_code,0.0,5
noarr,ChooseHints,correlation,slowdown,20.0,5
noarr,ChooseHints,correlation,speedup_over,60.0,5
noarr,ChooseHints,correlation,speedup_under,20.0,5
noarr,ChooseHints,covariance,invalid_algorithm,0.0,5
noarr,ChooseHints,covariance,invalid_code,0.0,5
noarr,ChooseHints,covariance,slowdown,0.0,5
noarr,ChooseHints,covariance,speedup_over,100.0,5
noarr,ChooseHints,covariance,speedup_under,0.0,5
noarr,ChooseHints,deriche,invalid_algorithm,20.0,5
noarr,ChooseHints,deriche,invalid_code,20.0,5
noarr,ChooseHints,deriche,slowdown,20.0,5
noarr,ChooseHints,deriche,speedup_over,40.0,5
noarr,ChooseHints,deriche,speedup_under,0.0,5
noarr,ChooseHints,doitgen,invalid_algorithm,0.0,5
noarr,ChooseHints,doitgen,invalid_code,0.0,5
noarr,ChooseHints,doitgen,slowdown,0.0,5
noarr,ChooseHints,doitgen,speedup_over,100.0,5
noarr,ChooseHints,doitgen,speedup_under,0.0,5
noarr,ChooseHints,durbin,invalid_algorithm,0.0,5
noarr,ChooseHints,durbin,invalid_code,0.0,5
noarr,ChooseHints,durbin,slowdown,20.0,5
noarr,ChooseHints,durbin,speedup_over,40.0,5
noarr,ChooseHints,durbin,speedup_under,40.0,5
noarr,ChooseHints,fdtd-2d,invalid_algorithm,0.0,5
noarr,ChooseHints,fdtd-2d,invalid_code,40.0,5
noarr,ChooseHints,fdtd-2d,slowdown,60.0,5
noarr,ChooseHints,fdtd-2d,speedup_over,0.0,5
noarr,ChooseHints,fdtd-2d,speedup_under,0.0,5
noarr,ChooseHints,floyd-warshall,invalid_algorithm,0.0,5
noarr,ChooseHints,floyd-warshall,invalid_code,0.0,5
noarr,ChooseHints,floyd-warshall,slowdown,40.0,5
noarr,ChooseHints,floyd-warshall,speedup_over,60.0,5
noarr,ChooseHints,floyd-warshall,speedup_under,0.0,5
noarr,ChooseHints,gemm,invalid_algorithm,0.0,5
noarr,ChooseHints,gemm,invalid_code,0.0,5
noarr,ChooseHints,gemm,slowdown,100.0,5
noarr,ChooseHints,gemm,speedup_over,0.0,5
noarr,ChooseHints,gemm,speedup_under,0.0,5
noarr,ChooseHints,gemver,invalid_algorithm,0.0,5
noarr,ChooseHints,gemver,invalid_code,0.0,5
noarr,ChooseHints,gemver,slowdown,20.0,5
noarr,ChooseHints,gemver,speedup_over,80.0,5
noarr,ChooseHints,gemver,speedup_under,0.0,5
noarr,ChooseHints,gesummv,invalid_algorithm,0.0,5
noarr,ChooseHints,gesummv,invalid_code,0.0,5
noarr,ChooseHints,gesummv,slowdown,60.0,5
noarr,ChooseHints,gesummv,speedup_over,40.0,5
noarr,ChooseHints,gesummv,speedup_under,0.0,5
noarr,ChooseHints,gramschmidt,invalid_algorithm,100.0,5
noarr,ChooseHints,gramschmidt,invalid_code,0.0,5
noarr,ChooseHints,gramschmidt,slowdown,0.0,5
noarr,ChooseHints,gramschmidt,speedup_over,0.0,5
noarr,ChooseHints,gramschmidt,speedup_under,0.0,5
noarr,ChooseHints,heat-3d,invalid_algorithm,0.0,5
noarr,ChooseHints,heat-3d,invalid_code,0.0,5
noarr,ChooseHints,heat-3d,slowdown,0.0,5
noarr,ChooseHints,heat-3d,speedup_over,0.0,5
noarr,ChooseHints,heat-3d,speedup_under,100.0,5
noarr,ChooseHints,jacobi-1d,invalid_algorithm,0.0,5
noarr,ChooseHints,jacobi-1d,invalid_code,0.0,5
noarr,ChooseHints,jacobi-1d,slowdown,100.0,5
noarr,ChooseHints,jacobi-1d,speedup_over,0.0,5
noarr,ChooseHints,jacobi-1d,speedup_under,0.0,5
noarr,ChooseHints,jacobi-2d,invalid_algorithm,0.0,5
noarr,ChooseHints,jacobi-2d,invalid_code,0.0,5
noarr,ChooseHints,jacobi-2d,slowdown,60.0,5
noarr,ChooseHints,jacobi-2d,speedup_over,0.0,5
noarr,ChooseHints,jacobi-2d,speedup_under,40.0,5
noarr,ChooseHints,lu,invalid_algorithm,20.0,5
noarr,ChooseHints,lu,invalid_code,0.0,5
noarr,ChooseHints,lu,slowdown,0.0,5
noarr,ChooseHints,lu,speedup_over,40.0,5
noarr,ChooseHints,lu,speedup_under,40.0,5
noarr,ChooseHints,ludcmp,invalid_algorithm,0.0,5
noarr,ChooseHints,ludcmp,invalid_code,0.0,5
noarr,ChooseHints,ludcmp,slowdown,60.0,5
noarr,ChooseHints,ludcmp,speedup_over,0.0,5
noarr,ChooseHints,ludcmp,speedup_under,40.0,5
noarr,ChooseHints,mvt,invalid_algorithm,0.0,5
noarr,ChooseHints,mvt,invalid_code,0.0,5
noarr,ChooseHints,mvt,slowdown,0.0,5
noarr,ChooseHints,mvt,speedup_over,100.0,5
noarr,ChooseHints,mvt,speedup_under,0.0,5
noarr,ChooseHints,nussinov,invalid_algorithm,0.0,5
noarr,ChooseHints,nussinov,invalid_code,100.0,5
noarr,ChooseHints,nussinov,slowdown,0.0,5
noarr,ChooseHints,nussinov,speedup_over,0.0,5
noarr,ChooseHints,nussinov,speedup_under,0.0,5
noarr,ChooseHints,seidel-2d,invalid_algorithm,0.0,5
noarr,ChooseHints,seidel-2d,invalid_code,0.0,5
noarr,ChooseHints,seidel-2d,slowdown,0.0,5
noarr,ChooseHints,seidel-2d,speedup_over,60.0,5
noarr,ChooseHints,seidel-2d,speedup_under,40.0,5
noarr,ChooseHints,symm,invalid_algorithm,20.0,5
noarr,ChooseHints,symm,invalid_code,0.0,5
noarr,ChooseHints,symm,slowdown,0.0,5
noarr,ChooseHints,symm,speedup_over,80.0,5
noarr,ChooseHints,symm,speedup_under,0.0,5
noarr,ChooseHints,syr2k,invalid_algorithm,0.0,5
noarr,ChooseHints,syr2k,invalid_code,0.0,5
noarr,ChooseHints,syr2k,slowdown,20.0,5
noarr,ChooseHints,syr2k,speedup_over,80.0,5
noarr,ChooseHints,syr2k,speedup_under,0.0,5
noarr,ChooseHints,syrk,invalid_algorithm,20.0,5
noarr,ChooseHints,syrk,invalid_code,0.0,5
noarr,ChooseHints,syrk,slowdown,20.0,5
noarr,ChooseHints,syrk,speedup_over,0.0,5
noarr,ChooseHints,syrk,speedup_under,60.0,5
noarr,ChooseHints,trisolv,invalid_algorithm,0.0,5
noarr,ChooseHints,trisolv,invalid_code,0.0,5
noarr,ChooseHints,trisolv,slowdown,0.0,5
noarr,ChooseHints,trisolv,speedup_over,100.0,5
noarr,ChooseHints,trisolv,speedup_under,0.0,5
noarr,ChooseHints,trmm,invalid_algorithm,0.0,5
noarr,ChooseHints,trmm,invalid_code,0.0,5
noarr,ChooseHints,trmm,slowdown,0.0,5
noarr,ChooseHints,trmm,speedup_over,100.0,5
noarr,ChooseHints,trmm,speedup_under,0.0,5
noarr,FromPlan,2mm,invalid_algorithm,0.0,5
noarr,FromPlan,2mm,invalid_code,0.0,5
noarr,FromPlan,2mm,slowdown,40.0,5
noarr,FromPlan,2mm,speedup_over,20.0,5
noarr,FromPlan,2mm,speedup_under,40.0,5
noarr,FromPlan,3mm,invalid_algorithm,0.0,5
noarr,FromPlan,3mm,invalid_code,0.0,5
noarr,FromPlan,3mm,slowdown,20.0,5
noarr,FromPlan,3mm,speedup_over,80.0,5
noarr,FromPlan,3mm,speedup_under,0.0,5
noarr,FromPlan,adi,invalid_algorithm,0.0,5
noarr,FromPlan,adi,invalid_code,0.0,5
noarr,FromPlan,adi,slowdown,20.0,5
noarr,FromPlan,adi,speedup_over,60.0,5
noarr,FromPlan,adi,speedup_under,20.0,5
noarr,FromPlan,atax,invalid_algorithm,0.0,5
noarr,FromPlan,atax,invalid_code,60.0,5
noarr,FromPlan,atax,slowdown,40.0,5
noarr,FromPlan,atax,speedup_over,0.0,5
noarr,FromPlan,atax,speedup_under,0.0,5
noarr,FromPlan,bicg,invalid_algorithm,0.0,5
noarr,FromPlan,bicg,invalid_code,60.0,5
noarr,FromPlan,bicg,slowdown,0.0,5
noarr,FromPlan,bicg,speedup_over,40.0,5
noarr,FromPlan,bicg,speedup_under,0.0,5
noarr,FromPlan,cholesky,invalid_algorithm,0.0,5
noarr,FromPlan,cholesky,invalid_code,100.0,5
noarr,FromPlan,cholesky,slowdown,0.0,5
noarr,FromPlan,cholesky,speedup_over,0.0,5
noarr,FromPlan,cholesky,speedup_under,0.0,5
noarr,FromPlan,correlation,invalid_algorithm,0.0,5
noarr,FromPlan,correlation,invalid_code,0.0,5
noarr,FromPlan,correlation,slowdown,0.0,5
noarr,FromPlan,correlation,speedup_over,100.0,5
noarr,FromPlan,correlation,speedup_under,0.0,5
noarr,FromPlan,covariance,invalid_algorithm,0.0,5
noarr,FromPlan,covariance,invalid_code,20.0,5
noarr,FromPlan,covariance,slowdown,20.0,5
noarr,FromPlan,covariance,speedup_over,60.0,5
noarr,FromPlan,covariance,speedup_under,0.0,5
noarr,FromPlan,deriche,invalid_algorithm,0.0,5
noarr,FromPlan,deriche,invalid_code,0.0,5
noarr,FromPlan,deriche,slowdown,20.0,5
noarr,FromPlan,deriche,speedup_over,80.0,5
noarr,FromPlan,deriche,speedup_under,0.0,5
noarr,FromPlan,doitgen,invalid_algorithm,0.0,5
noarr,FromPlan,doitgen,invalid_code,0.0,5
noarr,FromPlan,doitgen,slowdown,0.0,5
noarr,FromPlan,doitgen,speedup_over,100.0,5
noarr,FromPlan,doitgen,speedup_under,0.0,5
noarr,FromPlan,durbin,invalid_algorithm,0.0,5
noarr,FromPlan,durbin,invalid_code,0.0,5
noarr,FromPlan,durbin,slowdown,0.0,5
noarr,FromPlan,durbin,speedup_over,100.0,5
noarr,FromPlan,durbin,speedup_under,0.0,5
noarr,FromPlan,fdtd-2d,invalid_algorithm,0.0,5
noarr,FromPlan,fdtd-2d,invalid_code,40.0,5
noarr,FromPlan,fdtd-2d,slowdown,40.0,5
noarr,FromPlan,fdtd-2d,speedup_over,0.0,5
noarr,FromPlan,fdtd-2d,speedup_under,20.0,5
noarr,FromPlan,floyd-warshall,invalid_algorithm,20.0,5
noarr,FromPlan,floyd-warshall,invalid_code,0.0,5
noarr,FromPlan,floyd-warshall,slowdown,0.0,5
noarr,FromPlan,floyd-warshall,speedup_over,60.0,5
noarr,FromPlan,floyd-warshall,speedup_under,20.0,5
noarr,FromPlan,gemm,invalid_algorithm,0.0,5
noarr,FromPlan,gemm,invalid_code,0.0,5
noarr,FromPlan,gemm,slowdown,100.0,5
noarr,FromPlan,gemm,speedup_over,0.0,5
noarr,FromPlan,gemm,speedup_under,0.0,5
noarr,FromPlan,gemver,invalid_algorithm,0.0,5
noarr,FromPlan,gemver,invalid_code,20.0,5
noarr,FromPlan,gemver,slowdown,0.0,5
noarr,FromPlan,gemver,speedup_over,60.0,5
noarr,FromPlan,gemver,speedup_under,20.0,5
noarr,FromPlan,gesummv,invalid_algorithm,0.0,5
noarr,FromPlan,gesummv,invalid_code,40.0,5
noarr,FromPlan,gesummv,slowdown,0.0,5
noarr,FromPlan,gesummv,speedup_over,40.0,5
noarr,FromPlan,gesummv,speedup_under,20.0,5
noarr,FromPlan,gramschmidt,invalid_algorithm,100.0,5
noarr,FromPlan,gramschmidt,invalid_code,0.0,5
noarr,FromPlan,gramschmidt,slowdown,0.0,5
noarr,FromPlan,gramschmidt,speedup_over,0.0,5
noarr,FromPlan,gramschmidt,speedup_under,0.0,5
noarr,FromPlan,heat-3d,invalid_algorithm,0.0,5
noarr,FromPlan,heat-3d,invalid_code,0.0,5
noarr,FromPlan,heat-3d,slowdown,80.0,5
noarr,FromPlan,heat-3d,speedup_over,0.0,5
noarr,FromPlan,heat-3d,speedup_under,20.0,5
noarr,FromPlan,jacobi-1d,invalid_algorithm,0.0,5
noarr,FromPlan,jacobi-1d,invalid_code,0.0,5
noarr,FromPlan,jacobi-1d,slowdown,80.0,5
noarr,FromPlan,jacobi-1d,speedup_over,20.0,5
noarr,FromPlan,jacobi-1d,speedup_under,0.0,5
noarr,FromPlan,jacobi-2d,invalid_algorithm,0.0,5
noarr,FromPlan,jacobi-2d,invalid_code,0.0,5
noarr,FromPlan,jacobi-2d,slowdown,100.0,5
noarr,FromPlan,jacobi-2d,speedup_over,0.0,5
noarr,FromPlan,jacobi-2d,speedup_under,0.0,5
noarr,FromPlan,lu,invalid_algorithm,0.0,5
noarr,FromPlan,lu,invalid_code,0.0,5
noarr,FromPlan,lu,slowdown,0.0,5
noarr,FromPlan,lu,speedup_over,100.0,5
noarr,FromPlan,lu,speedup_under,0.0,5
noarr,FromPlan,ludcmp,invalid_algorithm,0.0,5
noarr,FromPlan,ludcmp,invalid_code,20.0,5
noarr,FromPlan,ludcmp,slowdown,0.0,5
noarr,FromPlan,ludcmp,speedup_over,0.0,5
noarr,FromPlan,ludcmp,speedup_under,80.0,5
noarr,FromPlan,mvt,invalid_algorithm,0.0,5
noarr,FromPlan,mvt,invalid_code,0.0,5
noarr,FromPlan,mvt,slowdown,0.0,5
noarr,FromPlan,mvt,speedup_over,100.0,5
noarr,FromPlan,mvt,speedup_under,0.0,5
noarr,FromPlan,nussinov,invalid_algorithm,0.0,5
noarr,FromPlan,nussinov,invalid_code,100.0,5
noarr,FromPlan,nussinov,slowdown,0.0,5
noarr,FromPlan,nussinov,speedup_over,0.0,5
noarr,FromPlan,nussinov,speedup_under,0.0,5
noarr,FromPlan,seidel-2d,invalid_algorithm,20.0,5
noarr,FromPlan,seidel-2d,invalid_code,0.0,5
noarr,FromPlan,seidel-2d,slowdown,0.0,5
noarr,FromPlan,seidel-2d,speedup_over,80.0,5
noarr,FromPlan,seidel-2d,speedup_under,0.0,5
noarr,FromPlan,symm,invalid_algorithm,0.0,5
noarr,FromPlan,symm,invalid_code,0.0,5
noarr,FromPlan,symm,slowdown,0.0,5
noarr,FromPlan,symm,speedup_over,100.0,5
noarr,FromPlan,symm,speedup_under,0.0,5
noarr,FromPlan,syr2k,invalid_algorithm,0.0,5
noarr,FromPlan,syr2k,invalid_code,20.0,5
noarr,FromPlan,syr2k,slowdown,40.0,5
noarr,FromPlan,syr2k,speedup_over,40.0,5
noarr,FromPlan,syr2k,speedup_under,0.0,5
noarr,FromPlan,syrk,invalid_algorithm,0.0,5
noarr,FromPlan,syrk,invalid_code,20.0,5
noarr,FromPlan,syrk,slowdown,80.0,5
noarr,FromPlan,syrk,speedup_over,0.0,5
noarr,FromPlan,syrk,speedup_under,0.0,5
noarr,FromPlan,trisolv,invalid_algorithm,0.0,5
noarr,FromPlan,trisolv,invalid_code,0.0,5
noarr,FromPlan,trisolv,slowdown,0.0,5
noarr,FromPlan,trisolv,speedup_over,100.0,5
noarr,FromPlan,trisolv,speedup_under,0.0,5
noarr,FromPlan,trmm,invalid_algorithm,0.0,5
noarr,FromPlan,trmm,invalid_code,20.0,5
noarr,FromPlan,trmm,slowdown,0.0,5
noarr,FromPlan,trmm,speedup_over,80.0,5
noarr,FromPlan,trmm,speedup_under,0.0,5
noarr,Naive,2mm,invalid_algorithm,0.0,5
noarr,Naive,2mm,invalid_code,0.0,5
noarr,Naive,2mm,slowdown,0.0,5
noarr,Naive,2mm,speedup_over,100.0,5
noarr,Naive,2mm,speedup_under,0.0,5
noarr,Naive,3mm,invalid_algorithm,0.0,5
noarr,Naive,3mm,invalid_code,0.0,5
noarr,Naive,3mm,slowdown,0.0,5
noarr,Naive,3mm,speedup_over,100.0,5
noarr,Naive,3mm,speedup_under,0.0,5
noarr,Naive,adi,invalid_algorithm,40.0,5
noarr,Naive,adi,invalid_code,0.0,5
noarr,Naive,adi,slowdown,60.0,5
noarr,Naive,adi,speedup_over,0.0,5
noarr,Naive,adi,speedup_under,0.0,5
noarr,Naive,atax,invalid_algorithm,0.0,5
noarr,Naive,atax,invalid_code,0.0,5
noarr,Naive,atax,slowdown,0.0,5
noarr,Naive,atax,speedup_over,100.0,5
noarr,Naive,atax,speedup_under,0.0,5
noarr,Naive,bicg,invalid_algorithm,0.0,5
noarr,Naive,bicg,invalid_code,0.0,5
noarr,Naive,bicg,slowdown,0.0,5
noarr,Naive,bicg,speedup_over,100.0,5
noarr,Naive,bicg,speedup_under,0.0,5
noarr,Naive,cholesky,invalid_algorithm,0.0,5
noarr,Naive,cholesky,invalid_code,100.0,5
noarr,Naive,cholesky,slowdown,0.0,5
noarr,Naive,cholesky,speedup_over,0.0,5
noarr,Naive,cholesky,speedup_under,0.0,5
noarr,Naive,correlation,invalid_algorithm,0.0,5
noarr,Naive,correlation,invalid_code,0.0,5
noarr,Naive,correlation,slowdown,0.0,5
noarr,Naive,correlation,speedup_over,100.0,5
noarr,Naive,correlation,speedup_under,0.0,5
noarr,Naive,covariance,invalid_algorithm,0.0,5
noarr,Naive,covariance,invalid_code,0.0,5
noarr,Naive,covariance,slowdown,0.0,5
noarr,Naive,covariance,speedup_over,100.0,5
noarr,Naive,covariance,speedup_under,0.0,5
noarr,Naive,deriche,invalid_algorithm,0.0,5
noarr,Naive,deriche,invalid_code,20.0,5
noarr,Naive,deriche,slowdown,0.0,5
noarr,Naive,deriche,speedup_over,60.0,5
noarr,Naive,deriche,speedup_under,20.0,5
noarr,Naive,doitgen,invalid_algorithm,0.0,5
noarr,Naive,doitgen,invalid_code,0.0,5
noarr,Naive,doitgen,slowdown,0.0,5
noarr,Naive,doitgen,speedup_over,100.0,5
noarr,Naive,doitgen,speedup_under,0.0,5
noarr,Naive,durbin,invalid_algorithm,0.0,5
noarr,Naive,durbin,invalid_code,0.0,5
noarr,Naive,durbin,slowdown,20.0,5
noarr,Naive,durbin,speedup_over,80.0,5
noarr,Naive,durbin,speedup_under,0.0,5
noarr,Naive,fdtd-2d,invalid_algorithm,0.0,5
noarr,Naive,fdtd-2d,invalid_code,20.0,5
noarr,Naive,fdtd-2d,slowdown,40.0,5
noarr,Naive,fdtd-2d,speedup_over,0.0,5
noarr,Naive,fdtd-2d,speedup_under,40.0,5
noarr,Naive,floyd-warshall,invalid_algorithm,0.0,5
noarr,Naive,floyd-warshall,invalid_code,0.0,5
noarr,Naive,floyd-warshall,slowdown,20.0,5
noarr,Naive,floyd-warshall,speedup_over,80.0,5
noarr,Naive,floyd-warshall,speedup_under,0.0,5
noarr,Naive,gemm,invalid_algorithm,0.0,5
noarr,Naive,gemm,invalid_code,0.0,5
noarr,Naive,gemm,slowdown,100.0,5
noarr,Naive,gemm,speedup_over,0.0,5
noarr,Naive,gemm,speedup_under,0.0,5
noarr,Naive,gemver,invalid_algorithm,0.0,5
noarr,Naive,gemver,invalid_code,0.0,5
noarr,Naive,gemver,slowdown,0.0,5
noarr,Naive,gemver,speedup_over,100.0,5
noarr,Naive,gemver,speedup_under,0.0,5
noarr,Naive,gesummv,invalid_algorithm,0.0,5
noarr,Naive,gesummv,invalid_code,0.0,5
noarr,Naive,gesummv,slowdown,0.0,5
noarr,Naive,gesummv,speedup_over,100.0,5
noarr,Naive,gesummv,speedup_under,0.0,5
noarr,Naive,gramschmidt,invalid_algorithm,100.0,5
noarr,Naive,gramschmidt,invalid_code,0.0,5
noarr,Naive,gramschmidt,slowdown,0.0,5
noarr,Naive,gramschmidt,speedup_over,0.0,5
noarr,Naive,gramschmidt,speedup_under,0.0,5
noarr,Naive,heat-3d,invalid_algorithm,0.0,5
noarr,Naive,heat-3d,invalid_code,20.0,5
noarr,Naive,heat-3d,slowdown,40.0,5
noarr,Naive,heat-3d,speedup_over,0.0,5
noarr,Naive,heat-3d,speedup_under,40.0,5
noarr,Naive,jacobi-1d,invalid_algorithm,0.0,5
noarr,Naive,jacobi-1d,invalid_code,20.0,5
noarr,Naive,jacobi-1d,slowdown,80.0,5
noarr,Naive,jacobi-1d,speedup_over,0.0,5
noarr,Naive,jacobi-1d,speedup_under,0.0,5
noarr,Naive,jacobi-2d,invalid_algorithm,0.0,5
noarr,Naive,jacobi-2d,invalid_code,20.0,5
noarr,Naive,jacobi-2d,slowdown,80.0,5
noarr,Naive,jacobi-2d,speedup_over,0.0,5
noarr,Naive,jacobi-2d,speedup_under,0.0,5
noarr,Naive,lu,invalid_algorithm,0.0,5
noarr,Naive,lu,invalid_code,20.0,5
noarr,Naive,lu,slowdown,0.0,5
noarr,Naive,lu,speedup_over,20.0,5
noarr,Naive,lu,speedup_under,60.0,5
noarr,Naive,ludcmp,invalid_algorithm,0.0,5
noarr,Naive,ludcmp,invalid_code,0.0,5
noarr,Naive,ludcmp,slowdown,20.0,5
noarr,Naive,ludcmp,speedup_over,0.0,5
noarr,Naive,ludcmp,speedup_under,80.0,5
noarr,Naive,mvt,invalid_algorithm,0.0,5
noarr,Naive,mvt,invalid_code,0.0,5
noarr,Naive,mvt,slowdown,0.0,5
noarr,Naive,mvt,speedup_over,100.0,5
noarr,Naive,mvt,speedup_under,0.0,5
noarr,Naive,nussinov,invalid_algorithm,0.0,5
noarr,Naive,nussinov,invalid_code,100.0,5
noarr,Naive,nussinov,slowdown,0.0,5
noarr,Naive,nussinov,speedup_over,0.0,5
noarr,Naive,nussinov,speedup_under,0.0,5
noarr,Naive,seidel-2d,invalid_algorithm,0.0,5
noarr,Naive,seidel-2d,invalid_code,0.0,5
noarr,Naive,seidel-2d,slowdown,0.0,5
noarr,Naive,seidel-2d,speedup_over,60.0,5
noarr,Naive,seidel-2d,speedup_under,40.0,5
noarr,Naive,symm,invalid_algorithm,20.0,5
noarr,Naive,symm,invalid_code,0.0,5
noarr,Naive,symm,slowdown,0.0,5
noarr,Naive,symm,speedup_over,80.0,5
noarr,Naive,symm,speedup_under,0.0,5
noarr,Naive,syr2k,invalid_algorithm,0.0,5
noarr,Naive,syr2k,invalid_code,0.0,5
noarr,Naive,syr2k,slowdown,80.0,5
noarr,Naive,syr2k,speedup_over,20.0,5
noarr,Naive,syr2k,speedup_under,0.0,5
noarr,Naive,syrk,invalid_algorithm,0.0,5
noarr,Naive,syrk,invalid_code,0.0,5
noarr,Naive,syrk,slowdown,40.0,5
noarr,Naive,syrk,speedup_over,20.0,5
noarr,Naive,syrk,speedup_under,40.0,5
noarr,Naive,trisolv,invalid_algorithm,0.0,5
noarr,Naive,trisolv,invalid_code,0.0,5
noarr,Naive,trisolv,slowdown,0.0,5
noarr,Naive,trisolv,speedup_over,100.0,5
noarr,Naive,trisolv,speedup_under,0.0,5
noarr,Naive,trmm,invalid_algorithm,0.0,5
noarr,Naive,trmm,invalid_code,0.0,5
noarr,Naive,trmm,slowdown,0.0,5
noarr,Naive,trmm,speedup_over,100.0,5
noarr,Naive,trmm,speedup_under,0.0,5
